/*******************************************************************************
 * Size: 48 px
 * Bpp: 4
 * Opts: --font D:/Code/ptouch-ng/.sisyphus/fonts/Inter-SemiBold.ttf --size 48 --bpp 4 --format lvgl --range 0x20-0xFF --no-compress -o D:/Code/ptouch-ng/main/fonts/inter_semibold_48.c
 ******************************************************************************/

#ifdef LV_LVGL_H_INCLUDE_SIMPLE
#include "lvgl.h"
#else
#include "lvgl.h"
#endif

#ifndef INTER_SEMIBOLD_48
#define INTER_SEMIBOLD_48 1
#endif

#if INTER_SEMIBOLD_48

/*-----------------
 *    BITMAPS
 *----------------*/

/*Store the image of the glyphs*/
static LV_ATTRIBUTE_LARGE_CONST const uint8_t glyph_bitmap[] = {
    /* U+0020 " " */

    /* U+0021 "!" */
    0x9, 0xff, 0xff, 0xff, 0x0, 0x9f, 0xff, 0xff,
    0xf0, 0x9, 0xff, 0xff, 0xff, 0x0, 0x8f, 0xff,
    0xff, 0xf0, 0x8, 0xff, 0xff, 0xfe, 0x0, 0x8f,
    0xff, 0xff, 0xe0, 0x7, 0xff, 0xff, 0xfe, 0x0,
    0x7f, 0xff, 0xff, 0xe0, 0x7, 0xff, 0xff, 0xfd,
    0x0, 0x7f, 0xff, 0xff, 0xd0, 0x6, 0xff, 0xff,
    0xfd, 0x0, 0x6f, 0xff, 0xff, 0xc0, 0x6, 0xff,
    0xff, 0xfc, 0x0, 0x6f, 0xff, 0xff, 0xc0, 0x5,
    0xff, 0xff, 0xfc, 0x0, 0x5f, 0xff, 0xff, 0xb0,
    0x5, 0xff, 0xff, 0xfb, 0x0, 0x4f, 0xff, 0xff,
    0xb0, 0x4, 0xff, 0xff, 0xfa, 0x0, 0x4f, 0xff,
    0xff, 0xa0, 0x4, 0xff, 0xff, 0xfa, 0x0, 0x3f,
    0xff, 0xff, 0xa0, 0x3, 0xff, 0xff, 0xf9, 0x0,
    0x3f, 0xff, 0xff, 0x90, 0x0, 0x33, 0x33, 0x32,
    0x0, 0x0, 0x0, 0x0, 0x0, 0x0, 0x0, 0x0,
    0x0, 0x0, 0x0, 0x0, 0x0, 0x0, 0x0, 0x5,
    0x76, 0x20, 0x0, 0x1d, 0xff, 0xff, 0x60, 0xb,
    0xff, 0xff, 0xff, 0x20, 0xff, 0xff, 0xff, 0xf7,
    0x1f, 0xff, 0xff, 0xff, 0x80, 0xef, 0xff, 0xff,
    0xf5, 0x6, 0xff, 0xff, 0xfc, 0x0, 0x5, 0xdf,
    0xe9, 0x0,

    /* U+0022 "\"" */
    0x2f, 0xff, 0xff, 0xc0, 0x0, 0xbf, 0xff, 0xff,
    0x41, 0xff, 0xff, 0xfc, 0x0, 0xa, 0xff, 0xff,
    0xf3, 0x1f, 0xff, 0xff, 0xb0, 0x0, 0x9f, 0xff,
    0xff, 0x20, 0xff, 0xff, 0xfa, 0x0, 0x9, 0xff,
    0xff, 0xf2, 0xf, 0xff, 0xff, 0xa0, 0x0, 0x8f,
    0xff, 0xff, 0x10, 0xff, 0xff, 0xf9, 0x0, 0x7,
    0xff, 0xff, 0xf0, 0xe, 0xff, 0xff, 0x80, 0x0,
    0x7f, 0xff, 0xff, 0x0, 0xdf, 0xff, 0xf8, 0x0,
    0x6, 0xff, 0xff, 0xf0, 0xd, 0xff, 0xff, 0x70,
    0x0, 0x5f, 0xff, 0xfe, 0x0, 0xcf, 0xff, 0xf6,
    0x0, 0x4, 0xff, 0xff, 0xe0, 0xb, 0xff, 0xff,
    0x50, 0x0, 0x4f, 0xff, 0xfd, 0x0, 0xbf, 0xff,
    0xf5, 0x0, 0x3, 0xff, 0xff, 0xc0, 0xa, 0xff,
    0xff, 0x40, 0x0, 0x2f, 0xff, 0xfc, 0x0, 0x9f,
    0xff, 0xf3, 0x0, 0x2, 0xff, 0xff, 0xb0, 0x3,
    0x66, 0x66, 0x10, 0x0, 0x6, 0x66, 0x64, 0x0,

    /* U+0023 "#" */
    0x0, 0x0, 0x0, 0x0, 0x4, 0xff, 0xff, 0x70,
    0x0, 0x0, 0x0, 0xff, 0xff, 0xb0, 0x0, 0x0,
    0x0, 0x0, 0x0, 0x0, 0x7f, 0xff, 0xf4, 0x0,
    0x0, 0x0, 0x2f, 0xff, 0xf9, 0x0, 0x0, 0x0,
    0x0, 0x0, 0x0, 0x9, 0xff, 0xff, 0x10, 0x0,
    0x0, 0x5, 0xff, 0xff, 0x60, 0x0, 0x0, 0x0,
    0x0, 0x0, 0x0, 0xcf, 0xff, 0xf0, 0x0, 0x0,
    0x0, 0x7f, 0xff, 0xf3, 0x0, 0x0, 0x0, 0x0,
    0x0, 0x0, 0xf, 0xff, 0xfc, 0x0, 0x0, 0x0,
    0xa, 0xff, 0xff, 0x10, 0x0, 0x0, 0x0, 0x0,
    0x0, 0x1, 0xff, 0xff, 0xa0, 0x0, 0x0, 0x0,
    0xdf, 0xff, 0xe0, 0x0, 0x0, 0x0, 0x0, 0x0,
    0x0, 0x4f, 0xff, 0xf7, 0x0, 0x0, 0x0, 0xf,
    0xff, 0xfc, 0x0, 0x0, 0x0, 0x0, 0x0, 0x0,
    0x6, 0xff, 0xff, 0x40, 0x0, 0x0, 0x2, 0xff,
    0xff, 0x90, 0x0, 0x0, 0x0, 0x0, 0x0, 0x0,
    0x9f, 0xff, 0xf2, 0x0, 0x0, 0x0, 0x4f, 0xff,
    0xf6, 0x0, 0x0, 0x0, 0x0, 0xaf, 0xff, 0xff,
    0xff, 0xff, 0xff, 0xff, 0xff, 0xff, 0xff, 0xff,
    0xff, 0xff, 0xf2, 0x0, 0xc, 0xff, 0xff, 0xff,
    0xff, 0xff, 0xff, 0xff, 0xff, 0xff, 0xff, 0xff,
    0xff, 0xff, 0x0, 0x0, 0xff, 0xff, 0xff, 0xff,
    0xff, 0xff, 0xff, 0xff, 0xff, 0xff, 0xff, 0xff,
    0xff, 0xd0, 0x0, 0x2f, 0xff, 0xff, 0xff, 0xff,
    0xff, 0xff, 0xff, 0xff, 0xff, 0xff, 0xff, 0xff,
    0xfb, 0x0, 0x3, 0xdd, 0xdd, 0xef, 0xff, 0xfe,
    0xdd, 0xdd, 0xdd, 0xdf, 0xff, 0xfe, 0xdd, 0xdd,
    0x70, 0x0, 0x0, 0x0, 0x8, 0xff, 0xff, 0x20,
    0x0, 0x0, 0x4, 0xff, 0xff, 0x70, 0x0, 0x0,
    0x0, 0x0, 0x0, 0x0, 0xbf, 0xff, 0xf0, 0x0,
    0x0, 0x0, 0x6f, 0xff, 0xf4, 0x0, 0x0, 0x0,
    0x0, 0x0, 0x0, 0xd, 0xff, 0xfe, 0x0, 0x0,
    0x0, 0x9, 0xff, 0xff, 0x20, 0x0, 0x0, 0x0,
    0x0, 0x0, 0x0, 0xff, 0xff, 0xb0, 0x0, 0x0,
    0x0, 0xbf, 0xff, 0xf0, 0x0, 0x0, 0x0, 0x0,
    0x0, 0x0, 0x2f, 0xff, 0xf9, 0x0, 0x0, 0x0,
    0xe, 0xff, 0xfd, 0x0, 0x0, 0x0, 0x0, 0x0,
    0x0, 0x4, 0xff, 0xff, 0x60, 0x0, 0x0, 0x0,
    0xff, 0xff, 0xb0, 0x0, 0x0, 0x0, 0x0, 0x0,
    0x0, 0x7f, 0xff, 0xf4, 0x0, 0x0, 0x0, 0x2f,
    0xff, 0xf9, 0x0, 0x0, 0x0, 0x0, 0x0, 0x0,
    0x9, 0xff, 0xff, 0x20, 0x0, 0x0, 0x5, 0xff,
    0xff, 0x60, 0x0, 0x0, 0x0, 0xa, 0xff, 0xff,
    0xff, 0xff, 0xff, 0xff, 0xff, 0xff, 0xff, 0xff,
    0xff, 0xff, 0xff, 0x20, 0x0, 0xdf, 0xff, 0xff,
    0xff, 0xff, 0xff, 0xff, 0xff, 0xff, 0xff, 0xff,
    0xff, 0xff, 0xf0, 0x0, 0xf, 0xff, 0xff, 0xff,
    0xff, 0xff, 0xff, 0xff, 0xff, 0xff, 0xff, 0xff,
    0xff, 0xfd, 0x0, 0x2, 0xff, 0xff, 0xff, 0xff,
    0xff, 0xff, 0xff, 0xff, 0xff, 0xff, 0xff, 0xff,
    0xff, 0xa0, 0x0, 0x4d, 0xdd, 0xde, 0xff, 0xff,
    0xdd, 0xdd, 0xdd, 0xdd, 0xff, 0xff, 0xed, 0xdd,
    0xd6, 0x0, 0x0, 0x0, 0x0, 0x8f, 0xff, 0xf2,
    0x0, 0x0, 0x0, 0x4f, 0xff, 0xf7, 0x0, 0x0,
    0x0, 0x0, 0x0, 0x0, 0xb, 0xff, 0xff, 0x0,
    0x0, 0x0, 0x7, 0xff, 0xff, 0x40, 0x0, 0x0,
    0x0, 0x0, 0x0, 0x0, 0xdf, 0xff, 0xd0, 0x0,
    0x0, 0x0, 0x9f, 0xff, 0xf2, 0x0, 0x0, 0x0,
    0x0, 0x0, 0x0, 0xf, 0xff, 0xfb, 0x0, 0x0,
    0x0, 0xc, 0xff, 0xff, 0x0, 0x0, 0x0, 0x0,
    0x0, 0x0, 0x3, 0xff, 0xff, 0x80, 0x0, 0x0,
    0x0, 0xef, 0xff, 0xc0, 0x0, 0x0, 0x0, 0x0,
    0x0, 0x0, 0x5f, 0xff, 0xf6, 0x0, 0x0, 0x0,
    0x1f, 0xff, 0xfa, 0x0, 0x0, 0x0, 0x0, 0x0,
    0x0, 0x8, 0xff, 0xff, 0x30, 0x0, 0x0, 0x4,
    0xff, 0xff, 0x70, 0x0, 0x0, 0x0, 0x0, 0x0,
    0x0, 0xaf, 0xff, 0xf0, 0x0, 0x0, 0x0, 0x6f,
    0xff, 0xf5, 0x0, 0x0, 0x0, 0x0, 0x0, 0x0,
    0xd, 0xff, 0xfe, 0x0, 0x0, 0x0, 0x9, 0xff,
    0xff, 0x20, 0x0, 0x0, 0x0, 0x0,

    /* U+0024 "$" */
    0x0, 0x0, 0x0, 0x0, 0x0, 0x0, 0xaf, 0xf2,
    0x0, 0x0, 0x0, 0x0, 0x0, 0x0, 0x0, 0x0,
    0x0, 0x0, 0x0, 0xa, 0xff, 0x20, 0x0, 0x0,
    0x0, 0x0, 0x0, 0x0, 0x0, 0x0, 0x0, 0x0,
    0x0, 0xaf, 0xf2, 0x0, 0x0, 0x0, 0x0, 0x0,
    0x0, 0x0, 0x0, 0x0, 0x0, 0x0, 0xa, 0xff,
    0x20, 0x0, 0x0, 0x0, 0x0, 0x0, 0x0, 0x0,
    0x0, 0x0, 0x0, 0x0, 0xaf, 0xf2, 0x0, 0x0,
    0x0, 0x0, 0x0, 0x0, 0x0, 0x0, 0x0, 0x4,
    0x9d, 0xff, 0xff, 0xfe, 0xc9, 0x40, 0x0, 0x0,
    0x0, 0x0, 0x0, 0x0, 0x6e, 0xff, 0xff, 0xff,
    0xff, 0xff, 0xff, 0xd5, 0x0, 0x0, 0x0, 0x0,
    0x1, 0xcf, 0xff, 0xff, 0xff, 0xff, 0xff, 0xff,
    0xff, 0xfb, 0x0, 0x0, 0x0, 0x2, 0xef, 0xff,
    0xff, 0xff, 0xff, 0xff, 0xff, 0xff, 0xff, 0xfc,
    0x0, 0x0, 0x0, 0xdf, 0xff, 0xff, 0xff, 0xff,
    0xff, 0xff, 0xff, 0xff, 0xff, 0xfa, 0x0, 0x0,
    0x9f, 0xff, 0xff, 0xff, 0xd8, 0xcf, 0xf7, 0x9e,
    0xff, 0xff, 0xff, 0xf4, 0x0, 0x1f, 0xff, 0xff,
    0xff, 0x60, 0xa, 0xff, 0x20, 0x9, 0xff, 0xff,
    0xff, 0xc0, 0x6, 0xff, 0xff, 0xff, 0x40, 0x0,
    0xaf, 0xf2, 0x0, 0x8, 0xff, 0xff, 0xff, 0x20,
    0xaf, 0xff, 0xff, 0xc0, 0x0, 0xa, 0xff, 0x20,
    0x0, 0xe, 0xff, 0xff, 0xf5, 0xc, 0xff, 0xff,
    0xf8, 0x0, 0x0, 0xaf, 0xf2, 0x0, 0x0, 0xaf,
    0xff, 0xff, 0x70, 0xcf, 0xff, 0xff, 0x90, 0x0,
    0xa, 0xff, 0x20, 0x0, 0x0, 0x0, 0x0, 0x0,
    0xb, 0xff, 0xff, 0xfd, 0x0, 0x0, 0xaf, 0xf2,
    0x0, 0x0, 0x0, 0x0, 0x0, 0x0, 0x8f, 0xff,
    0xff, 0xf9, 0x0, 0xa, 0xff, 0x20, 0x0, 0x0,
    0x0, 0x0, 0x0, 0x3, 0xff, 0xff, 0xff, 0xfd,
    0x40, 0xaf, 0xf2, 0x0, 0x0, 0x0, 0x0, 0x0,
    0x0, 0xb, 0xff, 0xff, 0xff, 0xff, 0xdd, 0xff,
    0x20, 0x0, 0x0, 0x0, 0x0, 0x0, 0x0, 0x2e,
    0xff, 0xff, 0xff, 0xff, 0xff, 0xfb, 0x72, 0x0,
    0x0, 0x0, 0x0, 0x0, 0x0, 0x3e, 0xff, 0xff,
    0xff, 0xff, 0xff, 0xff, 0xfd, 0x81, 0x0, 0x0,
    0x0, 0x0, 0x0, 0x1a, 0xff, 0xff, 0xff, 0xff,
    0xff, 0xff, 0xff, 0xf9, 0x10, 0x0, 0x0, 0x0,
    0x0, 0x3, 0xbf, 0xff, 0xff, 0xff, 0xff, 0xff,
    0xff, 0xfe, 0x50, 0x0, 0x0, 0x0, 0x0, 0x0,
    0x16, 0xbf, 0xff, 0xff, 0xff, 0xff, 0xff, 0xff,
    0x60, 0x0, 0x0, 0x0, 0x0, 0x0, 0x0, 0xb,
    0xff, 0xff, 0xff, 0xff, 0xff, 0xff, 0x50, 0x0,
    0x0, 0x0, 0x0, 0x0, 0x0, 0xaf, 0xf4, 0x6d,
    0xff, 0xff, 0xff, 0xfe, 0x10, 0x0, 0x0, 0x0,
    0x0, 0x0, 0xa, 0xff, 0x20, 0x4, 0xef, 0xff,
    0xff, 0xf7, 0x0, 0x0, 0x0, 0x0, 0x0, 0x0,
    0xaf, 0xf2, 0x0, 0x1, 0xef, 0xff, 0xff, 0xb0,
    0x0, 0x0, 0x0, 0x0, 0x0, 0xa, 0xff, 0x20,
    0x0, 0x7, 0xff, 0xff, 0xfe, 0x8b, 0xbb, 0xbb,
    0x50, 0x0, 0x0, 0xaf, 0xf2, 0x0, 0x0, 0x4f,
    0xff, 0xff, 0xf9, 0xff, 0xff, 0xf9, 0x0, 0x0,
    0xa, 0xff, 0x20, 0x0, 0x5, 0xff, 0xff, 0xfe,
    0x7f, 0xff, 0xff, 0xe0, 0x0, 0x0, 0xaf, 0xf2,
    0x0, 0x0, 0xaf, 0xff, 0xff, 0xd3, 0xff, 0xff,
    0xff, 0xa0, 0x0, 0xa, 0xff, 0x20, 0x0, 0x4f,
    0xff, 0xff, 0xfa, 0xe, 0xff, 0xff, 0xff, 0xb1,
    0x0, 0xaf, 0xf2, 0x0, 0x7f, 0xff, 0xff, 0xff,
    0x50, 0x6f, 0xff, 0xff, 0xff, 0xfa, 0x6c, 0xff,
    0x79, 0xef, 0xff, 0xff, 0xff, 0xd0, 0x0, 0xcf,
    0xff, 0xff, 0xff, 0xff, 0xff, 0xff, 0xff, 0xff,
    0xff, 0xff, 0xf4, 0x0, 0x1, 0xdf, 0xff, 0xff,
    0xff, 0xff, 0xff, 0xff, 0xff, 0xff, 0xff, 0xf7,
    0x0, 0x0, 0x1, 0xbf, 0xff, 0xff, 0xff, 0xff,
    0xff, 0xff, 0xff, 0xff, 0xf6, 0x0, 0x0, 0x0,
    0x0, 0x6d, 0xff, 0xff, 0xff, 0xff, 0xff, 0xff,
    0xff, 0xa2, 0x0, 0x0, 0x0, 0x0, 0x0, 0x4,
    0x8c, 0xef, 0xff, 0xff, 0xed, 0xa6, 0x20, 0x0,
    0x0, 0x0, 0x0, 0x0, 0x0, 0x0, 0x0, 0xa,
    0xff, 0x20, 0x0, 0x0, 0x0, 0x0, 0x0, 0x0,
    0x0, 0x0, 0x0, 0x0, 0x0, 0xaf, 0xf2, 0x0,
    0x0, 0x0, 0x0, 0x0, 0x0, 0x0, 0x0, 0x0,
    0x0, 0x0, 0xa, 0xff, 0x20, 0x0, 0x0, 0x0,
    0x0, 0x0, 0x0, 0x0, 0x0, 0x0, 0x0, 0x0,
    0xaf, 0xf2, 0x0, 0x0, 0x0, 0x0, 0x0, 0x0,
    0x0, 0x0, 0x0, 0x0, 0x0, 0x3, 0x55, 0x0,
    0x0, 0x0, 0x0, 0x0, 0x0,

    /* U+0025 "%" */
    0x0, 0x0, 0x39, 0xdf, 0xfe, 0xa4, 0x0, 0x0,
    0x0, 0x0, 0x0, 0x0, 0x0, 0x0, 0xa, 0xff,
    0xfe, 0x0, 0x0, 0x0, 0x0, 0x8, 0xff, 0xff,
    0xff, 0xff, 0x90, 0x0, 0x0, 0x0, 0x0, 0x0,
    0x0, 0x0, 0x4f, 0xff, 0xf4, 0x0, 0x0, 0x0,
    0x0, 0x8f, 0xff, 0xff, 0xff, 0xff, 0xfb, 0x0,
    0x0, 0x0, 0x0, 0x0, 0x0, 0x1, 0xef, 0xff,
    0x90, 0x0, 0x0, 0x0, 0x4, 0xff, 0xff, 0xff,
    0xff, 0xff, 0xff, 0x50, 0x0, 0x0, 0x0, 0x0,
    0x0, 0xa, 0xff, 0xfe, 0x0, 0x0, 0x0, 0x0,
    0xb, 0xff, 0xff, 0x60, 0x4, 0xff, 0xff, 0xd0,
    0x0, 0x0, 0x0, 0x0, 0x0, 0x4f, 0xff, 0xf4,
    0x0, 0x0, 0x0, 0x0, 0x1f, 0xff, 0xfa, 0x0,
    0x0, 0x7f, 0xff, 0xf2, 0x0, 0x0, 0x0, 0x0,
    0x1, 0xef, 0xff, 0x90, 0x0, 0x0, 0x0, 0x0,
    0x3f, 0xff, 0xf4, 0x0, 0x0, 0x2f, 0xff, 0xf4,
    0x0, 0x0, 0x0, 0x0, 0xa, 0xff, 0xfe, 0x0,
    0x0, 0x0, 0x0, 0x0, 0x4f, 0xff, 0xf3, 0x0,
    0x0, 0x1f, 0xff, 0xf6, 0x0, 0x0, 0x0, 0x0,
    0x4f, 0xff, 0xf4, 0x0, 0x0, 0x0, 0x0, 0x0,
    0x5f, 0xff, 0xf2, 0x0, 0x0, 0xf, 0xff, 0xf6,
    0x0, 0x0, 0x0, 0x1, 0xef, 0xff, 0x90, 0x0,
    0x0, 0x0, 0x0, 0x0, 0x4f, 0xff, 0xf3, 0x0,
    0x0, 0x1f, 0xff, 0xf6, 0x0, 0x0, 0x0, 0xa,
    0xff, 0xfe, 0x0, 0x0, 0x0, 0x0, 0x0, 0x0,
    0x3f, 0xff, 0xf5, 0x0, 0x0, 0x3f, 0xff, 0xf4,
    0x0, 0x0, 0x0, 0x4f, 0xff, 0xf4, 0x0, 0x0,
    0x0, 0x0, 0x0, 0x0, 0xf, 0xff, 0xfa, 0x0,
    0x0, 0x8f, 0xff, 0xf2, 0x0, 0x0, 0x1, 0xef,
    0xff, 0x90, 0x0, 0x0, 0x0, 0x0, 0x0, 0x0,
    0xb, 0xff, 0xff, 0x60, 0x5, 0xff, 0xff, 0xc0,
    0x0, 0x0, 0xa, 0xff, 0xfe, 0x0, 0x0, 0x0,
    0x0, 0x0, 0x0, 0x0, 0x3, 0xff, 0xff, 0xff,
    0xff, 0xff, 0xff, 0x50, 0x0, 0x0, 0x4f, 0xff,
    0xf4, 0x0, 0x0, 0x0, 0x0, 0x0, 0x0, 0x0,
    0x0, 0x8f, 0xff, 0xff, 0xff, 0xff, 0xfa, 0x0,
    0x0, 0x1, 0xef, 0xff, 0x90, 0x0, 0x0, 0x0,
    0x0, 0x0, 0x0, 0x0, 0x0, 0x7, 0xff, 0xff,
    0xff, 0xff, 0x90, 0x0, 0x0, 0xa, 0xff, 0xfe,
    0x0, 0x0, 0x0, 0x0, 0x0, 0x0, 0x0, 0x0,
    0x0, 0x0, 0x29, 0xde, 0xed, 0x93, 0x0, 0x0,
    0x0, 0x4f, 0xff, 0xf4, 0x0, 0x0, 0x0, 0x0,
    0x0, 0x0, 0x0, 0x0, 0x0, 0x0, 0x0, 0x0,
    0x0, 0x0, 0x0, 0x0, 0x1, 0xef, 0xff, 0x90,
    0x0, 0x0, 0x0, 0x0, 0x0, 0x0, 0x0, 0x0,
    0x0, 0x0, 0x0, 0x0, 0x0, 0x0, 0x0, 0x0,
    0xa, 0xff, 0xfe, 0x0, 0x0, 0x0, 0x0, 0x0,
    0x0, 0x0, 0x0, 0x0, 0x0, 0x0, 0x0, 0x0,
    0x0, 0x0, 0x0, 0x0, 0x4f, 0xff, 0xf4, 0x0,
    0x0, 0x0, 0x17, 0xce, 0xed, 0x93, 0x0, 0x0,
    0x0, 0x0, 0x0, 0x0, 0x0, 0x0, 0x0, 0x1,
    0xef, 0xff, 0x90, 0x0, 0x0, 0x4, 0xff, 0xff,
    0xff, 0xff, 0x90, 0x0, 0x0, 0x0, 0x0, 0x0,
    0x0, 0x0, 0x0, 0xa, 0xff, 0xfe, 0x0, 0x0,
    0x0, 0x5f, 0xff, 0xff, 0xff, 0xff, 0xfa, 0x0,
    0x0, 0x0, 0x0, 0x0, 0x0, 0x0, 0x0, 0x4f,
    0xff, 0xf4, 0x0, 0x0, 0x1, 0xef, 0xff, 0xff,
    0xff, 0xff, 0xff, 0x50, 0x0, 0x0, 0x0, 0x0,
    0x0, 0x0, 0x1, 0xef, 0xff, 0x90, 0x0, 0x0,
    0x8, 0xff, 0xff, 0x81, 0x4, 0xef, 0xff, 0xd0,
    0x0, 0x0, 0x0, 0x0, 0x0, 0x0, 0xa, 0xff,
    0xfe, 0x0, 0x0, 0x0, 0xe, 0xff, 0xfc, 0x0,
    0x0, 0x7f, 0xff, 0xf2, 0x0, 0x0, 0x0, 0x0,
    0x0, 0x0, 0x4f, 0xff, 0xf4, 0x0, 0x0, 0x0,
    0x1f, 0xff, 0xf6, 0x0, 0x0, 0x1f, 0xff, 0xf5,
    0x0, 0x0, 0x0, 0x0, 0x0, 0x1, 0xef, 0xff,
    0x90, 0x0, 0x0, 0x0, 0x2f, 0xff, 0xf4, 0x0,
    0x0, 0xf, 0xff, 0xf7, 0x0, 0x0, 0x0, 0x0,
    0x0, 0xa, 0xff, 0xfe, 0x0, 0x0, 0x0, 0x0,
    0x3f, 0xff, 0xf3, 0x0, 0x0, 0xf, 0xff, 0xf8,
    0x0, 0x0, 0x0, 0x0, 0x0, 0x4f, 0xff, 0xf4,
    0x0, 0x0, 0x0, 0x0, 0x3f, 0xff, 0xf3, 0x0,
    0x0, 0xf, 0xff, 0xf7, 0x0, 0x0, 0x0, 0x0,
    0x1, 0xef, 0xff, 0x90, 0x0, 0x0, 0x0, 0x0,
    0x2f, 0xff, 0xf5, 0x0, 0x0, 0xf, 0xff, 0xf6,
    0x0, 0x0, 0x0, 0x0, 0xa, 0xff, 0xfe, 0x0,
    0x0, 0x0, 0x0, 0x0, 0xf, 0xff, 0xf8, 0x0,
    0x0, 0x4f, 0xff, 0xf4, 0x0, 0x0, 0x0, 0x0,
    0x4f, 0xff, 0xf4, 0x0, 0x0, 0x0, 0x0, 0x0,
    0xc, 0xff, 0xfe, 0x10, 0x0, 0xbf, 0xff, 0xf1,
    0x0, 0x0, 0x0, 0x1, 0xef, 0xff, 0x90, 0x0,
    0x0, 0x0, 0x0, 0x0, 0x6, 0xff, 0xff, 0xe8,
    0x7c, 0xff, 0xff, 0xa0, 0x0, 0x0, 0x0, 0xa,
    0xff, 0xfe, 0x0, 0x0, 0x0, 0x0, 0x0, 0x0,
    0x0, 0xcf, 0xff, 0xff, 0xff, 0xff, 0xff, 0x20,
    0x0, 0x0, 0x0, 0x4f, 0xff, 0xf4, 0x0, 0x0,
    0x0, 0x0, 0x0, 0x0, 0x0, 0x2d, 0xff, 0xff,
    0xff, 0xff, 0xf4, 0x0, 0x0, 0x0, 0x1, 0xef,
    0xff, 0x90, 0x0, 0x0, 0x0, 0x0, 0x0, 0x0,
    0x0, 0x1, 0xaf, 0xff, 0xff, 0xfc, 0x30, 0x0,
    0x0, 0x0, 0x0, 0x0, 0x0, 0x0, 0x0, 0x0,
    0x0, 0x0, 0x0, 0x0, 0x0, 0x0, 0x1, 0x57,
    0x76, 0x20, 0x0, 0x0,

    /* U+0026 "&" */
    0x0, 0x0, 0x0, 0x0, 0x5a, 0xdf, 0xfe, 0xc7,
    0x10, 0x0, 0x0, 0x0, 0x0, 0x0, 0x0, 0x0,
    0x0, 0x0, 0x3d, 0xff, 0xff, 0xff, 0xff, 0xf7,
    0x0, 0x0, 0x0, 0x0, 0x0, 0x0, 0x0, 0x0,
    0x6, 0xff, 0xff, 0xff, 0xff, 0xff, 0xff, 0xa0,
    0x0, 0x0, 0x0, 0x0, 0x0, 0x0, 0x0, 0x3f,
    0xff, 0xff, 0xff, 0xff, 0xff, 0xff, 0xf8, 0x0,
    0x0, 0x0, 0x0, 0x0, 0x0, 0x0, 0xef, 0xff,
    0xff, 0xff, 0xff, 0xff, 0xff, 0xff, 0x30, 0x0,
    0x0, 0x0, 0x0, 0x0, 0x5, 0xff, 0xff, 0xff,
    0x72, 0x14, 0xcf, 0xff, 0xff, 0x90, 0x0, 0x0,
    0x0, 0x0, 0x0, 0xa, 0xff, 0xff, 0xf4, 0x0,
    0x0, 0xc, 0xff, 0xff, 0xe0, 0x0, 0x0, 0x0,
    0x0, 0x0, 0xd, 0xff, 0xff, 0xb0, 0x0, 0x0,
    0x5, 0xff, 0xff, 0xf0, 0x0, 0x0, 0x0, 0x0,
    0x0, 0xe, 0xff, 0xff, 0x80, 0x0, 0x0, 0x3,
    0xff, 0xff, 0xf0, 0x0, 0x0, 0x0, 0x0, 0x0,
    0xe, 0xff, 0xff, 0xa0, 0x0, 0x0, 0x5, 0xff,
    0xff, 0xf0, 0x0, 0x0, 0x0, 0x0, 0x0, 0xc,
    0xff, 0xff, 0xe0, 0x0, 0x0, 0xd, 0xff, 0xff,
    0xb0, 0x0, 0x0, 0x0, 0x0, 0x0, 0x8, 0xff,
    0xff, 0xf5, 0x0, 0x0, 0xaf, 0xff, 0xff, 0x50,
    0x0, 0x0, 0x0, 0x0, 0x0, 0x3, 0xff, 0xff,
    0xfe, 0x0, 0x1b, 0xff, 0xff, 0xfd, 0x0, 0x0,
    0x0, 0x0, 0x0, 0x0, 0x0, 0xbf, 0xff, 0xff,
    0xa5, 0xef, 0xff, 0xff, 0xf2, 0x0, 0x0, 0x0,
    0x0, 0x0, 0x0, 0x0, 0x2f, 0xff, 0xff, 0xff,
    0xff, 0xff, 0xff, 0x40, 0x0, 0x0, 0x0, 0x0,
    0x0, 0x0, 0x0, 0x7, 0xff, 0xff, 0xff, 0xff,
    0xff, 0xe4, 0x0, 0x0, 0x0, 0x0, 0x0, 0x0,
    0x0, 0x0, 0x0, 0xcf, 0xff, 0xff, 0xff, 0xfd,
    0x20, 0x0, 0x0, 0x0, 0x0, 0x0, 0x0, 0x0,
    0x0, 0x1, 0xcf, 0xff, 0xff, 0xff, 0xa0, 0x0,
    0x0, 0x0, 0x0, 0x0, 0x0, 0x0, 0x0, 0x0,
    0x4e, 0xff, 0xff, 0xff, 0xff, 0xb0, 0x0, 0x0,
    0x0, 0x0, 0x0, 0x0, 0x0, 0x0, 0x7, 0xff,
    0xff, 0xff, 0xff, 0xff, 0xf9, 0x0, 0x0, 0x0,
    0xab, 0xbb, 0xb3, 0x0, 0x0, 0x7f, 0xff, 0xff,
    0xff, 0xff, 0xff, 0xff, 0x70, 0x0, 0x0, 0xff,
    0xff, 0xf4, 0x0, 0x4, 0xff, 0xff, 0xff, 0xe3,
    0x8f, 0xff, 0xff, 0xf5, 0x0, 0x2, 0xff, 0xff,
    0xf3, 0x0, 0xe, 0xff, 0xff, 0xfd, 0x10, 0xa,
    0xff, 0xff, 0xff, 0x40, 0x5, 0xff, 0xff, 0xf1,
    0x0, 0x5f, 0xff, 0xff, 0xe1, 0x0, 0x0, 0xbf,
    0xff, 0xff, 0xe2, 0xa, 0xff, 0xff, 0xe0, 0x0,
    0xaf, 0xff, 0xff, 0x70, 0x0, 0x0, 0xd, 0xff,
    0xff, 0xfe, 0x2f, 0xff, 0xff, 0xa0, 0x0, 0xdf,
    0xff, 0xff, 0x30, 0x0, 0x0, 0x1, 0xef, 0xff,
    0xff, 0xff, 0xff, 0xff, 0x60, 0x0, 0xef, 0xff,
    0xff, 0x20, 0x0, 0x0, 0x0, 0x2e, 0xff, 0xff,
    0xff, 0xff, 0xfe, 0x0, 0x0, 0xdf, 0xff, 0xff,
    0x40, 0x0, 0x0, 0x0, 0x3, 0xff, 0xff, 0xff,
    0xff, 0xf8, 0x0, 0x0, 0xaf, 0xff, 0xff, 0xb0,
    0x0, 0x0, 0x0, 0x0, 0x5f, 0xff, 0xff, 0xff,
    0xe0, 0x0, 0x0, 0x5f, 0xff, 0xff, 0xf8, 0x0,
    0x0, 0x0, 0x0, 0x7f, 0xff, 0xff, 0xff, 0x80,
    0x0, 0x0, 0xe, 0xff, 0xff, 0xff, 0xc6, 0x21,
    0x24, 0x8e, 0xff, 0xff, 0xff, 0xff, 0xf2, 0x0,
    0x0, 0x5, 0xff, 0xff, 0xff, 0xff, 0xff, 0xff,
    0xff, 0xff, 0xff, 0xff, 0xff, 0xfd, 0x0, 0x0,
    0x0, 0x8f, 0xff, 0xff, 0xff, 0xff, 0xff, 0xff,
    0xff, 0xff, 0xff, 0xff, 0xff, 0xa0, 0x0, 0x0,
    0x7, 0xff, 0xff, 0xff, 0xff, 0xff, 0xff, 0xff,
    0xfc, 0x5f, 0xff, 0xff, 0xf7, 0x0, 0x0, 0x0,
    0x3b, 0xff, 0xff, 0xff, 0xff, 0xff, 0xfd, 0x60,
    0x6, 0xff, 0xff, 0xff, 0x40, 0x0, 0x0, 0x0,
    0x27, 0xbd, 0xff, 0xed, 0xb7, 0x30, 0x0, 0x0,
    0x9f, 0xff, 0xff, 0xe1,

    /* U+0027 "'" */
    0x2f, 0xff, 0xff, 0xc1, 0xff, 0xff, 0xfc, 0x1f,
    0xff, 0xff, 0xb0, 0xff, 0xff, 0xfa, 0xf, 0xff,
    0xff, 0xa0, 0xff, 0xff, 0xf9, 0xe, 0xff, 0xff,
    0x80, 0xdf, 0xff, 0xf8, 0xd, 0xff, 0xff, 0x70,
    0xcf, 0xff, 0xf6, 0xb, 0xff, 0xff, 0x50, 0xbf,
    0xff, 0xf5, 0xa, 0xff, 0xff, 0x40, 0x9f, 0xff,
    0xf3, 0x3, 0x66, 0x66, 0x10,

    /* U+0028 "(" */
    0x0, 0x0, 0x0, 0x45, 0x55, 0x55, 0x0, 0x0,
    0x0, 0x1f, 0xff, 0xff, 0xb0, 0x0, 0x0, 0xa,
    0xff, 0xff, 0xf5, 0x0, 0x0, 0x2, 0xff, 0xff,
    0xfe, 0x0, 0x0, 0x0, 0x9f, 0xff, 0xff, 0x70,
    0x0, 0x0, 0xf, 0xff, 0xff, 0xf2, 0x0, 0x0,
    0x5, 0xff, 0xff, 0xfc, 0x0, 0x0, 0x0, 0xbf,
    0xff, 0xff, 0x60, 0x0, 0x0, 0xf, 0xff, 0xff,
    0xf1, 0x0, 0x0, 0x5, 0xff, 0xff, 0xfd, 0x0,
    0x0, 0x0, 0xaf, 0xff, 0xff, 0x80, 0x0, 0x0,
    0xe, 0xff, 0xff, 0xf4, 0x0, 0x0, 0x2, 0xff,
    0xff, 0xff, 0x0, 0x0, 0x0, 0x6f, 0xff, 0xff,
    0xc0, 0x0, 0x0, 0x9, 0xff, 0xff, 0xf9, 0x0,
    0x0, 0x0, 0xdf, 0xff, 0xff, 0x60, 0x0, 0x0,
    0xf, 0xff, 0xff, 0xf3, 0x0, 0x0, 0x2, 0xff,
    0xff, 0xff, 0x10, 0x0, 0x0, 0x4f, 0xff, 0xff,
    0xf0, 0x0, 0x0, 0x6, 0xff, 0xff, 0xfc, 0x0,
    0x0, 0x0, 0x7f, 0xff, 0xff, 0xb0, 0x0, 0x0,
    0x8, 0xff, 0xff, 0xfa, 0x0, 0x0, 0x0, 0x9f,
    0xff, 0xff, 0x90, 0x0, 0x0, 0x9, 0xff, 0xff,
    0xf9, 0x0, 0x0, 0x0, 0x9f, 0xff, 0xff, 0x90,
    0x0, 0x0, 0x9, 0xff, 0xff, 0xf9, 0x0, 0x0,
    0x0, 0x8f, 0xff, 0xff, 0xa0, 0x0, 0x0, 0x7,
    0xff, 0xff, 0xfc, 0x0, 0x0, 0x0, 0x5f, 0xff,
    0xff, 0xe0, 0x0, 0x0, 0x3, 0xff, 0xff, 0xff,
    0x0, 0x0, 0x0, 0xf, 0xff, 0xff, 0xf3, 0x0,
    0x0, 0x0, 0xdf, 0xff, 0xff, 0x60, 0x0, 0x0,
    0xa, 0xff, 0xff, 0xfa, 0x0, 0x0, 0x0, 0x6f,
    0xff, 0xff, 0xd0, 0x0, 0x0, 0x2, 0xff, 0xff,
    0xff, 0x20, 0x0, 0x0, 0xd, 0xff, 0xff, 0xf7,
    0x0, 0x0, 0x0, 0x8f, 0xff, 0xff, 0xc0, 0x0,
    0x0, 0x2, 0xff, 0xff, 0xff, 0x10, 0x0, 0x0,
    0xc, 0xff, 0xff, 0xf7, 0x0, 0x0, 0x0, 0x5f,
    0xff, 0xff, 0xd0, 0x0, 0x0, 0x0, 0xef, 0xff,
    0xff, 0x30, 0x0, 0x0, 0x7, 0xff, 0xff, 0xfa,
    0x0, 0x0, 0x0, 0xe, 0xff, 0xff, 0xf1, 0x0,
    0x0, 0x0, 0x6f, 0xff, 0xff, 0x70, 0x0, 0x0,
    0x0, 0xdf, 0xff, 0xfe, 0x0,

    /* U+0029 ")" */
    0x5, 0x55, 0x55, 0x30, 0x0, 0x0, 0x0, 0xdf,
    0xff, 0xfe, 0x10, 0x0, 0x0, 0x6, 0xff, 0xff,
    0xf8, 0x0, 0x0, 0x0, 0xf, 0xff, 0xff, 0xf1,
    0x0, 0x0, 0x0, 0x9f, 0xff, 0xff, 0x70, 0x0,
    0x0, 0x3, 0xff, 0xff, 0xfe, 0x0, 0x0, 0x0,
    0xe, 0xff, 0xff, 0xf4, 0x0, 0x0, 0x0, 0x8f,
    0xff, 0xff, 0xa0, 0x0, 0x0, 0x3, 0xff, 0xff,
    0xfe, 0x0, 0x0, 0x0, 0xe, 0xff, 0xff, 0xf4,
    0x0, 0x0, 0x0, 0xaf, 0xff, 0xff, 0x80, 0x0,
    0x0, 0x5, 0xff, 0xff, 0xfd, 0x0, 0x0, 0x0,
    0x1f, 0xff, 0xff, 0xf1, 0x0, 0x0, 0x0, 0xef,
    0xff, 0xff, 0x40, 0x0, 0x0, 0xb, 0xff, 0xff,
    0xf8, 0x0, 0x0, 0x0, 0x7f, 0xff, 0xff, 0xb0,
    0x0, 0x0, 0x4, 0xff, 0xff, 0xfe, 0x0, 0x0,
    0x0, 0x2f, 0xff, 0xff, 0xf0, 0x0, 0x0, 0x0,
    0xff, 0xff, 0xff, 0x20, 0x0, 0x0, 0xe, 0xff,
    0xff, 0xf4, 0x0, 0x0, 0x0, 0xcf, 0xff, 0xff,
    0x60, 0x0, 0x0, 0xc, 0xff, 0xff, 0xf6, 0x0,
    0x0, 0x0, 0xbf, 0xff, 0xff, 0x70, 0x0, 0x0,
    0xa, 0xff, 0xff, 0xf8, 0x0, 0x0, 0x0, 0xaf,
    0xff, 0xff, 0x80, 0x0, 0x0, 0xb, 0xff, 0xff,
    0xf7, 0x0, 0x0, 0x0, 0xcf, 0xff, 0xff, 0x70,
    0x0, 0x0, 0xd, 0xff, 0xff, 0xf5, 0x0, 0x0,
    0x0, 0xff, 0xff, 0xff, 0x30, 0x0, 0x0, 0x1f,
    0xff, 0xff, 0xf1, 0x0, 0x0, 0x4, 0xff, 0xff,
    0xfe, 0x0, 0x0, 0x0, 0x8f, 0xff, 0xff, 0xc0,
    0x0, 0x0, 0xb, 0xff, 0xff, 0xf8, 0x0, 0x0,
    0x0, 0xff, 0xff, 0xff, 0x40, 0x0, 0x0, 0x4f,
    0xff, 0xff, 0xf0, 0x0, 0x0, 0x9, 0xff, 0xff,
    0xfb, 0x0, 0x0, 0x0, 0xef, 0xff, 0xff, 0x60,
    0x0, 0x0, 0x3f, 0xff, 0xff, 0xf1, 0x0, 0x0,
    0x9, 0xff, 0xff, 0xfa, 0x0, 0x0, 0x0, 0xef,
    0xff, 0xff, 0x40, 0x0, 0x0, 0x5f, 0xff, 0xff,
    0xd0, 0x0, 0x0, 0xb, 0xff, 0xff, 0xf5, 0x0,
    0x0, 0x2, 0xff, 0xff, 0xfd, 0x0, 0x0, 0x0,
    0x8f, 0xff, 0xff, 0x50, 0x0, 0x0, 0xe, 0xff,
    0xff, 0xc0, 0x0, 0x0, 0x0,

    /* U+002A "*" */
    0x0, 0x0, 0x0, 0x1, 0xff, 0xff, 0x0, 0x0,
    0x0, 0x0, 0x0, 0x0, 0x0, 0x0, 0xff, 0xfe,
    0x0, 0x0, 0x0, 0x0, 0x0, 0x0, 0x0, 0x0,
    0xff, 0xfd, 0x0, 0x0, 0x0, 0x0, 0x0, 0x83,
    0x0, 0x0, 0xef, 0xfd, 0x0, 0x0, 0x38, 0x0,
    0x4, 0xff, 0x80, 0x0, 0xdf, 0xfc, 0x0, 0x8,
    0xff, 0x30, 0xd, 0xff, 0xfc, 0x20, 0xcf, 0xfb,
    0x3, 0xdf, 0xff, 0xb0, 0x5f, 0xff, 0xff, 0xf7,
    0xcf, 0xfb, 0x8f, 0xff, 0xff, 0xf4, 0x6, 0xef,
    0xff, 0xff, 0xff, 0xff, 0xff, 0xff, 0xfd, 0x60,
    0x0, 0x7, 0xef, 0xff, 0xff, 0xff, 0xff, 0xfe,
    0x60, 0x0, 0x0, 0x0, 0x7, 0xef, 0xff, 0xff,
    0xfe, 0x60, 0x0, 0x0, 0x0, 0x0, 0x6, 0xef,
    0xff, 0xff, 0xfd, 0x60, 0x0, 0x0, 0x0, 0x6,
    0xef, 0xff, 0xff, 0xff, 0xff, 0xfd, 0x50, 0x0,
    0x6, 0xef, 0xff, 0xff, 0xff, 0xff, 0xff, 0xff,
    0xfd, 0x50, 0x5f, 0xff, 0xff, 0xf7, 0xcf, 0xfa,
    0x8f, 0xff, 0xff, 0xf4, 0xd, 0xff, 0xfc, 0x20,
    0xcf, 0xfb, 0x3, 0xdf, 0xff, 0xb0, 0x4, 0xff,
    0x70, 0x0, 0xdf, 0xfc, 0x0, 0x8, 0xff, 0x30,
    0x0, 0x82, 0x0, 0x0, 0xef, 0xfd, 0x0, 0x0,
    0x38, 0x0, 0x0, 0x0, 0x0, 0x0, 0xff, 0xfd,
    0x0, 0x0, 0x0, 0x0, 0x0, 0x0, 0x0, 0x0,
    0xff, 0xfe, 0x0, 0x0, 0x0, 0x0, 0x0, 0x0,
    0x0, 0x1, 0xff, 0xff, 0x0, 0x0, 0x0, 0x0,

    /* U+002B "+" */
    0x0, 0x0, 0x0, 0x0, 0x8, 0xff, 0xff, 0xc0,
    0x0, 0x0, 0x0, 0x0, 0x0, 0x0, 0x0, 0x0,
    0x8, 0xff, 0xff, 0xc0, 0x0, 0x0, 0x0, 0x0,
    0x0, 0x0, 0x0, 0x0, 0x8, 0xff, 0xff, 0xc0,
    0x0, 0x0, 0x0, 0x0, 0x0, 0x0, 0x0, 0x0,
    0x8, 0xff, 0xff, 0xc0, 0x0, 0x0, 0x0, 0x0,
    0x0, 0x0, 0x0, 0x0, 0x8, 0xff, 0xff, 0xc0,
    0x0, 0x0, 0x0, 0x0, 0x0, 0x0, 0x0, 0x0,
    0x8, 0xff, 0xff, 0xc0, 0x0, 0x0, 0x0, 0x0,
    0x0, 0x0, 0x0, 0x0, 0x8, 0xff, 0xff, 0xc0,
    0x0, 0x0, 0x0, 0x0, 0x0, 0x0, 0x0, 0x0,
    0x8, 0xff, 0xff, 0xc0, 0x0, 0x0, 0x0, 0x0,
    0x0, 0x0, 0x0, 0x0, 0x8, 0xff, 0xff, 0xc0,
    0x0, 0x0, 0x0, 0x0, 0x9f, 0xff, 0xff, 0xff,
    0xff, 0xff, 0xff, 0xff, 0xff, 0xff, 0xff, 0xff,
    0x9f, 0xff, 0xff, 0xff, 0xff, 0xff, 0xff, 0xff,
    0xff, 0xff, 0xff, 0xff, 0x9f, 0xff, 0xff, 0xff,
    0xff, 0xff, 0xff, 0xff, 0xff, 0xff, 0xff, 0xff,
    0x9f, 0xff, 0xff, 0xff, 0xff, 0xff, 0xff, 0xff,
    0xff, 0xff, 0xff, 0xff, 0x9f, 0xff, 0xff, 0xff,
    0xff, 0xff, 0xff, 0xff, 0xff, 0xff, 0xff, 0xff,
    0x1, 0x11, 0x11, 0x11, 0x18, 0xff, 0xff, 0xd1,
    0x11, 0x11, 0x11, 0x11, 0x0, 0x0, 0x0, 0x0,
    0x8, 0xff, 0xff, 0xc0, 0x0, 0x0, 0x0, 0x0,
    0x0, 0x0, 0x0, 0x0, 0x8, 0xff, 0xff, 0xc0,
    0x0, 0x0, 0x0, 0x0, 0x0, 0x0, 0x0, 0x0,
    0x8, 0xff, 0xff, 0xc0, 0x0, 0x0, 0x0, 0x0,
    0x0, 0x0, 0x0, 0x0, 0x8, 0xff, 0xff, 0xc0,
    0x0, 0x0, 0x0, 0x0, 0x0, 0x0, 0x0, 0x0,
    0x8, 0xff, 0xff, 0xc0, 0x0, 0x0, 0x0, 0x0,
    0x0, 0x0, 0x0, 0x0, 0x8, 0xff, 0xff, 0xc0,
    0x0, 0x0, 0x0, 0x0, 0x0, 0x0, 0x0, 0x0,
    0x8, 0xff, 0xff, 0xc0, 0x0, 0x0, 0x0, 0x0,
    0x0, 0x0, 0x0, 0x0, 0x8, 0xff, 0xff, 0xc0,
    0x0, 0x0, 0x0, 0x0, 0x0, 0x0, 0x0, 0x0,
    0x8, 0xff, 0xff, 0xc0, 0x0, 0x0, 0x0, 0x0,

    /* U+002C "," */
    0x0, 0x6, 0x66, 0x66, 0x61, 0x0, 0x2f, 0xff,
    0xff, 0xf0, 0x0, 0x5f, 0xff, 0xff, 0xb0, 0x0,
    0x7f, 0xff, 0xff, 0x60, 0x0, 0x9f, 0xff, 0xff,
    0x20, 0x0, 0xcf, 0xff, 0xfd, 0x0, 0x0, 0xef,
    0xff, 0xf9, 0x0, 0x0, 0xff, 0xff, 0xf4, 0x0,
    0x2, 0xff, 0xff, 0xf0, 0x0, 0x5, 0xff, 0xff,
    0xb0, 0x0, 0x7, 0xff, 0xff, 0x60, 0x0, 0x9,
    0xff, 0xff, 0x20, 0x0, 0xc, 0xff, 0xfd, 0x0,
    0x0, 0xe, 0xff, 0xf9, 0x0, 0x0, 0xf, 0xff,
    0xf4, 0x0, 0x0,

    /* U+002D "-" */
    0x12, 0x22, 0x22, 0x22, 0x22, 0x22, 0x22, 0x22,
    0xb, 0xff, 0xff, 0xff, 0xff, 0xff, 0xff, 0xff,
    0xf0, 0xbf, 0xff, 0xff, 0xff, 0xff, 0xff, 0xff,
    0xff, 0xb, 0xff, 0xff, 0xff, 0xff, 0xff, 0xff,
    0xff, 0xf0, 0xbf, 0xff, 0xff, 0xff, 0xff, 0xff,
    0xff, 0xff, 0xb, 0xff, 0xff, 0xff, 0xff, 0xff,
    0xff, 0xff, 0xf0,

    /* U+002E "." */
    0x0, 0x6, 0x97, 0x20, 0x0, 0x1d, 0xff, 0xff,
    0x50, 0xb, 0xff, 0xff, 0xff, 0x10, 0xff, 0xff,
    0xff, 0xf5, 0x1f, 0xff, 0xff, 0xff, 0x60, 0xef,
    0xff, 0xff, 0xf2, 0x5, 0xff, 0xff, 0xfa, 0x0,
    0x5, 0xcf, 0xe8, 0x0,

    /* U+002F "/" */
    0x0, 0x0, 0x0, 0x0, 0x0, 0x0, 0x78, 0x88,
    0x82, 0x0, 0x0, 0x0, 0x0, 0x0, 0x3, 0xff,
    0xff, 0xf2, 0x0, 0x0, 0x0, 0x0, 0x0, 0x7,
    0xff, 0xff, 0xd0, 0x0, 0x0, 0x0, 0x0, 0x0,
    0xc, 0xff, 0xff, 0x90, 0x0, 0x0, 0x0, 0x0,
    0x0, 0xf, 0xff, 0xff, 0x50, 0x0, 0x0, 0x0,
    0x0, 0x0, 0x4f, 0xff, 0xff, 0x10, 0x0, 0x0,
    0x0, 0x0, 0x0, 0x8f, 0xff, 0xfc, 0x0, 0x0,
    0x0, 0x0, 0x0, 0x0, 0xcf, 0xff, 0xf8, 0x0,
    0x0, 0x0, 0x0, 0x0, 0x1, 0xff, 0xff, 0xf4,
    0x0, 0x0, 0x0, 0x0, 0x0, 0x5, 0xff, 0xff,
    0xf0, 0x0, 0x0, 0x0, 0x0, 0x0, 0x9, 0xff,
    0xff, 0xb0, 0x0, 0x0, 0x0, 0x0, 0x0, 0xd,
    0xff, 0xff, 0x70, 0x0, 0x0, 0x0, 0x0, 0x0,
    0x2f, 0xff, 0xff, 0x30, 0x0, 0x0, 0x0, 0x0,
    0x0, 0x6f, 0xff, 0xfe, 0x0, 0x0, 0x0, 0x0,
    0x0, 0x0, 0xaf, 0xff, 0xfa, 0x0, 0x0, 0x0,
    0x0, 0x0, 0x0, 0xef, 0xff, 0xf6, 0x0, 0x0,
    0x0, 0x0, 0x0, 0x3, 0xff, 0xff, 0xf2, 0x0,
    0x0, 0x0, 0x0, 0x0, 0x7, 0xff, 0xff, 0xe0,
    0x0, 0x0, 0x0, 0x0, 0x0, 0xb, 0xff, 0xff,
    0xa0, 0x0, 0x0, 0x0, 0x0, 0x0, 0xf, 0xff,
    0xff, 0x50, 0x0, 0x0, 0x0, 0x0, 0x0, 0x4f,
    0xff, 0xff, 0x10, 0x0, 0x0, 0x0, 0x0, 0x0,
    0x8f, 0xff, 0xfd, 0x0, 0x0, 0x0, 0x0, 0x0,
    0x0, 0xcf, 0xff, 0xf9, 0x0, 0x0, 0x0, 0x0,
    0x0, 0x0, 0xff, 0xff, 0xf4, 0x0, 0x0, 0x0,
    0x0, 0x0, 0x4, 0xff, 0xff, 0xf0, 0x0, 0x0,
    0x0, 0x0, 0x0, 0x9, 0xff, 0xff, 0xc0, 0x0,
    0x0, 0x0, 0x0, 0x0, 0xd, 0xff, 0xff, 0x80,
    0x0, 0x0, 0x0, 0x0, 0x0, 0x1f, 0xff, 0xff,
    0x30, 0x0, 0x0, 0x0, 0x0, 0x0, 0x5f, 0xff,
    0xff, 0x0, 0x0, 0x0, 0x0, 0x0, 0x0, 0xaf,
    0xff, 0xfb, 0x0, 0x0, 0x0, 0x0, 0x0, 0x0,
    0xef, 0xff, 0xf7, 0x0, 0x0, 0x0, 0x0, 0x0,
    0x2, 0xff, 0xff, 0xf2, 0x0, 0x0, 0x0, 0x0,
    0x0, 0x6, 0xff, 0xff, 0xe0, 0x0, 0x0, 0x0,
    0x0, 0x0, 0xb, 0xff, 0xff, 0xa0, 0x0, 0x0,
    0x0, 0x0, 0x0, 0xf, 0xff, 0xff, 0x60, 0x0,
    0x0, 0x0, 0x0, 0x0, 0x3f, 0xff, 0xff, 0x20,
    0x0, 0x0, 0x0, 0x0, 0x0, 0x7f, 0xff, 0xfd,
    0x0, 0x0, 0x0, 0x0, 0x0, 0x0, 0xcf, 0xff,
    0xf9, 0x0, 0x0, 0x0, 0x0, 0x0, 0x0, 0xff,
    0xff, 0xf5, 0x0, 0x0, 0x0, 0x0, 0x0, 0x4,
    0xff, 0xff, 0xf1, 0x0, 0x0, 0x0, 0x0, 0x0,
    0x8, 0xff, 0xff, 0xc0, 0x0, 0x0, 0x0, 0x0,
    0x0, 0xc, 0xff, 0xff, 0x80, 0x0, 0x0, 0x0,
    0x0, 0x0, 0x1f, 0xff, 0xff, 0x40, 0x0, 0x0,
    0x0, 0x0, 0x0,

    /* U+0030 "0" */
    0x0, 0x0, 0x0, 0x0, 0x5, 0x9c, 0xef, 0xfe,
    0xb8, 0x30, 0x0, 0x0, 0x0, 0x0, 0x0, 0x0,
    0x0, 0x6, 0xef, 0xff, 0xff, 0xff, 0xff, 0xfc,
    0x30, 0x0, 0x0, 0x0, 0x0, 0x0, 0x1, 0xcf,
    0xff, 0xff, 0xff, 0xff, 0xff, 0xff, 0xf8, 0x0,
    0x0, 0x0, 0x0, 0x0, 0x1d, 0xff, 0xff, 0xff,
    0xff, 0xff, 0xff, 0xff, 0xff, 0x90, 0x0, 0x0,
    0x0, 0x0, 0xcf, 0xff, 0xff, 0xff, 0xff, 0xff,
    0xff, 0xff, 0xff, 0xf7, 0x0, 0x0, 0x0, 0x7,
    0xff, 0xff, 0xff, 0xfd, 0x75, 0x69, 0xef, 0xff,
    0xff, 0xff, 0x20, 0x0, 0x0, 0x1f, 0xff, 0xff,
    0xff, 0x60, 0x0, 0x0, 0xa, 0xff, 0xff, 0xff,
    0xb0, 0x0, 0x0, 0x9f, 0xff, 0xff, 0xf6, 0x0,
    0x0, 0x0, 0x0, 0xbf, 0xff, 0xff, 0xf4, 0x0,
    0x0, 0xff, 0xff, 0xff, 0xb0, 0x0, 0x0, 0x0,
    0x0, 0x1e, 0xff, 0xff, 0xfa, 0x0, 0x5, 0xff,
    0xff, 0xff, 0x30, 0x0, 0x0, 0x0, 0x0, 0x8,
    0xff, 0xff, 0xff, 0x0, 0xb, 0xff, 0xff, 0xfc,
    0x0, 0x0, 0x0, 0x0, 0x0, 0x1, 0xff, 0xff,
    0xff, 0x50, 0xe, 0xff, 0xff, 0xf7, 0x0, 0x0,
    0x0, 0x0, 0x0, 0x0, 0xdf, 0xff, 0xff, 0x80,
    0x1f, 0xff, 0xff, 0xf3, 0x0, 0x0, 0x0, 0x0,
    0x0, 0x0, 0x8f, 0xff, 0xff, 0xb0, 0x4f, 0xff,
    0xff, 0xf0, 0x0, 0x0, 0x0, 0x0, 0x0, 0x0,
    0x6f, 0xff, 0xff, 0xe0, 0x6f, 0xff, 0xff, 0xe0,
    0x0, 0x0, 0x0, 0x0, 0x0, 0x0, 0x4f, 0xff,
    0xff, 0xf0, 0x7f, 0xff, 0xff, 0xd0, 0x0, 0x0,
    0x0, 0x0, 0x0, 0x0, 0x2f, 0xff, 0xff, 0xf1,
    0x7f, 0xff, 0xff, 0xc0, 0x0, 0x0, 0x0, 0x0,
    0x0, 0x0, 0x1f, 0xff, 0xff, 0xf2, 0x8f, 0xff,
    0xff, 0xb0, 0x0, 0x0, 0x0, 0x0, 0x0, 0x0,
    0x1f, 0xff, 0xff, 0xf3, 0x8f, 0xff, 0xff, 0xb0,
    0x0, 0x0, 0x0, 0x0, 0x0, 0x0, 0x1f, 0xff,
    0xff, 0xf3, 0x8f, 0xff, 0xff, 0xc0, 0x0, 0x0,
    0x0, 0x0, 0x0, 0x0, 0x1f, 0xff, 0xff, 0xf2,
    0x7f, 0xff, 0xff, 0xd0, 0x0, 0x0, 0x0, 0x0,
    0x0, 0x0, 0x2f, 0xff, 0xff, 0xf1, 0x6f, 0xff,
    0xff, 0xe0, 0x0, 0x0, 0x0, 0x0, 0x0, 0x0,
    0x4f, 0xff, 0xff, 0xf0, 0x4f, 0xff, 0xff, 0xf0,
    0x0, 0x0, 0x0, 0x0, 0x0, 0x0, 0x6f, 0xff,
    0xff, 0xf0, 0x1f, 0xff, 0xff, 0xf3, 0x0, 0x0,
    0x0, 0x0, 0x0, 0x0, 0x8f, 0xff, 0xff, 0xc0,
    0xe, 0xff, 0xff, 0xf7, 0x0, 0x0, 0x0, 0x0,
    0x0, 0x0, 0xdf, 0xff, 0xff, 0x90, 0xb, 0xff,
    0xff, 0xfc, 0x0, 0x0, 0x0, 0x0, 0x0, 0x1,
    0xff, 0xff, 0xff, 0x50, 0x6, 0xff, 0xff, 0xff,
    0x20, 0x0, 0x0, 0x0, 0x0, 0x8, 0xff, 0xff,
    0xff, 0x10, 0x0, 0xff, 0xff, 0xff, 0xa0, 0x0,
    0x0, 0x0, 0x0, 0x1e, 0xff, 0xff, 0xfa, 0x0,
    0x0, 0xaf, 0xff, 0xff, 0xf6, 0x0, 0x0, 0x0,
    0x0, 0xbf, 0xff, 0xff, 0xf5, 0x0, 0x0, 0x2f,
    0xff, 0xff, 0xff, 0x60, 0x0, 0x0, 0xb, 0xff,
    0xff, 0xff, 0xc0, 0x0, 0x0, 0x8, 0xff, 0xff,
    0xff, 0xfd, 0x86, 0x69, 0xff, 0xff, 0xff, 0xff,
    0x30, 0x0, 0x0, 0x0, 0xdf, 0xff, 0xff, 0xff,
    0xff, 0xff, 0xff, 0xff, 0xff, 0xf8, 0x0, 0x0,
    0x0, 0x0, 0x2e, 0xff, 0xff, 0xff, 0xff, 0xff,
    0xff, 0xff, 0xff, 0xa0, 0x0, 0x0, 0x0, 0x0,
    0x1, 0xcf, 0xff, 0xff, 0xff, 0xff, 0xff, 0xff,
    0xf8, 0x0, 0x0, 0x0, 0x0, 0x0, 0x0, 0x7,
    0xef, 0xff, 0xff, 0xff, 0xff, 0xfc, 0x40, 0x0,
    0x0, 0x0, 0x0, 0x0, 0x0, 0x0, 0x5, 0x9c,
    0xef, 0xfe, 0xc8, 0x30, 0x0, 0x0, 0x0, 0x0,

    /* U+0031 "1" */
    0x0, 0x0, 0x0, 0x1b, 0xff, 0xff, 0xff, 0xd0,
    0x0, 0x0, 0x4e, 0xff, 0xff, 0xff, 0xfd, 0x0,
    0x0, 0x8f, 0xff, 0xff, 0xff, 0xff, 0xd0, 0x1,
    0xcf, 0xff, 0xff, 0xff, 0xff, 0xfd, 0x4, 0xef,
    0xff, 0xff, 0xff, 0xff, 0xff, 0xd8, 0xff, 0xff,
    0xff, 0xfe, 0xff, 0xff, 0xfd, 0xcf, 0xff, 0xff,
    0xf6, 0x6f, 0xff, 0xff, 0xdc, 0xff, 0xff, 0xd2,
    0x6, 0xff, 0xff, 0xfd, 0xcf, 0xff, 0x90, 0x0,
    0x6f, 0xff, 0xff, 0xdc, 0xff, 0x50, 0x0, 0x6,
    0xff, 0xff, 0xfd, 0xcc, 0x20, 0x0, 0x0, 0x6f,
    0xff, 0xff, 0xd6, 0x0, 0x0, 0x0, 0x6, 0xff,
    0xff, 0xfd, 0x0, 0x0, 0x0, 0x0, 0x6f, 0xff,
    0xff, 0xd0, 0x0, 0x0, 0x0, 0x6, 0xff, 0xff,
    0xfd, 0x0, 0x0, 0x0, 0x0, 0x6f, 0xff, 0xff,
    0xd0, 0x0, 0x0, 0x0, 0x6, 0xff, 0xff, 0xfd,
    0x0, 0x0, 0x0, 0x0, 0x6f, 0xff, 0xff, 0xd0,
    0x0, 0x0, 0x0, 0x6, 0xff, 0xff, 0xfd, 0x0,
    0x0, 0x0, 0x0, 0x6f, 0xff, 0xff, 0xd0, 0x0,
    0x0, 0x0, 0x6, 0xff, 0xff, 0xfd, 0x0, 0x0,
    0x0, 0x0, 0x6f, 0xff, 0xff, 0xd0, 0x0, 0x0,
    0x0, 0x6, 0xff, 0xff, 0xfd, 0x0, 0x0, 0x0,
    0x0, 0x6f, 0xff, 0xff, 0xd0, 0x0, 0x0, 0x0,
    0x6, 0xff, 0xff, 0xfd, 0x0, 0x0, 0x0, 0x0,
    0x6f, 0xff, 0xff, 0xd0, 0x0, 0x0, 0x0, 0x6,
    0xff, 0xff, 0xfd, 0x0, 0x0, 0x0, 0x0, 0x6f,
    0xff, 0xff, 0xd0, 0x0, 0x0, 0x0, 0x6, 0xff,
    0xff, 0xfd, 0x0, 0x0, 0x0, 0x0, 0x6f, 0xff,
    0xff, 0xd0, 0x0, 0x0, 0x0, 0x6, 0xff, 0xff,
    0xfd, 0x0, 0x0, 0x0, 0x0, 0x6f, 0xff, 0xff,
    0xd0, 0x0, 0x0, 0x0, 0x6, 0xff, 0xff, 0xfd,
    0x0, 0x0, 0x0, 0x0, 0x6f, 0xff, 0xff, 0xd0,
    0x0, 0x0, 0x0, 0x6, 0xff, 0xff, 0xfd, 0x0,
    0x0, 0x0, 0x0, 0x6f, 0xff, 0xff, 0xd0, 0x0,
    0x0, 0x0, 0x6, 0xff, 0xff, 0xfd,

    /* U+0032 "2" */
    0x0, 0x0, 0x0, 0x0, 0x5a, 0xde, 0xff, 0xec,
    0x83, 0x0, 0x0, 0x0, 0x0, 0x0, 0x0, 0x0,
    0x8f, 0xff, 0xff, 0xff, 0xff, 0xff, 0xd4, 0x0,
    0x0, 0x0, 0x0, 0x0, 0x3d, 0xff, 0xff, 0xff,
    0xff, 0xff, 0xff, 0xff, 0xa0, 0x0, 0x0, 0x0,
    0x3, 0xff, 0xff, 0xff, 0xff, 0xff, 0xff, 0xff,
    0xff, 0xfc, 0x0, 0x0, 0x0, 0x1e, 0xff, 0xff,
    0xff, 0xff, 0xff, 0xff, 0xff, 0xff, 0xff, 0xa0,
    0x0, 0x0, 0xaf, 0xff, 0xff, 0xff, 0x95, 0x34,
    0x7c, 0xff, 0xff, 0xff, 0xf4, 0x0, 0x2, 0xff,
    0xff, 0xff, 0xc1, 0x0, 0x0, 0x0, 0x6f, 0xff,
    0xff, 0xfc, 0x0, 0x8, 0xff, 0xff, 0xfe, 0x10,
    0x0, 0x0, 0x0, 0x7, 0xff, 0xff, 0xff, 0x10,
    0xc, 0xff, 0xff, 0xf6, 0x0, 0x0, 0x0, 0x0,
    0x0, 0xef, 0xff, 0xff, 0x50, 0xf, 0xff, 0xff,
    0xf1, 0x0, 0x0, 0x0, 0x0, 0x0, 0xaf, 0xff,
    0xff, 0x70, 0xf, 0xff, 0xff, 0xf0, 0x0, 0x0,
    0x0, 0x0, 0x0, 0x8f, 0xff, 0xff, 0x70, 0x1,
    0x11, 0x11, 0x10, 0x0, 0x0, 0x0, 0x0, 0x0,
    0x9f, 0xff, 0xff, 0x60, 0x0, 0x0, 0x0, 0x0,
    0x0, 0x0, 0x0, 0x0, 0x0, 0xcf, 0xff, 0xff,
    0x40, 0x0, 0x0, 0x0, 0x0, 0x0, 0x0, 0x0,
    0x0, 0x2, 0xff, 0xff, 0xff, 0x0, 0x0, 0x0,
    0x0, 0x0, 0x0, 0x0, 0x0, 0x0, 0xb, 0xff,
    0xff, 0xfa, 0x0, 0x0, 0x0, 0x0, 0x0, 0x0,
    0x0, 0x0, 0x0, 0x6f, 0xff, 0xff, 0xf2, 0x0,
    0x0, 0x0, 0x0, 0x0, 0x0, 0x0, 0x0, 0x3,
    0xff, 0xff, 0xff, 0x90, 0x0, 0x0, 0x0, 0x0,
    0x0, 0x0, 0x0, 0x0, 0x2e, 0xff, 0xff, 0xfd,
    0x0, 0x0, 0x0, 0x0, 0x0, 0x0, 0x0, 0x0,
    0x1, 0xef, 0xff, 0xff, 0xf3, 0x0, 0x0, 0x0,
    0x0, 0x0, 0x0, 0x0, 0x0, 0x1d, 0xff, 0xff,
    0xff, 0x50, 0x0, 0x0, 0x0, 0x0, 0x0, 0x0,
    0x0, 0x1, 0xdf, 0xff, 0xff, 0xf7, 0x0, 0x0,
    0x0, 0x0, 0x0, 0x0, 0x0, 0x0, 0x1d, 0xff,
    0xff, 0xff, 0x80, 0x0, 0x0, 0x0, 0x0, 0x0,
    0x0, 0x0, 0x1, 0xdf, 0xff, 0xff, 0xf9, 0x0,
    0x0, 0x0, 0x0, 0x0, 0x0, 0x0, 0x0, 0x1d,
    0xff, 0xff, 0xff, 0x90, 0x0, 0x0, 0x0, 0x0,
    0x0, 0x0, 0x0, 0x1, 0xdf, 0xff, 0xff, 0xfa,
    0x0, 0x0, 0x0, 0x0, 0x0, 0x0, 0x0, 0x0,
    0x1d, 0xff, 0xff, 0xff, 0xa0, 0x0, 0x0, 0x0,
    0x0, 0x0, 0x0, 0x0, 0x1, 0xdf, 0xff, 0xff,
    0xfb, 0x0, 0x0, 0x0, 0x0, 0x0, 0x0, 0x0,
    0x0, 0x1d, 0xff, 0xff, 0xff, 0xb0, 0x0, 0x0,
    0x0, 0x0, 0x0, 0x0, 0x0, 0x1, 0xdf, 0xff,
    0xff, 0xfc, 0x0, 0x0, 0x0, 0x0, 0x0, 0x0,
    0x0, 0x0, 0x1d, 0xff, 0xff, 0xff, 0xc0, 0x0,
    0x0, 0x0, 0x0, 0x0, 0x0, 0x0, 0x1, 0xdf,
    0xff, 0xff, 0xff, 0x87, 0x77, 0x77, 0x77, 0x77,
    0x77, 0x77, 0x70, 0xc, 0xff, 0xff, 0xff, 0xff,
    0xff, 0xff, 0xff, 0xff, 0xff, 0xff, 0xff, 0xf0,
    0xd, 0xff, 0xff, 0xff, 0xff, 0xff, 0xff, 0xff,
    0xff, 0xff, 0xff, 0xff, 0xf0, 0xd, 0xff, 0xff,
    0xff, 0xff, 0xff, 0xff, 0xff, 0xff, 0xff, 0xff,
    0xff, 0xf0, 0xd, 0xff, 0xff, 0xff, 0xff, 0xff,
    0xff, 0xff, 0xff, 0xff, 0xff, 0xff, 0xf0, 0xd,
    0xff, 0xff, 0xff, 0xff, 0xff, 0xff, 0xff, 0xff,
    0xff, 0xff, 0xff, 0xf0,

    /* U+0033 "3" */
    0x0, 0x0, 0x0, 0x0, 0x38, 0xbe, 0xff, 0xfd,
    0xa6, 0x10, 0x0, 0x0, 0x0, 0x0, 0x0, 0x0,
    0x5, 0xdf, 0xff, 0xff, 0xff, 0xff, 0xff, 0xa1,
    0x0, 0x0, 0x0, 0x0, 0x0, 0x1b, 0xff, 0xff,
    0xff, 0xff, 0xff, 0xff, 0xff, 0xf5, 0x0, 0x0,
    0x0, 0x0, 0x2d, 0xff, 0xff, 0xff, 0xff, 0xff,
    0xff, 0xff, 0xff, 0xf6, 0x0, 0x0, 0x0, 0xd,
    0xff, 0xff, 0xff, 0xff, 0xff, 0xff, 0xff, 0xff,
    0xff, 0xf3, 0x0, 0x0, 0x9, 0xff, 0xff, 0xff,
    0xfb, 0x64, 0x34, 0x8e, 0xff, 0xff, 0xff, 0xd0,
    0x0, 0x1, 0xff, 0xff, 0xff, 0xe3, 0x0, 0x0,
    0x0, 0x1b, 0xff, 0xff, 0xff, 0x40, 0x0, 0x6f,
    0xff, 0xff, 0xf2, 0x0, 0x0, 0x0, 0x0, 0xe,
    0xff, 0xff, 0xf9, 0x0, 0xa, 0xff, 0xff, 0xf8,
    0x0, 0x0, 0x0, 0x0, 0x0, 0x7f, 0xff, 0xff,
    0xc0, 0x0, 0xad, 0xdd, 0xdd, 0x40, 0x0, 0x0,
    0x0, 0x0, 0x4, 0xff, 0xff, 0xfd, 0x0, 0x0,
    0x0, 0x0, 0x0, 0x0, 0x0, 0x0, 0x0, 0x0,
    0x4f, 0xff, 0xff, 0xc0, 0x0, 0x0, 0x0, 0x0,
    0x0, 0x0, 0x0, 0x0, 0x0, 0x7, 0xff, 0xff,
    0xf9, 0x0, 0x0, 0x0, 0x0, 0x0, 0x0, 0x0,
    0x0, 0x0, 0x1, 0xef, 0xff, 0xff, 0x50, 0x0,
    0x0, 0x0, 0x0, 0x0, 0x0, 0x0, 0x0, 0x1,
    0xcf, 0xff, 0xff, 0xd0, 0x0, 0x0, 0x0, 0x0,
    0x0, 0x0, 0x0, 0x0, 0x38, 0xef, 0xff, 0xff,
    0xe2, 0x0, 0x0, 0x0, 0x0, 0x0, 0x0, 0x7f,
    0xff, 0xff, 0xff, 0xff, 0xff, 0xd2, 0x0, 0x0,
    0x0, 0x0, 0x0, 0x0, 0x7, 0xff, 0xff, 0xff,
    0xff, 0xfd, 0x70, 0x0, 0x0, 0x0, 0x0, 0x0,
    0x0, 0x0, 0x7f, 0xff, 0xff, 0xff, 0xfd, 0x62,
    0x0, 0x0, 0x0, 0x0, 0x0, 0x0, 0x0, 0x7,
    0xff, 0xff, 0xff, 0xff, 0xff, 0xfb, 0x30, 0x0,
    0x0, 0x0, 0x0, 0x0, 0x0, 0x6e, 0xee, 0xff,
    0xff, 0xff, 0xff, 0xff, 0x70, 0x0, 0x0, 0x0,
    0x0, 0x0, 0x0, 0x0, 0x0, 0x14, 0xaf, 0xff,
    0xff, 0xff, 0x60, 0x0, 0x0, 0x0, 0x0, 0x0,
    0x0, 0x0, 0x0, 0x0, 0x3e, 0xff, 0xff, 0xff,
    0x10, 0x0, 0x0, 0x0, 0x0, 0x0, 0x0, 0x0,
    0x0, 0x0, 0x3f, 0xff, 0xff, 0xf8, 0x0, 0x0,
    0x0, 0x0, 0x0, 0x0, 0x0, 0x0, 0x0, 0x0,
    0xaf, 0xff, 0xff, 0xd0, 0x0, 0x0, 0x0, 0x0,
    0x0, 0x0, 0x0, 0x0, 0x0, 0x6, 0xff, 0xff,
    0xff, 0x0, 0x11, 0x11, 0x11, 0x0, 0x0, 0x0,
    0x0, 0x0, 0x0, 0x5f, 0xff, 0xff, 0xf1, 0x6f,
    0xff, 0xff, 0xe0, 0x0, 0x0, 0x0, 0x0, 0x0,
    0x7, 0xff, 0xff, 0xff, 0x14, 0xff, 0xff, 0xff,
    0x30, 0x0, 0x0, 0x0, 0x0, 0x0, 0xcf, 0xff,
    0xff, 0xe0, 0x1f, 0xff, 0xff, 0xfc, 0x0, 0x0,
    0x0, 0x0, 0x0, 0x7f, 0xff, 0xff, 0xfb, 0x0,
    0xaf, 0xff, 0xff, 0xfc, 0x30, 0x0, 0x0, 0x0,
    0x9f, 0xff, 0xff, 0xff, 0x40, 0x2, 0xff, 0xff,
    0xff, 0xff, 0xc8, 0x65, 0x7a, 0xff, 0xff, 0xff,
    0xff, 0xc0, 0x0, 0x7, 0xff, 0xff, 0xff, 0xff,
    0xff, 0xff, 0xff, 0xff, 0xff, 0xff, 0xe2, 0x0,
    0x0, 0x9, 0xff, 0xff, 0xff, 0xff, 0xff, 0xff,
    0xff, 0xff, 0xff, 0xe3, 0x0, 0x0, 0x0, 0x6,
    0xff, 0xff, 0xff, 0xff, 0xff, 0xff, 0xff, 0xff,
    0xc2, 0x0, 0x0, 0x0, 0x0, 0x1, 0x9f, 0xff,
    0xff, 0xff, 0xff, 0xff, 0xfd, 0x50, 0x0, 0x0,
    0x0, 0x0, 0x0, 0x0, 0x5, 0x9c, 0xef, 0xff,
    0xdb, 0x73, 0x0, 0x0, 0x0, 0x0,

    /* U+0034 "4" */
    0x0, 0x0, 0x0, 0x0, 0x0, 0x0, 0x0, 0xe,
    0xff, 0xff, 0xff, 0xf2, 0x0, 0x0, 0x0, 0x0,
    0x0, 0x0, 0x0, 0x0, 0x0, 0x9f, 0xff, 0xff,
    0xff, 0xf2, 0x0, 0x0, 0x0, 0x0, 0x0, 0x0,
    0x0, 0x0, 0x3, 0xff, 0xff, 0xff, 0xff, 0xf2,
    0x0, 0x0, 0x0, 0x0, 0x0, 0x0, 0x0, 0x0,
    0xc, 0xff, 0xff, 0xff, 0xff, 0xf2, 0x0, 0x0,
    0x0, 0x0, 0x0, 0x0, 0x0, 0x0, 0x6f, 0xff,
    0xff, 0xff, 0xff, 0xf2, 0x0, 0x0, 0x0, 0x0,
    0x0, 0x0, 0x0, 0x1, 0xff, 0xff, 0xff, 0xff,
    0xff, 0xf2, 0x0, 0x0, 0x0, 0x0, 0x0, 0x0,
    0x0, 0xa, 0xff, 0xff, 0xff, 0xff, 0xff, 0xf2,
    0x0, 0x0, 0x0, 0x0, 0x0, 0x0, 0x0, 0x4f,
    0xff, 0xff, 0xdd, 0xff, 0xff, 0xf2, 0x0, 0x0,
    0x0, 0x0, 0x0, 0x0, 0x0, 0xdf, 0xff, 0xff,
    0x4c, 0xff, 0xff, 0xf2, 0x0, 0x0, 0x0, 0x0,
    0x0, 0x0, 0x7, 0xff, 0xff, 0xfa, 0xc, 0xff,
    0xff, 0xf2, 0x0, 0x0, 0x0, 0x0, 0x0, 0x0,
    0x2f, 0xff, 0xff, 0xf1, 0xc, 0xff, 0xff, 0xf2,
    0x0, 0x0, 0x0, 0x0, 0x0, 0x0, 0xbf, 0xff,
    0xff, 0x70, 0xc, 0xff, 0xff, 0xf2, 0x0, 0x0,
    0x0, 0x0, 0x0, 0x5, 0xff, 0xff, 0xfd, 0x0,
    0xc, 0xff, 0xff, 0xf2, 0x0, 0x0, 0x0, 0x0,
    0x0, 0xe, 0xff, 0xff, 0xf4, 0x0, 0xc, 0xff,
    0xff, 0xf2, 0x0, 0x0, 0x0, 0x0, 0x0, 0x8f,
    0xff, 0xff, 0xa0, 0x0, 0xc, 0xff, 0xff, 0xf2,
    0x0, 0x0, 0x0, 0x0, 0x2, 0xff, 0xff, 0xff,
    0x10, 0x0, 0xc, 0xff, 0xff, 0xf2, 0x0, 0x0,
    0x0, 0x0, 0xc, 0xff, 0xff, 0xf6, 0x0, 0x0,
    0xc, 0xff, 0xff, 0xf2, 0x0, 0x0, 0x0, 0x0,
    0x6f, 0xff, 0xff, 0xd0, 0x0, 0x0, 0xc, 0xff,
    0xff, 0xf2, 0x0, 0x0, 0x0, 0x1, 0xef, 0xff,
    0xff, 0x30, 0x0, 0x0, 0xc, 0xff, 0xff, 0xf2,
    0x0, 0x0, 0x0, 0x9, 0xff, 0xff, 0xf9, 0x0,
    0x0, 0x0, 0xc, 0xff, 0xff, 0xf2, 0x0, 0x0,
    0x0, 0x3f, 0xff, 0xff, 0xe1, 0x0, 0x0, 0x0,
    0xc, 0xff, 0xff, 0xf2, 0x0, 0x0, 0x0, 0xdf,
    0xff, 0xff, 0x60, 0x0, 0x0, 0x0, 0xc, 0xff,
    0xff, 0xf2, 0x0, 0x0, 0x7, 0xff, 0xff, 0xfc,
    0x0, 0x0, 0x0, 0x0, 0xc, 0xff, 0xff, 0xf2,
    0x0, 0x0, 0x1f, 0xff, 0xff, 0xf3, 0x0, 0x0,
    0x0, 0x0, 0xc, 0xff, 0xff, 0xf2, 0x0, 0x0,
    0x7f, 0xff, 0xff, 0xff, 0xff, 0xff, 0xff, 0xff,
    0xff, 0xff, 0xff, 0xff, 0xff, 0xfa, 0x7f, 0xff,
    0xff, 0xff, 0xff, 0xff, 0xff, 0xff, 0xff, 0xff,
    0xff, 0xff, 0xff, 0xfa, 0x7f, 0xff, 0xff, 0xff,
    0xff, 0xff, 0xff, 0xff, 0xff, 0xff, 0xff, 0xff,
    0xff, 0xfa, 0x7f, 0xff, 0xff, 0xff, 0xff, 0xff,
    0xff, 0xff, 0xff, 0xff, 0xff, 0xff, 0xff, 0xfa,
    0x7f, 0xff, 0xff, 0xff, 0xff, 0xff, 0xff, 0xff,
    0xff, 0xff, 0xff, 0xff, 0xff, 0xfa, 0x14, 0x44,
    0x44, 0x44, 0x44, 0x44, 0x44, 0x44, 0x4e, 0xff,
    0xff, 0xf5, 0x44, 0x42, 0x0, 0x0, 0x0, 0x0,
    0x0, 0x0, 0x0, 0x0, 0xe, 0xff, 0xff, 0xf2,
    0x0, 0x0, 0x0, 0x0, 0x0, 0x0, 0x0, 0x0,
    0x0, 0x0, 0xe, 0xff, 0xff, 0xf2, 0x0, 0x0,
    0x0, 0x0, 0x0, 0x0, 0x0, 0x0, 0x0, 0x0,
    0xe, 0xff, 0xff, 0xf2, 0x0, 0x0, 0x0, 0x0,
    0x0, 0x0, 0x0, 0x0, 0x0, 0x0, 0xe, 0xff,
    0xff, 0xf2, 0x0, 0x0, 0x0, 0x0, 0x0, 0x0,
    0x0, 0x0, 0x0, 0x0, 0xe, 0xff, 0xff, 0xf2,
    0x0, 0x0, 0x0, 0x0, 0x0, 0x0, 0x0, 0x0,
    0x0, 0x0, 0xe, 0xff, 0xff, 0xf2, 0x0, 0x0,

    /* U+0035 "5" */
    0x0, 0x1f, 0xff, 0xff, 0xff, 0xff, 0xff, 0xff,
    0xff, 0xff, 0xff, 0xf2, 0x0, 0x3, 0xff, 0xff,
    0xff, 0xff, 0xff, 0xff, 0xff, 0xff, 0xff, 0xff,
    0x20, 0x0, 0x4f, 0xff, 0xff, 0xff, 0xff, 0xff,
    0xff, 0xff, 0xff, 0xff, 0xf2, 0x0, 0x6, 0xff,
    0xff, 0xff, 0xff, 0xff, 0xff, 0xff, 0xff, 0xff,
    0xff, 0x20, 0x0, 0x8f, 0xff, 0xff, 0xff, 0xff,
    0xff, 0xff, 0xff, 0xff, 0xff, 0xf2, 0x0, 0x9,
    0xff, 0xff, 0xf6, 0x55, 0x55, 0x55, 0x55, 0x55,
    0x55, 0x55, 0x0, 0x0, 0xbf, 0xff, 0xff, 0x0,
    0x0, 0x0, 0x0, 0x0, 0x0, 0x0, 0x0, 0x0,
    0xc, 0xff, 0xff, 0xe0, 0x0, 0x0, 0x0, 0x0,
    0x0, 0x0, 0x0, 0x0, 0x0, 0xef, 0xff, 0xfc,
    0x0, 0x0, 0x0, 0x0, 0x0, 0x0, 0x0, 0x0,
    0x0, 0xf, 0xff, 0xff, 0xa0, 0x0, 0x0, 0x0,
    0x0, 0x0, 0x0, 0x0, 0x0, 0x1, 0xff, 0xff,
    0xf9, 0x0, 0x0, 0x0, 0x0, 0x0, 0x0, 0x0,
    0x0, 0x0, 0x3f, 0xff, 0xff, 0x70, 0x0, 0x0,
    0x0, 0x0, 0x0, 0x0, 0x0, 0x0, 0x4, 0xff,
    0xff, 0xf5, 0x0, 0x59, 0xce, 0xed, 0xa5, 0x0,
    0x0, 0x0, 0x0, 0x6f, 0xff, 0xff, 0x44, 0xdf,
    0xff, 0xff, 0xff, 0xfe, 0x70, 0x0, 0x0, 0x8,
    0xff, 0xff, 0xf9, 0xff, 0xff, 0xff, 0xff, 0xff,
    0xff, 0xc1, 0x0, 0x0, 0x9f, 0xff, 0xff, 0xff,
    0xff, 0xff, 0xff, 0xff, 0xff, 0xff, 0xd1, 0x0,
    0xb, 0xff, 0xff, 0xff, 0xff, 0xff, 0xff, 0xff,
    0xff, 0xff, 0xff, 0xb0, 0x0, 0xcf, 0xff, 0xff,
    0xfe, 0x83, 0x10, 0x15, 0xcf, 0xff, 0xff, 0xff,
    0x60, 0x4, 0x7a, 0xdf, 0xf9, 0x0, 0x0, 0x0,
    0x0, 0x8f, 0xff, 0xff, 0xfd, 0x0, 0x0, 0x0,
    0x2, 0x0, 0x0, 0x0, 0x0, 0x0, 0x8f, 0xff,
    0xff, 0xf4, 0x0, 0x0, 0x0, 0x0, 0x0, 0x0,
    0x0, 0x0, 0x0, 0xef, 0xff, 0xff, 0x90, 0x0,
    0x0, 0x0, 0x0, 0x0, 0x0, 0x0, 0x0, 0x7,
    0xff, 0xff, 0xfc, 0x0, 0x0, 0x0, 0x0, 0x0,
    0x0, 0x0, 0x0, 0x0, 0x3f, 0xff, 0xff, 0xe0,
    0x0, 0x0, 0x0, 0x0, 0x0, 0x0, 0x0, 0x0,
    0x2, 0xff, 0xff, 0xff, 0x0, 0x0, 0x0, 0x0,
    0x0, 0x0, 0x0, 0x0, 0x0, 0x2f, 0xff, 0xff,
    0xf1, 0x22, 0x22, 0x21, 0x0, 0x0, 0x0, 0x0,
    0x0, 0x3, 0xff, 0xff, 0xfd, 0x7f, 0xff, 0xff,
    0xa0, 0x0, 0x0, 0x0, 0x0, 0x0, 0x8f, 0xff,
    0xff, 0xb5, 0xff, 0xff, 0xfe, 0x0, 0x0, 0x0,
    0x0, 0x0, 0xe, 0xff, 0xff, 0xf7, 0x1f, 0xff,
    0xff, 0xf8, 0x0, 0x0, 0x0, 0x0, 0x9, 0xff,
    0xff, 0xff, 0x20, 0xbf, 0xff, 0xff, 0xf7, 0x0,
    0x0, 0x0, 0x9, 0xff, 0xff, 0xff, 0xb0, 0x3,
    0xff, 0xff, 0xff, 0xfd, 0x74, 0x34, 0x8e, 0xff,
    0xff, 0xff, 0xf2, 0x0, 0x8, 0xff, 0xff, 0xff,
    0xff, 0xff, 0xff, 0xff, 0xff, 0xff, 0xf6, 0x0,
    0x0, 0xa, 0xff, 0xff, 0xff, 0xff, 0xff, 0xff,
    0xff, 0xff, 0xf8, 0x0, 0x0, 0x0, 0x8, 0xff,
    0xff, 0xff, 0xff, 0xff, 0xff, 0xff, 0xf6, 0x0,
    0x0, 0x0, 0x0, 0x3, 0xbf, 0xff, 0xff, 0xff,
    0xff, 0xff, 0xa2, 0x0, 0x0, 0x0, 0x0, 0x0,
    0x0, 0x27, 0xbd, 0xff, 0xfd, 0xb7, 0x10, 0x0,
    0x0, 0x0,

    /* U+0036 "6" */
    0x0, 0x0, 0x0, 0x0, 0x2, 0x7b, 0xef, 0xfe,
    0xc9, 0x40, 0x0, 0x0, 0x0, 0x0, 0x0, 0x0,
    0x0, 0x2b, 0xff, 0xff, 0xff, 0xff, 0xff, 0xe5,
    0x0, 0x0, 0x0, 0x0, 0x0, 0x0, 0x7f, 0xff,
    0xff, 0xff, 0xff, 0xff, 0xff, 0xfa, 0x10, 0x0,
    0x0, 0x0, 0x0, 0x9f, 0xff, 0xff, 0xff, 0xff,
    0xff, 0xff, 0xff, 0xfc, 0x0, 0x0, 0x0, 0x0,
    0x7f, 0xff, 0xff, 0xff, 0xff, 0xff, 0xff, 0xff,
    0xff, 0xfc, 0x0, 0x0, 0x0, 0x3f, 0xff, 0xff,
    0xff, 0xfb, 0x98, 0xae, 0xff, 0xff, 0xff, 0xf7,
    0x0, 0x0, 0xc, 0xff, 0xff, 0xff, 0x81, 0x0,
    0x0, 0x7, 0xff, 0xff, 0xff, 0xf1, 0x0, 0x5,
    0xff, 0xff, 0xff, 0x60, 0x0, 0x0, 0x0, 0x6,
    0xff, 0xff, 0xff, 0x60, 0x0, 0xcf, 0xff, 0xff,
    0x90, 0x0, 0x0, 0x0, 0x0, 0xb, 0xff, 0xff,
    0xfb, 0x0, 0x2f, 0xff, 0xff, 0xf1, 0x0, 0x0,
    0x0, 0x0, 0x0, 0x3b, 0xbb, 0xbb, 0x90, 0x7,
    0xff, 0xff, 0xf8, 0x0, 0x0, 0x0, 0x0, 0x0,
    0x0, 0x0, 0x0, 0x0, 0x0, 0xcf, 0xff, 0xff,
    0x30, 0x0, 0x0, 0x0, 0x0, 0x0, 0x0, 0x0,
    0x0, 0x0, 0xf, 0xff, 0xff, 0xf0, 0x0, 0x2,
    0x7b, 0xdd, 0xdb, 0x72, 0x0, 0x0, 0x0, 0x2,
    0xff, 0xff, 0xfc, 0x0, 0x1a, 0xff, 0xff, 0xff,
    0xff, 0xfa, 0x10, 0x0, 0x0, 0x4f, 0xff, 0xff,
    0xa0, 0x3e, 0xff, 0xff, 0xff, 0xff, 0xff, 0xfe,
    0x40, 0x0, 0x6, 0xff, 0xff, 0xf9, 0x3f, 0xff,
    0xff, 0xff, 0xff, 0xff, 0xff, 0xff, 0x40, 0x0,
    0x7f, 0xff, 0xff, 0x9d, 0xff, 0xff, 0xff, 0xff,
    0xff, 0xff, 0xff, 0xfe, 0x10, 0x8, 0xff, 0xff,
    0xff, 0xff, 0xfe, 0x72, 0x1, 0x4a, 0xff, 0xff,
    0xff, 0xfb, 0x0, 0x8f, 0xff, 0xff, 0xff, 0xfb,
    0x0, 0x0, 0x0, 0x4, 0xef, 0xff, 0xff, 0xf3,
    0x9, 0xff, 0xff, 0xff, 0xfc, 0x0, 0x0, 0x0,
    0x0, 0x3, 0xff, 0xff, 0xff, 0x90, 0x8f, 0xff,
    0xff, 0xff, 0x20, 0x0, 0x0, 0x0, 0x0, 0x9,
    0xff, 0xff, 0xfe, 0x7, 0xff, 0xff, 0xff, 0xa0,
    0x0, 0x0, 0x0, 0x0, 0x0, 0x3f, 0xff, 0xff,
    0xf1, 0x6f, 0xff, 0xff, 0xf6, 0x0, 0x0, 0x0,
    0x0, 0x0, 0x0, 0xef, 0xff, 0xff, 0x34, 0xff,
    0xff, 0xff, 0x40, 0x0, 0x0, 0x0, 0x0, 0x0,
    0xd, 0xff, 0xff, 0xf4, 0x1f, 0xff, 0xff, 0xf4,
    0x0, 0x0, 0x0, 0x0, 0x0, 0x0, 0xdf, 0xff,
    0xff, 0x30, 0xef, 0xff, 0xff, 0x60, 0x0, 0x0,
    0x0, 0x0, 0x0, 0xf, 0xff, 0xff, 0xf2, 0xa,
    0xff, 0xff, 0xfb, 0x0, 0x0, 0x0, 0x0, 0x0,
    0x4, 0xff, 0xff, 0xff, 0x0, 0x4f, 0xff, 0xff,
    0xf3, 0x0, 0x0, 0x0, 0x0, 0x0, 0xbf, 0xff,
    0xff, 0xc0, 0x0, 0xef, 0xff, 0xff, 0xd0, 0x0,
    0x0, 0x0, 0x0, 0x6f, 0xff, 0xff, 0xf6, 0x0,
    0x6, 0xff, 0xff, 0xff, 0xc1, 0x0, 0x0, 0x0,
    0x7f, 0xff, 0xff, 0xfe, 0x0, 0x0, 0xd, 0xff,
    0xff, 0xff, 0xf9, 0x53, 0x47, 0xdf, 0xff, 0xff,
    0xff, 0x60, 0x0, 0x0, 0x2f, 0xff, 0xff, 0xff,
    0xff, 0xff, 0xff, 0xff, 0xff, 0xff, 0xb0, 0x0,
    0x0, 0x0, 0x4f, 0xff, 0xff, 0xff, 0xff, 0xff,
    0xff, 0xff, 0xff, 0xc0, 0x0, 0x0, 0x0, 0x0,
    0x3d, 0xff, 0xff, 0xff, 0xff, 0xff, 0xff, 0xff,
    0x90, 0x0, 0x0, 0x0, 0x0, 0x0, 0x8, 0xff,
    0xff, 0xff, 0xff, 0xff, 0xfc, 0x40, 0x0, 0x0,
    0x0, 0x0, 0x0, 0x0, 0x0, 0x59, 0xce, 0xff,
    0xeb, 0x83, 0x0, 0x0, 0x0, 0x0,

    /* U+0037 "7" */
    0xf, 0xff, 0xff, 0xff, 0xff, 0xff, 0xff, 0xff,
    0xff, 0xff, 0xff, 0xff, 0xb0, 0xff, 0xff, 0xff,
    0xff, 0xff, 0xff, 0xff, 0xff, 0xff, 0xff, 0xff,
    0xfb, 0xf, 0xff, 0xff, 0xff, 0xff, 0xff, 0xff,
    0xff, 0xff, 0xff, 0xff, 0xff, 0xb0, 0xff, 0xff,
    0xff, 0xff, 0xff, 0xff, 0xff, 0xff, 0xff, 0xff,
    0xff, 0xfb, 0xf, 0xff, 0xff, 0xff, 0xff, 0xff,
    0xff, 0xff, 0xff, 0xff, 0xff, 0xff, 0xb0, 0x77,
    0x77, 0x77, 0x77, 0x77, 0x77, 0x77, 0x77, 0x7f,
    0xff, 0xff, 0xfa, 0x0, 0x0, 0x0, 0x0, 0x0,
    0x0, 0x0, 0x0, 0x4, 0xff, 0xff, 0xff, 0x30,
    0x0, 0x0, 0x0, 0x0, 0x0, 0x0, 0x0, 0x0,
    0xcf, 0xff, 0xff, 0xb0, 0x0, 0x0, 0x0, 0x0,
    0x0, 0x0, 0x0, 0x0, 0x4f, 0xff, 0xff, 0xf3,
    0x0, 0x0, 0x0, 0x0, 0x0, 0x0, 0x0, 0x0,
    0xc, 0xff, 0xff, 0xfc, 0x0, 0x0, 0x0, 0x0,
    0x0, 0x0, 0x0, 0x0, 0x4, 0xff, 0xff, 0xff,
    0x40, 0x0, 0x0, 0x0, 0x0, 0x0, 0x0, 0x0,
    0x0, 0xbf, 0xff, 0xff, 0xc0, 0x0, 0x0, 0x0,
    0x0, 0x0, 0x0, 0x0, 0x0, 0x3f, 0xff, 0xff,
    0xf4, 0x0, 0x0, 0x0, 0x0, 0x0, 0x0, 0x0,
    0x0, 0xb, 0xff, 0xff, 0xfc, 0x0, 0x0, 0x0,
    0x0, 0x0, 0x0, 0x0, 0x0, 0x3, 0xff, 0xff,
    0xff, 0x50, 0x0, 0x0, 0x0, 0x0, 0x0, 0x0,
    0x0, 0x0, 0xaf, 0xff, 0xff, 0xd0, 0x0, 0x0,
    0x0, 0x0, 0x0, 0x0, 0x0, 0x0, 0x2f, 0xff,
    0xff, 0xf5, 0x0, 0x0, 0x0, 0x0, 0x0, 0x0,
    0x0, 0x0, 0xa, 0xff, 0xff, 0xfd, 0x0, 0x0,
    0x0, 0x0, 0x0, 0x0, 0x0, 0x0, 0x2, 0xff,
    0xff, 0xff, 0x60, 0x0, 0x0, 0x0, 0x0, 0x0,
    0x0, 0x0, 0x0, 0xaf, 0xff, 0xff, 0xd0, 0x0,
    0x0, 0x0, 0x0, 0x0, 0x0, 0x0, 0x0, 0x2f,
    0xff, 0xff, 0xf6, 0x0, 0x0, 0x0, 0x0, 0x0,
    0x0, 0x0, 0x0, 0x9, 0xff, 0xff, 0xfe, 0x0,
    0x0, 0x0, 0x0, 0x0, 0x0, 0x0, 0x0, 0x1,
    0xff, 0xff, 0xff, 0x60, 0x0, 0x0, 0x0, 0x0,
    0x0, 0x0, 0x0, 0x0, 0x9f, 0xff, 0xff, 0xe0,
    0x0, 0x0, 0x0, 0x0, 0x0, 0x0, 0x0, 0x0,
    0x1f, 0xff, 0xff, 0xf7, 0x0, 0x0, 0x0, 0x0,
    0x0, 0x0, 0x0, 0x0, 0x8, 0xff, 0xff, 0xfe,
    0x0, 0x0, 0x0, 0x0, 0x0, 0x0, 0x0, 0x0,
    0x1, 0xff, 0xff, 0xff, 0x70, 0x0, 0x0, 0x0,
    0x0, 0x0, 0x0, 0x0, 0x0, 0x8f, 0xff, 0xff,
    0xf0, 0x0, 0x0, 0x0, 0x0, 0x0, 0x0, 0x0,
    0x0, 0x1f, 0xff, 0xff, 0xf8, 0x0, 0x0, 0x0,
    0x0, 0x0, 0x0, 0x0, 0x0, 0x7, 0xff, 0xff,
    0xff, 0x10, 0x0, 0x0, 0x0, 0x0, 0x0, 0x0,
    0x0, 0x0, 0xef, 0xff, 0xff, 0x80, 0x0, 0x0,
    0x0, 0x0, 0x0, 0x0, 0x0, 0x0, 0x7f, 0xff,
    0xff, 0xf1, 0x0, 0x0, 0x0, 0x0, 0x0, 0x0,
    0x0, 0x0, 0xe, 0xff, 0xff, 0xf8, 0x0, 0x0,
    0x0, 0x0, 0x0, 0x0, 0x0, 0x0, 0x7, 0xff,
    0xff, 0xff, 0x10, 0x0, 0x0, 0x0, 0x0, 0x0,
    0x0, 0x0, 0x0, 0xef, 0xff, 0xff, 0x90, 0x0,
    0x0, 0x0, 0x0, 0x0, 0x0, 0x0, 0x0, 0x6f,
    0xff, 0xff, 0xf1, 0x0, 0x0, 0x0, 0x0, 0x0,
    0x0, 0x0,

    /* U+0038 "8" */
    0x0, 0x0, 0x0, 0x0, 0x38, 0xbe, 0xff, 0xfd,
    0xa7, 0x10, 0x0, 0x0, 0x0, 0x0, 0x0, 0x0,
    0x5, 0xdf, 0xff, 0xff, 0xff, 0xff, 0xff, 0xb2,
    0x0, 0x0, 0x0, 0x0, 0x0, 0x1b, 0xff, 0xff,
    0xff, 0xff, 0xff, 0xff, 0xff, 0xf7, 0x0, 0x0,
    0x0, 0x0, 0x1d, 0xff, 0xff, 0xff, 0xff, 0xff,
    0xff, 0xff, 0xff, 0xf9, 0x0, 0x0, 0x0, 0xc,
    0xff, 0xff, 0xff, 0xff, 0xff, 0xff, 0xff, 0xff,
    0xff, 0xf7, 0x0, 0x0, 0x6, 0xff, 0xff, 0xff,
    0xfa, 0x41, 0x1, 0x5c, 0xff, 0xff, 0xff, 0xf1,
    0x0, 0x0, 0xdf, 0xff, 0xff, 0xf4, 0x0, 0x0,
    0x0, 0x8, 0xff, 0xff, 0xff, 0x80, 0x0, 0x1f,
    0xff, 0xff, 0xf6, 0x0, 0x0, 0x0, 0x0, 0xb,
    0xff, 0xff, 0xfd, 0x0, 0x4, 0xff, 0xff, 0xff,
    0x0, 0x0, 0x0, 0x0, 0x0, 0x5f, 0xff, 0xff,
    0xf0, 0x0, 0x4f, 0xff, 0xff, 0xd0, 0x0, 0x0,
    0x0, 0x0, 0x2, 0xff, 0xff, 0xff, 0x0, 0x3,
    0xff, 0xff, 0xfd, 0x0, 0x0, 0x0, 0x0, 0x0,
    0x2f, 0xff, 0xff, 0xe0, 0x0, 0xf, 0xff, 0xff,
    0xf0, 0x0, 0x0, 0x0, 0x0, 0x5, 0xff, 0xff,
    0xfb, 0x0, 0x0, 0xaf, 0xff, 0xff, 0x70, 0x0,
    0x0, 0x0, 0x0, 0xcf, 0xff, 0xff, 0x60, 0x0,
    0x2, 0xff, 0xff, 0xff, 0x50, 0x0, 0x0, 0x0,
    0x9f, 0xff, 0xff, 0xd0, 0x0, 0x0, 0x7, 0xff,
    0xff, 0xff, 0xa4, 0x10, 0x15, 0xcf, 0xff, 0xff,
    0xf3, 0x0, 0x0, 0x0, 0x7, 0xff, 0xff, 0xff,
    0xff, 0xff, 0xff, 0xff, 0xff, 0xe3, 0x0, 0x0,
    0x0, 0x0, 0x2, 0xae, 0xff, 0xff, 0xff, 0xff,
    0xff, 0xfe, 0x81, 0x0, 0x0, 0x0, 0x0, 0x0,
    0x16, 0xcf, 0xff, 0xff, 0xff, 0xff, 0xff, 0x94,
    0x0, 0x0, 0x0, 0x0, 0x0, 0x7f, 0xff, 0xff,
    0xff, 0xff, 0xff, 0xff, 0xff, 0xfd, 0x30, 0x0,
    0x0, 0x0, 0xaf, 0xff, 0xff, 0xff, 0xfe, 0xde,
    0xff, 0xff, 0xff, 0xff, 0x50, 0x0, 0x0, 0xaf,
    0xff, 0xff, 0xfd, 0x50, 0x0, 0x1, 0x8f, 0xff,
    0xff, 0xff, 0x50, 0x0, 0x4f, 0xff, 0xff, 0xfa,
    0x0, 0x0, 0x0, 0x0, 0x2d, 0xff, 0xff, 0xfe,
    0x10, 0xd, 0xff, 0xff, 0xfc, 0x0, 0x0, 0x0,
    0x0, 0x0, 0x2f, 0xff, 0xff, 0xf8, 0x2, 0xff,
    0xff, 0xff, 0x30, 0x0, 0x0, 0x0, 0x0, 0x0,
    0x9f, 0xff, 0xff, 0xe0, 0x6f, 0xff, 0xff, 0xf0,
    0x0, 0x0, 0x0, 0x0, 0x0, 0x4, 0xff, 0xff,
    0xff, 0x28, 0xff, 0xff, 0xfd, 0x0, 0x0, 0x0,
    0x0, 0x0, 0x0, 0x2f, 0xff, 0xff, 0xf3, 0x8f,
    0xff, 0xff, 0xe0, 0x0, 0x0, 0x0, 0x0, 0x0,
    0x4, 0xff, 0xff, 0xff, 0x47, 0xff, 0xff, 0xff,
    0x20, 0x0, 0x0, 0x0, 0x0, 0x0, 0x8f, 0xff,
    0xff, 0xf2, 0x3f, 0xff, 0xff, 0xfb, 0x0, 0x0,
    0x0, 0x0, 0x0, 0x1e, 0xff, 0xff, 0xff, 0x0,
    0xdf, 0xff, 0xff, 0xf8, 0x0, 0x0, 0x0, 0x0,
    0x1c, 0xff, 0xff, 0xff, 0x90, 0x5, 0xff, 0xff,
    0xff, 0xfd, 0x61, 0x0, 0x2, 0x8e, 0xff, 0xff,
    0xff, 0xf1, 0x0, 0xa, 0xff, 0xff, 0xff, 0xff,
    0xff, 0xff, 0xff, 0xff, 0xff, 0xff, 0xf5, 0x0,
    0x0, 0xb, 0xff, 0xff, 0xff, 0xff, 0xff, 0xff,
    0xff, 0xff, 0xff, 0xf7, 0x0, 0x0, 0x0, 0x8,
    0xff, 0xff, 0xff, 0xff, 0xff, 0xff, 0xff, 0xff,
    0xe4, 0x0, 0x0, 0x0, 0x0, 0x2, 0xaf, 0xff,
    0xff, 0xff, 0xff, 0xff, 0xfe, 0x70, 0x0, 0x0,
    0x0, 0x0, 0x0, 0x0, 0x15, 0x9c, 0xef, 0xff,
    0xeb, 0x84, 0x0, 0x0, 0x0, 0x0,

    /* U+0039 "9" */
    0x0, 0x0, 0x0, 0x0, 0x49, 0xce, 0xff, 0xdc,
    0x83, 0x0, 0x0, 0x0, 0x0, 0x0, 0x0, 0x0,
    0x7, 0xef, 0xff, 0xff, 0xff, 0xff, 0xfd, 0x60,
    0x0, 0x0, 0x0, 0x0, 0x0, 0x2d, 0xff, 0xff,
    0xff, 0xff, 0xff, 0xff, 0xff, 0xb1, 0x0, 0x0,
    0x0, 0x0, 0x3f, 0xff, 0xff, 0xff, 0xff, 0xff,
    0xff, 0xff, 0xff, 0xd1, 0x0, 0x0, 0x0, 0x2f,
    0xff, 0xff, 0xff, 0xff, 0xff, 0xff, 0xff, 0xff,
    0xff, 0xc0, 0x0, 0x0, 0xc, 0xff, 0xff, 0xff,
    0xfb, 0x64, 0x46, 0xbf, 0xff, 0xff, 0xff, 0x80,
    0x0, 0x5, 0xff, 0xff, 0xff, 0xe3, 0x0, 0x0,
    0x0, 0x3e, 0xff, 0xff, 0xff, 0x20, 0x0, 0xcf,
    0xff, 0xff, 0xe2, 0x0, 0x0, 0x0, 0x0, 0x1e,
    0xff, 0xff, 0xf9, 0x0, 0x2f, 0xff, 0xff, 0xf5,
    0x0, 0x0, 0x0, 0x0, 0x0, 0x5f, 0xff, 0xff,
    0xf0, 0x5, 0xff, 0xff, 0xfe, 0x0, 0x0, 0x0,
    0x0, 0x0, 0x0, 0xdf, 0xff, 0xff, 0x50, 0x7f,
    0xff, 0xff, 0xa0, 0x0, 0x0, 0x0, 0x0, 0x0,
    0x9, 0xff, 0xff, 0xf9, 0x8, 0xff, 0xff, 0xf8,
    0x0, 0x0, 0x0, 0x0, 0x0, 0x0, 0x7f, 0xff,
    0xff, 0xd0, 0x8f, 0xff, 0xff, 0x90, 0x0, 0x0,
    0x0, 0x0, 0x0, 0x9, 0xff, 0xff, 0xff, 0x7,
    0xff, 0xff, 0xfc, 0x0, 0x0, 0x0, 0x0, 0x0,
    0x0, 0xcf, 0xff, 0xff, 0xf1, 0x4f, 0xff, 0xff,
    0xf2, 0x0, 0x0, 0x0, 0x0, 0x0, 0x3f, 0xff,
    0xff, 0xff, 0x30, 0xff, 0xff, 0xff, 0xb0, 0x0,
    0x0, 0x0, 0x0, 0xc, 0xff, 0xff, 0xff, 0xf4,
    0xa, 0xff, 0xff, 0xff, 0x90, 0x0, 0x0, 0x0,
    0x1b, 0xff, 0xff, 0xff, 0xff, 0x40, 0x2f, 0xff,
    0xff, 0xff, 0xd6, 0x10, 0x1, 0x7e, 0xff, 0xff,
    0xff, 0xff, 0xf4, 0x0, 0x8f, 0xff, 0xff, 0xff,
    0xff, 0xff, 0xff, 0xff, 0xfb, 0xdf, 0xff, 0xff,
    0x30, 0x0, 0xbf, 0xff, 0xff, 0xff, 0xff, 0xff,
    0xff, 0xfe, 0x1d, 0xff, 0xff, 0xf3, 0x0, 0x0,
    0xaf, 0xff, 0xff, 0xff, 0xff, 0xff, 0xfd, 0x20,
    0xef, 0xff, 0xff, 0x10, 0x0, 0x0, 0x6e, 0xff,
    0xff, 0xff, 0xff, 0xf9, 0x10, 0xf, 0xff, 0xff,
    0xf0, 0x0, 0x0, 0x0, 0x5, 0xad, 0xff, 0xec,
    0x82, 0x0, 0x2, 0xff, 0xff, 0xfd, 0x0, 0x0,
    0x0, 0x0, 0x0, 0x0, 0x0, 0x0, 0x0, 0x0,
    0x5f, 0xff, 0xff, 0xa0, 0x0, 0x0, 0x0, 0x0,
    0x0, 0x0, 0x0, 0x0, 0x0, 0xa, 0xff, 0xff,
    0xf7, 0x1, 0x44, 0x44, 0x44, 0x0, 0x0, 0x0,
    0x0, 0x0, 0x0, 0xef, 0xff, 0xff, 0x20, 0x1f,
    0xff, 0xff, 0xf3, 0x0, 0x0, 0x0, 0x0, 0x0,
    0x6f, 0xff, 0xff, 0xd0, 0x0, 0xef, 0xff, 0xff,
    0xa0, 0x0, 0x0, 0x0, 0x0, 0x1e, 0xff, 0xff,
    0xf7, 0x0, 0x9, 0xff, 0xff, 0xff, 0x50, 0x0,
    0x0, 0x0, 0xb, 0xff, 0xff, 0xff, 0x10, 0x0,
    0x2f, 0xff, 0xff, 0xff, 0x60, 0x0, 0x0, 0x3c,
    0xff, 0xff, 0xff, 0x80, 0x0, 0x0, 0x9f, 0xff,
    0xff, 0xff, 0xea, 0x89, 0xcf, 0xff, 0xff, 0xff,
    0xd0, 0x0, 0x0, 0x0, 0xdf, 0xff, 0xff, 0xff,
    0xff, 0xff, 0xff, 0xff, 0xff, 0xf3, 0x0, 0x0,
    0x0, 0x1, 0xef, 0xff, 0xff, 0xff, 0xff, 0xff,
    0xff, 0xff, 0xf4, 0x0, 0x0, 0x0, 0x0, 0x2,
    0xcf, 0xff, 0xff, 0xff, 0xff, 0xff, 0xff, 0xe3,
    0x0, 0x0, 0x0, 0x0, 0x0, 0x0, 0x7e, 0xff,
    0xff, 0xff, 0xff, 0xff, 0x91, 0x0, 0x0, 0x0,
    0x0, 0x0, 0x0, 0x0, 0x5, 0xad, 0xff, 0xfd,
    0xa6, 0x10, 0x0, 0x0, 0x0, 0x0,

    /* U+003A ":" */
    0x0, 0x4c, 0xfe, 0x80, 0x0, 0x5f, 0xff, 0xff,
    0xa0, 0xe, 0xff, 0xff, 0xff, 0x31, 0xff, 0xff,
    0xff, 0xf6, 0xf, 0xff, 0xff, 0xff, 0x50, 0xbf,
    0xff, 0xff, 0xf1, 0x1, 0xdf, 0xff, 0xf5, 0x0,
    0x0, 0x69, 0x72, 0x0, 0x0, 0x0, 0x0, 0x0,
    0x0, 0x0, 0x0, 0x0, 0x0, 0x0, 0x0, 0x0,
    0x0, 0x0, 0x0, 0x0, 0x0, 0x0, 0x0, 0x0,
    0x0, 0x0, 0x0, 0x0, 0x0, 0x0, 0x0, 0x0,
    0x0, 0x0, 0x0, 0x0, 0x0, 0x0, 0x0, 0x0,
    0x0, 0x0, 0x0, 0x0, 0x0, 0x0, 0x0, 0x0,
    0x0, 0x0, 0x6, 0x97, 0x20, 0x0, 0x1d, 0xff,
    0xff, 0x50, 0xb, 0xff, 0xff, 0xff, 0x10, 0xff,
    0xff, 0xff, 0xf5, 0x1f, 0xff, 0xff, 0xff, 0x60,
    0xef, 0xff, 0xff, 0xf2, 0x5, 0xff, 0xff, 0xfa,
    0x0, 0x5, 0xcf, 0xe8, 0x0,

    /* U+003B ";" */
    0x0, 0x0, 0x38, 0x95, 0x0, 0x0, 0x7, 0xff,
    0xff, 0xc0, 0x0, 0x3f, 0xff, 0xff, 0xf8, 0x0,
    0x8f, 0xff, 0xff, 0xfd, 0x0, 0x9f, 0xff, 0xff,
    0xfe, 0x0, 0x5f, 0xff, 0xff, 0xfb, 0x0, 0xc,
    0xff, 0xff, 0xf3, 0x0, 0x1, 0x9e, 0xfb, 0x30,
    0x0, 0x0, 0x0, 0x0, 0x0, 0x0, 0x0, 0x0,
    0x0, 0x0, 0x0, 0x0, 0x0, 0x0, 0x0, 0x0,
    0x0, 0x0, 0x0, 0x0, 0x0, 0x0, 0x0, 0x0,
    0x0, 0x0, 0x0, 0x0, 0x0, 0x0, 0x0, 0x0,
    0x0, 0x0, 0x0, 0x0, 0x0, 0x0, 0x0, 0x0,
    0x0, 0x0, 0x0, 0x0, 0x0, 0x0, 0x0, 0x0,
    0x0, 0x0, 0x0, 0x0, 0x0, 0x0, 0x0, 0x0,
    0x0, 0x0, 0x0, 0x0, 0x0, 0x6, 0x66, 0x66,
    0x61, 0x0, 0x2f, 0xff, 0xff, 0xf0, 0x0, 0x5f,
    0xff, 0xff, 0xb0, 0x0, 0x7f, 0xff, 0xff, 0x60,
    0x0, 0x9f, 0xff, 0xff, 0x20, 0x0, 0xcf, 0xff,
    0xfd, 0x0, 0x0, 0xef, 0xff, 0xf9, 0x0, 0x0,
    0xff, 0xff, 0xf4, 0x0, 0x2, 0xff, 0xff, 0xf0,
    0x0, 0x5, 0xff, 0xff, 0xb0, 0x0, 0x7, 0xff,
    0xff, 0x60, 0x0, 0x9, 0xff, 0xff, 0x20, 0x0,
    0xc, 0xff, 0xfd, 0x0, 0x0, 0xe, 0xff, 0xf9,
    0x0, 0x0, 0xf, 0xff, 0xf4, 0x0, 0x0,

    /* U+003C "<" */
    0x0, 0x0, 0x0, 0x0, 0x0, 0x0, 0x0, 0x0,
    0x0, 0x0, 0x0, 0x2, 0x20, 0x0, 0x0, 0x0,
    0x0, 0x0, 0x0, 0x0, 0x0, 0x0, 0x0, 0x3b,
    0xf4, 0x0, 0x0, 0x0, 0x0, 0x0, 0x0, 0x0,
    0x0, 0x0, 0x4, 0xcf, 0xff, 0x40, 0x0, 0x0,
    0x0, 0x0, 0x0, 0x0, 0x0, 0x0, 0x5d, 0xff,
    0xff, 0xf4, 0x0, 0x0, 0x0, 0x0, 0x0, 0x0,
    0x0, 0x6, 0xdf, 0xff, 0xff, 0xff, 0x40, 0x0,
    0x0, 0x0, 0x0, 0x0, 0x0, 0x7e, 0xff, 0xff,
    0xff, 0xff, 0xf4, 0x0, 0x0, 0x0, 0x0, 0x0,
    0x18, 0xef, 0xff, 0xff, 0xff, 0xff, 0xfe, 0x20,
    0x0, 0x0, 0x0, 0x1, 0x9f, 0xff, 0xff, 0xff,
    0xff, 0xff, 0xd6, 0x0, 0x0, 0x0, 0x0, 0x2a,
    0xff, 0xff, 0xff, 0xff, 0xff, 0xfb, 0x40, 0x0,
    0x0, 0x0, 0x3, 0xaf, 0xff, 0xff, 0xff, 0xff,
    0xff, 0x92, 0x0, 0x0, 0x0, 0x0, 0x4b, 0xff,
    0xff, 0xff, 0xff, 0xff, 0xd7, 0x0, 0x0, 0x0,
    0x0, 0x0, 0xcf, 0xff, 0xff, 0xff, 0xff, 0xfb,
    0x50, 0x0, 0x0, 0x0, 0x0, 0x0, 0xf, 0xff,
    0xff, 0xff, 0xff, 0x92, 0x0, 0x0, 0x0, 0x0,
    0x0, 0x0, 0x0, 0xff, 0xff, 0xff, 0xf7, 0x10,
    0x0, 0x0, 0x0, 0x0, 0x0, 0x0, 0x0, 0xf,
    0xff, 0xff, 0xff, 0xa3, 0x0, 0x0, 0x0, 0x0,
    0x0, 0x0, 0x0, 0x0, 0xff, 0xff, 0xff, 0xff,
    0xfc, 0x50, 0x0, 0x0, 0x0, 0x0, 0x0, 0x0,
    0x9, 0xff, 0xff, 0xff, 0xff, 0xff, 0xe7, 0x10,
    0x0, 0x0, 0x0, 0x0, 0x0, 0x1, 0x8f, 0xff,
    0xff, 0xff, 0xff, 0xff, 0x92, 0x0, 0x0, 0x0,
    0x0, 0x0, 0x0, 0x18, 0xef, 0xff, 0xff, 0xff,
    0xff, 0xfb, 0x40, 0x0, 0x0, 0x0, 0x0, 0x0,
    0x0, 0x7e, 0xff, 0xff, 0xff, 0xff, 0xff, 0xd6,
    0x0, 0x0, 0x0, 0x0, 0x0, 0x0, 0x6, 0xdf,
    0xff, 0xff, 0xff, 0xff, 0xfe, 0x81, 0x0, 0x0,
    0x0, 0x0, 0x0, 0x0, 0x5c, 0xff, 0xff, 0xff,
    0xff, 0xff, 0xf3, 0x0, 0x0, 0x0, 0x0, 0x0,
    0x0, 0x4, 0xcf, 0xff, 0xff, 0xff, 0xff, 0x40,
    0x0, 0x0, 0x0, 0x0, 0x0, 0x0, 0x0, 0x3b,
    0xff, 0xff, 0xff, 0xf4, 0x0, 0x0, 0x0, 0x0,
    0x0, 0x0, 0x0, 0x0, 0x2, 0xaf, 0xff, 0xff,
    0x40, 0x0, 0x0, 0x0, 0x0, 0x0, 0x0, 0x0,
    0x0, 0x0, 0x29, 0xff, 0xf4, 0x0, 0x0, 0x0,
    0x0, 0x0, 0x0, 0x0, 0x0, 0x0, 0x0, 0x1,
    0x8f, 0x40, 0x0, 0x0, 0x0, 0x0, 0x0, 0x0,
    0x0, 0x0, 0x0, 0x0, 0x0, 0x1,

    /* U+003D "=" */
    0x4, 0x44, 0x44, 0x44, 0x44, 0x44, 0x44, 0x44,
    0x44, 0x44, 0x44, 0x42, 0x2f, 0xff, 0xff, 0xff,
    0xff, 0xff, 0xff, 0xff, 0xff, 0xff, 0xff, 0xf7,
    0x2f, 0xff, 0xff, 0xff, 0xff, 0xff, 0xff, 0xff,
    0xff, 0xff, 0xff, 0xf7, 0x2f, 0xff, 0xff, 0xff,
    0xff, 0xff, 0xff, 0xff, 0xff, 0xff, 0xff, 0xf7,
    0x2f, 0xff, 0xff, 0xff, 0xff, 0xff, 0xff, 0xff,
    0xff, 0xff, 0xff, 0xf7, 0x2f, 0xff, 0xff, 0xff,
    0xff, 0xff, 0xff, 0xff, 0xff, 0xff, 0xff, 0xf7,
    0x0, 0x0, 0x0, 0x0, 0x0, 0x0, 0x0, 0x0,
    0x0, 0x0, 0x0, 0x0, 0x0, 0x0, 0x0, 0x0,
    0x0, 0x0, 0x0, 0x0, 0x0, 0x0, 0x0, 0x0,
    0x0, 0x0, 0x0, 0x0, 0x0, 0x0, 0x0, 0x0,
    0x0, 0x0, 0x0, 0x0, 0x0, 0x0, 0x0, 0x0,
    0x0, 0x0, 0x0, 0x0, 0x0, 0x0, 0x0, 0x0,
    0x0, 0x0, 0x0, 0x0, 0x0, 0x0, 0x0, 0x0,
    0x0, 0x0, 0x0, 0x0, 0x5, 0x55, 0x55, 0x55,
    0x55, 0x55, 0x55, 0x55, 0x55, 0x55, 0x55, 0x52,
    0x2f, 0xff, 0xff, 0xff, 0xff, 0xff, 0xff, 0xff,
    0xff, 0xff, 0xff, 0xf7, 0x2f, 0xff, 0xff, 0xff,
    0xff, 0xff, 0xff, 0xff, 0xff, 0xff, 0xff, 0xf7,
    0x2f, 0xff, 0xff, 0xff, 0xff, 0xff, 0xff, 0xff,
    0xff, 0xff, 0xff, 0xf7, 0x2f, 0xff, 0xff, 0xff,
    0xff, 0xff, 0xff, 0xff, 0xff, 0xff, 0xff, 0xf7,
    0x2f, 0xff, 0xff, 0xff, 0xff, 0xff, 0xff, 0xff,
    0xff, 0xff, 0xff, 0xf7,

    /* U+003E ">" */
    0x40, 0x0, 0x0, 0x0, 0x0, 0x0, 0x0, 0x0,
    0x0, 0x0, 0x0, 0x0, 0xfd, 0x60, 0x0, 0x0,
    0x0, 0x0, 0x0, 0x0, 0x0, 0x0, 0x0, 0x0,
    0xff, 0xfe, 0x70, 0x0, 0x0, 0x0, 0x0, 0x0,
    0x0, 0x0, 0x0, 0x0, 0xff, 0xff, 0xfe, 0x81,
    0x0, 0x0, 0x0, 0x0, 0x0, 0x0, 0x0, 0x0,
    0xff, 0xff, 0xff, 0xff, 0x81, 0x0, 0x0, 0x0,
    0x0, 0x0, 0x0, 0x0, 0xff, 0xff, 0xff, 0xff,
    0xff, 0x92, 0x0, 0x0, 0x0, 0x0, 0x0, 0x0,
    0xcf, 0xff, 0xff, 0xff, 0xff, 0xff, 0xa3, 0x0,
    0x0, 0x0, 0x0, 0x0, 0x3, 0xaf, 0xff, 0xff,
    0xff, 0xff, 0xff, 0xb4, 0x0, 0x0, 0x0, 0x0,
    0x0, 0x1, 0x8e, 0xff, 0xff, 0xff, 0xff, 0xff,
    0xc4, 0x0, 0x0, 0x0, 0x0, 0x0, 0x0, 0x6d,
    0xff, 0xff, 0xff, 0xff, 0xff, 0xd5, 0x0, 0x0,
    0x0, 0x0, 0x0, 0x0, 0x4b, 0xff, 0xff, 0xff,
    0xff, 0xff, 0xd6, 0x0, 0x0, 0x0, 0x0, 0x0,
    0x0, 0x29, 0xff, 0xff, 0xff, 0xff, 0xff, 0xe3,
    0x0, 0x0, 0x0, 0x0, 0x0, 0x0, 0x17, 0xef,
    0xff, 0xff, 0xff, 0xf5, 0x0, 0x0, 0x0, 0x0,
    0x0, 0x0, 0x0, 0x5, 0xdf, 0xff, 0xff, 0xf5,
    0x0, 0x0, 0x0, 0x0, 0x0, 0x0, 0x0, 0x17,
    0xef, 0xff, 0xff, 0xf5, 0x0, 0x0, 0x0, 0x0,
    0x0, 0x0, 0x29, 0xff, 0xff, 0xff, 0xff, 0xf5,
    0x0, 0x0, 0x0, 0x0, 0x0, 0x4b, 0xff, 0xff,
    0xff, 0xff, 0xff, 0xc2, 0x0, 0x0, 0x0, 0x0,
    0x7d, 0xff, 0xff, 0xff, 0xff, 0xff, 0xb3, 0x0,
    0x0, 0x0, 0x2, 0x9f, 0xff, 0xff, 0xff, 0xff,
    0xff, 0xa2, 0x0, 0x0, 0x0, 0x4, 0xbf, 0xff,
    0xff, 0xff, 0xff, 0xff, 0x92, 0x0, 0x0, 0x0,
    0x6, 0xdf, 0xff, 0xff, 0xff, 0xff, 0xff, 0x81,
    0x0, 0x0, 0x0, 0x0, 0xdf, 0xff, 0xff, 0xff,
    0xff, 0xfe, 0x71, 0x0, 0x0, 0x0, 0x0, 0x0,
    0xff, 0xff, 0xff, 0xff, 0xfe, 0x60, 0x0, 0x0,
    0x0, 0x0, 0x0, 0x0, 0xff, 0xff, 0xff, 0xfd,
    0x50, 0x0, 0x0, 0x0, 0x0, 0x0, 0x0, 0x0,
    0xff, 0xff, 0xfc, 0x50, 0x0, 0x0, 0x0, 0x0,
    0x0, 0x0, 0x0, 0x0, 0xff, 0xfb, 0x40, 0x0,
    0x0, 0x0, 0x0, 0x0, 0x0, 0x0, 0x0, 0x0,
    0xea, 0x30, 0x0, 0x0, 0x0, 0x0, 0x0, 0x0,
    0x0, 0x0, 0x0, 0x0, 0x20, 0x0, 0x0, 0x0,
    0x0, 0x0, 0x0, 0x0, 0x0, 0x0, 0x0, 0x0,

    /* U+003F "?" */
    0x0, 0x0, 0x0, 0x5, 0x9c, 0xef, 0xfe, 0xc8,
    0x30, 0x0, 0x0, 0x0, 0x0, 0x0, 0x6e, 0xff,
    0xff, 0xff, 0xff, 0xff, 0xd4, 0x0, 0x0, 0x0,
    0x1, 0xcf, 0xff, 0xff, 0xff, 0xff, 0xff, 0xff,
    0xf9, 0x0, 0x0, 0x0, 0xcf, 0xff, 0xff, 0xff,
    0xff, 0xff, 0xff, 0xff, 0xfa, 0x0, 0x0, 0x9f,
    0xff, 0xff, 0xff, 0xff, 0xff, 0xff, 0xff, 0xff,
    0xf6, 0x0, 0x2f, 0xff, 0xff, 0xff, 0xa4, 0x22,
    0x6d, 0xff, 0xff, 0xff, 0xe0, 0x9, 0xff, 0xff,
    0xff, 0x40, 0x0, 0x0, 0xa, 0xff, 0xff, 0xff,
    0x50, 0xdf, 0xff, 0xff, 0x70, 0x0, 0x0, 0x0,
    0xe, 0xff, 0xff, 0xf9, 0xf, 0xff, 0xff, 0xf1,
    0x0, 0x0, 0x0, 0x0, 0x9f, 0xff, 0xff, 0xb1,
    0xdd, 0xdd, 0xdc, 0x0, 0x0, 0x0, 0x0, 0x7,
    0xff, 0xff, 0xfb, 0x0, 0x0, 0x0, 0x0, 0x0,
    0x0, 0x0, 0x0, 0x9f, 0xff, 0xff, 0xb0, 0x0,
    0x0, 0x0, 0x0, 0x0, 0x0, 0x0, 0xd, 0xff,
    0xff, 0xf8, 0x0, 0x0, 0x0, 0x0, 0x0, 0x0,
    0x0, 0x7, 0xff, 0xff, 0xff, 0x40, 0x0, 0x0,
    0x0, 0x0, 0x0, 0x0, 0x6, 0xff, 0xff, 0xff,
    0xd0, 0x0, 0x0, 0x0, 0x0, 0x0, 0x0, 0x9,
    0xff, 0xff, 0xff, 0xf4, 0x0, 0x0, 0x0, 0x0,
    0x0, 0x0, 0x3d, 0xff, 0xff, 0xff, 0xf7, 0x0,
    0x0, 0x0, 0x0, 0x0, 0x0, 0x5f, 0xff, 0xff,
    0xff, 0xf7, 0x0, 0x0, 0x0, 0x0, 0x0, 0x0,
    0x4f, 0xff, 0xff, 0xff, 0xd3, 0x0, 0x0, 0x0,
    0x0, 0x0, 0x0, 0xd, 0xff, 0xff, 0xff, 0x90,
    0x0, 0x0, 0x0, 0x0, 0x0, 0x0, 0x4, 0xff,
    0xff, 0xff, 0x60, 0x0, 0x0, 0x0, 0x0, 0x0,
    0x0, 0x0, 0x9f, 0xff, 0xff, 0x90, 0x0, 0x0,
    0x0, 0x0, 0x0, 0x0, 0x0, 0xb, 0xff, 0xff,
    0xf1, 0x0, 0x0, 0x0, 0x0, 0x0, 0x0, 0x0,
    0x0, 0xdf, 0xff, 0xfd, 0x0, 0x0, 0x0, 0x0,
    0x0, 0x0, 0x0, 0x0, 0xe, 0xff, 0xff, 0xc0,
    0x0, 0x0, 0x0, 0x0, 0x0, 0x0, 0x0, 0x0,
    0xbd, 0xdd, 0xd9, 0x0, 0x0, 0x0, 0x0, 0x0,
    0x0, 0x0, 0x0, 0x0, 0x0, 0x0, 0x0, 0x0,
    0x0, 0x0, 0x0, 0x0, 0x0, 0x0, 0x0, 0x0,
    0x0, 0x0, 0x0, 0x0, 0x0, 0x0, 0x0, 0x0,
    0x0, 0x0, 0x0, 0x0, 0x0, 0x0, 0x0, 0x0,
    0x0, 0x0, 0x0, 0x0, 0x0, 0x0, 0x4, 0x77,
    0x30, 0x0, 0x0, 0x0, 0x0, 0x0, 0x0, 0x0,
    0x0, 0xb, 0xff, 0xff, 0x90, 0x0, 0x0, 0x0,
    0x0, 0x0, 0x0, 0x0, 0x8, 0xff, 0xff, 0xff,
    0x50, 0x0, 0x0, 0x0, 0x0, 0x0, 0x0, 0x0,
    0xdf, 0xff, 0xff, 0xfa, 0x0, 0x0, 0x0, 0x0,
    0x0, 0x0, 0x0, 0xe, 0xff, 0xff, 0xff, 0xb0,
    0x0, 0x0, 0x0, 0x0, 0x0, 0x0, 0x0, 0xbf,
    0xff, 0xff, 0xf8, 0x0, 0x0, 0x0, 0x0, 0x0,
    0x0, 0x0, 0x3, 0xff, 0xff, 0xfe, 0x10, 0x0,
    0x0, 0x0, 0x0, 0x0, 0x0, 0x0, 0x3, 0xbf,
    0xfa, 0x20, 0x0, 0x0, 0x0, 0x0,

    /* U+0040 "@" */
    0x0, 0x0, 0x0, 0x0, 0x0, 0x0, 0x0, 0x2,
    0x68, 0xbd, 0xef, 0xff, 0xed, 0xb8, 0x51, 0x0,
    0x0, 0x0, 0x0, 0x0, 0x0, 0x0, 0x0, 0x0,
    0x0, 0x0, 0x0, 0x0, 0x28, 0xdf, 0xff, 0xff,
    0xff, 0xff, 0xff, 0xff, 0xff, 0xb6, 0x0, 0x0,
    0x0, 0x0, 0x0, 0x0, 0x0, 0x0, 0x0, 0x0,
    0x0, 0x3a, 0xff, 0xff, 0xff, 0xff, 0xff, 0xff,
    0xff, 0xff, 0xff, 0xff, 0xe7, 0x0, 0x0, 0x0,
    0x0, 0x0, 0x0, 0x0, 0x0, 0x0, 0x8, 0xff,
    0xff, 0xff, 0xff, 0xff, 0xff, 0xff, 0xff, 0xff,
    0xff, 0xff, 0xff, 0xd3, 0x0, 0x0, 0x0, 0x0,
    0x0, 0x0, 0x0, 0x2, 0xdf, 0xff, 0xff, 0xff,
    0xff, 0xff, 0xdd, 0xcc, 0xdf, 0xff, 0xff, 0xff,
    0xff, 0xff, 0x70, 0x0, 0x0, 0x0, 0x0, 0x0,
    0x0, 0x3e, 0xff, 0xff, 0xff, 0xfe, 0x95, 0x20,
    0x0, 0x0, 0x0, 0x14, 0x9e, 0xff, 0xff, 0xff,
    0xf9, 0x0, 0x0, 0x0, 0x0, 0x0, 0x2, 0xff,
    0xff, 0xff, 0xfd, 0x50, 0x0, 0x0, 0x0, 0x0,
    0x0, 0x0, 0x0, 0x5d, 0xff, 0xff, 0xff, 0x90,
    0x0, 0x0, 0x0, 0x0, 0x1d, 0xff, 0xff, 0xff,
    0x70, 0x0, 0x0, 0x0, 0x0, 0x0, 0x0, 0x0,
    0x0, 0x0, 0x7f, 0xff, 0xff, 0xf6, 0x0, 0x0,
    0x0, 0x0, 0xaf, 0xff, 0xff, 0xe3, 0x0, 0x0,
    0x0, 0x0, 0x0, 0x0, 0x0, 0x0, 0x0, 0x0,
    0x4, 0xff, 0xff, 0xff, 0x20, 0x0, 0x0, 0x4,
    0xff, 0xff, 0xfe, 0x20, 0x0, 0x0, 0x0, 0x0,
    0x0, 0x0, 0x0, 0x0, 0x0, 0x0, 0x0, 0x3f,
    0xff, 0xff, 0xc0, 0x0, 0x0, 0xd, 0xff, 0xff,
    0xf4, 0x0, 0x0, 0x0, 0x0, 0x0, 0x0, 0x0,
    0x0, 0x0, 0x0, 0x0, 0x0, 0x6, 0xff, 0xff,
    0xf5, 0x0, 0x0, 0x5f, 0xff, 0xff, 0x80, 0x0,
    0x0, 0x0, 0x4, 0xad, 0xff, 0xdb, 0x50, 0x3,
    0x77, 0x77, 0x0, 0x0, 0xbf, 0xff, 0xfc, 0x0,
    0x0, 0xcf, 0xff, 0xfe, 0x0, 0x0, 0x0, 0x3,
    0xdf, 0xff, 0xff, 0xff, 0xfd, 0x36, 0xff, 0xff,
    0x0, 0x0, 0x3f, 0xff, 0xff, 0x30, 0x2, 0xff,
    0xff, 0xf6, 0x0, 0x0, 0x0, 0x5f, 0xff, 0xff,
    0xff, 0xff, 0xff, 0xe9, 0xff, 0xff, 0x0, 0x0,
    0xc, 0xff, 0xff, 0x80, 0x7, 0xff, 0xff, 0xf0,
    0x0, 0x0, 0x4, 0xff, 0xff, 0xff, 0xff, 0xff,
    0xff, 0xff, 0xff, 0xff, 0x0, 0x0, 0x6, 0xff,
    0xff, 0xd0, 0xb, 0xff, 0xff, 0xa0, 0x0, 0x0,
    0x1e, 0xff, 0xff, 0xff, 0xed, 0xef, 0xff, 0xff,
    0xff, 0xff, 0x0, 0x0, 0x1, 0xff, 0xff, 0xf1,
    0xf, 0xff, 0xff, 0x60, 0x0, 0x0, 0x8f, 0xff,
    0xff, 0xa2, 0x0, 0x0, 0x5e, 0xff, 0xff, 0xff,
    0x0, 0x0, 0x0, 0xdf, 0xff, 0xf4, 0x2f, 0xff,
    0xff, 0x20, 0x0, 0x0, 0xff, 0xff, 0xf8, 0x0,
    0x0, 0x0, 0x1, 0xdf, 0xff, 0xff, 0x0, 0x0,
    0x0, 0xbf, 0xff, 0xf6, 0x4f, 0xff, 0xff, 0x0,
    0x0, 0x5, 0xff, 0xff, 0xc0, 0x0, 0x0, 0x0,
    0x0, 0x4f, 0xff, 0xff, 0x0, 0x0, 0x0, 0x9f,
    0xff, 0xf7, 0x6f, 0xff, 0xfd, 0x0, 0x0, 0x9,
    0xff, 0xff, 0x50, 0x0, 0x0, 0x0, 0x0, 0xe,
    0xff, 0xff, 0x0, 0x0, 0x0, 0x8f, 0xff, 0xf8,
    0x7f, 0xff, 0xfc, 0x0, 0x0, 0xb, 0xff, 0xff,
    0x0, 0x0, 0x0, 0x0, 0x0, 0xb, 0xff, 0xff,
    0x0, 0x0, 0x0, 0x8f, 0xff, 0xf8, 0x8f, 0xff,
    0xfb, 0x0, 0x0, 0xd, 0xff, 0xfd, 0x0, 0x0,
    0x0, 0x0, 0x0, 0xa, 0xff, 0xff, 0x0, 0x0,
    0x0, 0x8f, 0xff, 0xf7, 0x9f, 0xff, 0xfb, 0x0,
    0x0, 0xd, 0xff, 0xfd, 0x0, 0x0, 0x0, 0x0,
    0x0, 0x9, 0xff, 0xff, 0x0, 0x0, 0x0, 0x8f,
    0xff, 0xf7, 0x8f, 0xff, 0xfb, 0x0, 0x0, 0xd,
    0xff, 0xfe, 0x0, 0x0, 0x0, 0x0, 0x0, 0xa,
    0xff, 0xff, 0x0, 0x0, 0x0, 0xaf, 0xff, 0xf5,
    0x7f, 0xff, 0xfc, 0x0, 0x0, 0xc, 0xff, 0xff,
    0x0, 0x0, 0x0, 0x0, 0x0, 0xc, 0xff, 0xff,
    0x0, 0x0, 0x0, 0xbf, 0xff, 0xf3, 0x7f, 0xff,
    0xfd, 0x0, 0x0, 0x9, 0xff, 0xff, 0x40, 0x0,
    0x0, 0x0, 0x0, 0xf, 0xff, 0xff, 0x0, 0x0,
    0x0, 0xdf, 0xff, 0xf0, 0x5f, 0xff, 0xff, 0x0,
    0x0, 0x6, 0xff, 0xff, 0xa0, 0x0, 0x0, 0x0,
    0x0, 0x4f, 0xff, 0xff, 0x0, 0x0, 0x0, 0xff,
    0xff, 0xd0, 0x3f, 0xff, 0xff, 0x20, 0x0, 0x2,
    0xff, 0xff, 0xf3, 0x0, 0x0, 0x0, 0x0, 0xdf,
    0xff, 0xff, 0x10, 0x0, 0x5, 0xff, 0xff, 0x90,
    0xf, 0xff, 0xff, 0x50, 0x0, 0x0, 0xcf, 0xff,
    0xfe, 0x30, 0x0, 0x0, 0x1b, 0xff, 0xff, 0xff,
    0x40, 0x0, 0xc, 0xff, 0xff, 0x30, 0xd, 0xff,
    0xff, 0xa0, 0x0, 0x0, 0x4f, 0xff, 0xff, 0xfb,
    0x76, 0x7a, 0xff, 0xff, 0xff, 0xff, 0xd3, 0x2,
    0xbf, 0xff, 0xfc, 0x0, 0x8, 0xff, 0xff, 0xe0,
    0x0, 0x0, 0xa, 0xff, 0xff, 0xff, 0xff, 0xff,
    0xff, 0xfc, 0xef, 0xff, 0xff, 0xff, 0xff, 0xff,
    0xf3, 0x0, 0x4, 0xff, 0xff, 0xf5, 0x0, 0x0,
    0x0, 0xcf, 0xff, 0xff, 0xff, 0xff, 0xff, 0xf2,
    0x8f, 0xff, 0xff, 0xff, 0xff, 0xff, 0x80, 0x0,
    0x0, 0xef, 0xff, 0xfd, 0x0, 0x0, 0x0, 0xa,
    0xff, 0xff, 0xff, 0xff, 0xff, 0x40, 0xb, 0xff,
    0xff, 0xff, 0xff, 0xf7, 0x0, 0x0, 0x0, 0x8f,
    0xff, 0xff, 0x70, 0x0, 0x0, 0x0, 0x3a, 0xff,
    0xff, 0xfe, 0x91, 0x0, 0x0, 0x5c, 0xff, 0xff,
    0xfb, 0x30, 0x0, 0x0, 0x0, 0x1f, 0xff, 0xff,
    0xf3, 0x0, 0x0, 0x0, 0x0, 0x2, 0x33, 0x10,
    0x0, 0x0, 0x0, 0x0, 0x2, 0x32, 0x0, 0x0,
    0x0, 0x0, 0x0, 0x7, 0xff, 0xff, 0xfe, 0x20,
    0x0, 0x0, 0x0, 0x0, 0x0, 0x0, 0x0, 0x0,
    0x0, 0x0, 0x0, 0x0, 0x0, 0x0, 0x0, 0x0,
    0x0, 0x0, 0xdf, 0xff, 0xff, 0xe3, 0x0, 0x0,
    0x0, 0x0, 0x0, 0x0, 0x0, 0x0, 0x0, 0x0,
    0x0, 0x0, 0x0, 0x0, 0x0, 0x0, 0x0, 0x0,
    0x3f, 0xff, 0xff, 0xff, 0x70, 0x0, 0x0, 0x0,
    0x0, 0x0, 0x0, 0x0, 0x0, 0x0, 0x0, 0x0,
    0x0, 0x0, 0x0, 0x0, 0x0, 0x0, 0x4, 0xff,
    0xff, 0xff, 0xfe, 0x61, 0x0, 0x0, 0x0, 0x0,
    0x0, 0x0, 0x0, 0x15, 0x50, 0x0, 0x0, 0x0,
    0x0, 0x0, 0x0, 0x0, 0x0, 0x5f, 0xff, 0xff,
    0xff, 0xff, 0xb6, 0x31, 0x0, 0x0, 0x0, 0x14,
    0x7b, 0xff, 0xc0, 0x0, 0x0, 0x0, 0x0, 0x0,
    0x0, 0x0, 0x0, 0x3, 0xef, 0xff, 0xff, 0xff,
    0xff, 0xff, 0xfe, 0xdd, 0xef, 0xff, 0xff, 0xff,
    0xf2, 0x0, 0x0, 0x0, 0x0, 0x0, 0x0, 0x0,
    0x0, 0x0, 0x1a, 0xff, 0xff, 0xff, 0xff, 0xff,
    0xff, 0xff, 0xff, 0xff, 0xff, 0xff, 0xf7, 0x0,
    0x0, 0x0, 0x0, 0x0, 0x0, 0x0, 0x0, 0x0,
    0x0, 0x4b, 0xff, 0xff, 0xff, 0xff, 0xff, 0xff,
    0xff, 0xff, 0xff, 0xff, 0xfc, 0x0, 0x0, 0x0,
    0x0, 0x0, 0x0, 0x0, 0x0, 0x0, 0x0, 0x0,
    0x29, 0xdf, 0xff, 0xff, 0xff, 0xff, 0xff, 0xff,
    0xff, 0xfa, 0x50, 0x0, 0x0, 0x0, 0x0, 0x0,
    0x0, 0x0, 0x0, 0x0, 0x0, 0x0, 0x0, 0x2,
    0x68, 0xbd, 0xef, 0xff, 0xed, 0xb9, 0x63, 0x0,
    0x0, 0x0, 0x0, 0x0, 0x0, 0x0,

    /* U+0041 "A" */
    0x0, 0x0, 0x0, 0x0, 0x0, 0x0, 0xdf, 0xff,
    0xff, 0xff, 0x70, 0x0, 0x0, 0x0, 0x0, 0x0,
    0x0, 0x0, 0x0, 0x0, 0x0, 0x0, 0x2f, 0xff,
    0xff, 0xff, 0xfd, 0x0, 0x0, 0x0, 0x0, 0x0,
    0x0, 0x0, 0x0, 0x0, 0x0, 0x0, 0x7, 0xff,
    0xff, 0xff, 0xff, 0xf2, 0x0, 0x0, 0x0, 0x0,
    0x0, 0x0, 0x0, 0x0, 0x0, 0x0, 0x0, 0xdf,
    0xff, 0xff, 0xff, 0xff, 0x80, 0x0, 0x0, 0x0,
    0x0, 0x0, 0x0, 0x0, 0x0, 0x0, 0x0, 0x2f,
    0xff, 0xff, 0xff, 0xff, 0xfd, 0x0, 0x0, 0x0,
    0x0, 0x0, 0x0, 0x0, 0x0, 0x0, 0x0, 0x8,
    0xff, 0xff, 0xfc, 0xff, 0xff, 0xf3, 0x0, 0x0,
    0x0, 0x0, 0x0, 0x0, 0x0, 0x0, 0x0, 0x0,
    0xdf, 0xff, 0xfe, 0x5f, 0xff, 0xff, 0x80, 0x0,
    0x0, 0x0, 0x0, 0x0, 0x0, 0x0, 0x0, 0x0,
    0x2f, 0xff, 0xff, 0xa1, 0xff, 0xff, 0xfe, 0x0,
    0x0, 0x0, 0x0, 0x0, 0x0, 0x0, 0x0, 0x0,
    0x8, 0xff, 0xff, 0xf6, 0xc, 0xff, 0xff, 0xf4,
    0x0, 0x0, 0x0, 0x0, 0x0, 0x0, 0x0, 0x0,
    0x0, 0xdf, 0xff, 0xff, 0x20, 0x8f, 0xff, 0xff,
    0x90, 0x0, 0x0, 0x0, 0x0, 0x0, 0x0, 0x0,
    0x0, 0x3f, 0xff, 0xff, 0xe0, 0x4, 0xff, 0xff,
    0xfe, 0x0, 0x0, 0x0, 0x0, 0x0, 0x0, 0x0,
    0x0, 0x8, 0xff, 0xff, 0xfa, 0x0, 0xf, 0xff,
    0xff, 0xf4, 0x0, 0x0, 0x0, 0x0, 0x0, 0x0,
    0x0, 0x0, 0xdf, 0xff, 0xff, 0x60, 0x0, 0xbf,
    0xff, 0xff, 0xa0, 0x0, 0x0, 0x0, 0x0, 0x0,
    0x0, 0x0, 0x3f, 0xff, 0xff, 0xf1, 0x0, 0x7,
    0xff, 0xff, 0xff, 0x0, 0x0, 0x0, 0x0, 0x0,
    0x0, 0x0, 0x8, 0xff, 0xff, 0xfd, 0x0, 0x0,
    0x2f, 0xff, 0xff, 0xf5, 0x0, 0x0, 0x0, 0x0,
    0x0, 0x0, 0x0, 0xef, 0xff, 0xff, 0x80, 0x0,
    0x0, 0xdf, 0xff, 0xff, 0xa0, 0x0, 0x0, 0x0,
    0x0, 0x0, 0x0, 0x3f, 0xff, 0xff, 0xf4, 0x0,
    0x0, 0x9, 0xff, 0xff, 0xff, 0x0, 0x0, 0x0,
    0x0, 0x0, 0x0, 0x9, 0xff, 0xff, 0xff, 0x0,
    0x0, 0x0, 0x4f, 0xff, 0xff, 0xf5, 0x0, 0x0,
    0x0, 0x0, 0x0, 0x0, 0xef, 0xff, 0xff, 0xa0,
    0x0, 0x0, 0x0, 0xef, 0xff, 0xff, 0xb0, 0x0,
    0x0, 0x0, 0x0, 0x0, 0x3f, 0xff, 0xff, 0xf5,
    0x0, 0x0, 0x0, 0x9, 0xff, 0xff, 0xff, 0x10,
    0x0, 0x0, 0x0, 0x0, 0x9, 0xff, 0xff, 0xff,
    0x0, 0x0, 0x0, 0x0, 0x4f, 0xff, 0xff, 0xf6,
    0x0, 0x0, 0x0, 0x0, 0x0, 0xef, 0xff, 0xff,
    0xb0, 0x0, 0x0, 0x0, 0x0, 0xef, 0xff, 0xff,
    0xc0, 0x0, 0x0, 0x0, 0x0, 0x4f, 0xff, 0xff,
    0xff, 0xff, 0xff, 0xff, 0xff, 0xff, 0xff, 0xff,
    0xff, 0x10, 0x0, 0x0, 0x0, 0x9, 0xff, 0xff,
    0xff, 0xff, 0xff, 0xff, 0xff, 0xff, 0xff, 0xff,
    0xff, 0xf7, 0x0, 0x0, 0x0, 0x0, 0xef, 0xff,
    0xff, 0xff, 0xff, 0xff, 0xff, 0xff, 0xff, 0xff,
    0xff, 0xff, 0xc0, 0x0, 0x0, 0x0, 0x4f, 0xff,
    0xff, 0xff, 0xff, 0xff, 0xff, 0xff, 0xff, 0xff,
    0xff, 0xff, 0xff, 0x20, 0x0, 0x0, 0x9, 0xff,
    0xff, 0xff, 0xff, 0xff, 0xff, 0xff, 0xff, 0xff,
    0xff, 0xff, 0xff, 0xf7, 0x0, 0x0, 0x0, 0xef,
    0xff, 0xff, 0xc2, 0x22, 0x22, 0x22, 0x22, 0x22,
    0x22, 0xef, 0xff, 0xff, 0xd0, 0x0, 0x0, 0x4f,
    0xff, 0xff, 0xf6, 0x0, 0x0, 0x0, 0x0, 0x0,
    0x0, 0x9, 0xff, 0xff, 0xff, 0x20, 0x0, 0xa,
    0xff, 0xff, 0xff, 0x10, 0x0, 0x0, 0x0, 0x0,
    0x0, 0x0, 0x4f, 0xff, 0xff, 0xf8, 0x0, 0x0,
    0xff, 0xff, 0xff, 0xc0, 0x0, 0x0, 0x0, 0x0,
    0x0, 0x0, 0x0, 0xef, 0xff, 0xff, 0xd0, 0x0,
    0x4f, 0xff, 0xff, 0xf7, 0x0, 0x0, 0x0, 0x0,
    0x0, 0x0, 0x0, 0x9, 0xff, 0xff, 0xff, 0x30,
    0xa, 0xff, 0xff, 0xff, 0x20, 0x0, 0x0, 0x0,
    0x0, 0x0, 0x0, 0x0, 0x4f, 0xff, 0xff, 0xf9,
    0x0, 0xff, 0xff, 0xff, 0xd0, 0x0, 0x0, 0x0,
    0x0, 0x0, 0x0, 0x0, 0x0, 0xef, 0xff, 0xff,
    0xe0, 0x5f, 0xff, 0xff, 0xf7, 0x0, 0x0, 0x0,
    0x0, 0x0, 0x0, 0x0, 0x0, 0x9, 0xff, 0xff,
    0xff, 0x4a, 0xff, 0xff, 0xff, 0x20, 0x0, 0x0,
    0x0, 0x0, 0x0, 0x0, 0x0, 0x0, 0x4f, 0xff,
    0xff, 0xf9,

    /* U+0042 "B" */
    0x7f, 0xff, 0xff, 0xff, 0xff, 0xff, 0xff, 0xfe,
    0xca, 0x61, 0x0, 0x0, 0x0, 0x7, 0xff, 0xff,
    0xff, 0xff, 0xff, 0xff, 0xff, 0xff, 0xff, 0xf9,
    0x10, 0x0, 0x0, 0x7f, 0xff, 0xff, 0xff, 0xff,
    0xff, 0xff, 0xff, 0xff, 0xff, 0xfe, 0x30, 0x0,
    0x7, 0xff, 0xff, 0xff, 0xff, 0xff, 0xff, 0xff,
    0xff, 0xff, 0xff, 0xfe, 0x20, 0x0, 0x7f, 0xff,
    0xff, 0xff, 0xff, 0xff, 0xff, 0xff, 0xff, 0xff,
    0xff, 0xfd, 0x0, 0x7, 0xff, 0xff, 0xfd, 0x44,
    0x44, 0x44, 0x46, 0x9f, 0xff, 0xff, 0xff, 0xf5,
    0x0, 0x7f, 0xff, 0xff, 0xc0, 0x0, 0x0, 0x0,
    0x0, 0x1b, 0xff, 0xff, 0xff, 0xb0, 0x7, 0xff,
    0xff, 0xfc, 0x0, 0x0, 0x0, 0x0, 0x0, 0xd,
    0xff, 0xff, 0xff, 0x0, 0x7f, 0xff, 0xff, 0xc0,
    0x0, 0x0, 0x0, 0x0, 0x0, 0x6f, 0xff, 0xff,
    0xf1, 0x7, 0xff, 0xff, 0xfc, 0x0, 0x0, 0x0,
    0x0, 0x0, 0x2, 0xff, 0xff, 0xff, 0x20, 0x7f,
    0xff, 0xff, 0xc0, 0x0, 0x0, 0x0, 0x0, 0x0,
    0x2f, 0xff, 0xff, 0xf1, 0x7, 0xff, 0xff, 0xfc,
    0x0, 0x0, 0x0, 0x0, 0x0, 0x4, 0xff, 0xff,
    0xfe, 0x0, 0x7f, 0xff, 0xff, 0xc0, 0x0, 0x0,
    0x0, 0x0, 0x0, 0xaf, 0xff, 0xff, 0x90, 0x7,
    0xff, 0xff, 0xfc, 0x0, 0x0, 0x0, 0x0, 0x0,
    0x5f, 0xff, 0xff, 0xf2, 0x0, 0x7f, 0xff, 0xff,
    0xc0, 0x0, 0x0, 0x0, 0x0, 0x8f, 0xff, 0xff,
    0xf6, 0x0, 0x7, 0xff, 0xff, 0xfe, 0x99, 0x99,
    0x99, 0x9b, 0xff, 0xff, 0xff, 0xf5, 0x0, 0x0,
    0x7f, 0xff, 0xff, 0xff, 0xff, 0xff, 0xff, 0xff,
    0xff, 0xfe, 0x81, 0x0, 0x0, 0x7, 0xff, 0xff,
    0xff, 0xff, 0xff, 0xff, 0xff, 0xff, 0xff, 0x85,
    0x0, 0x0, 0x0, 0x7f, 0xff, 0xff, 0xff, 0xff,
    0xff, 0xff, 0xff, 0xff, 0xff, 0xfe, 0x70, 0x0,
    0x7, 0xff, 0xff, 0xff, 0xff, 0xff, 0xff, 0xff,
    0xff, 0xff, 0xff, 0xff, 0xa0, 0x0, 0x7f, 0xff,
    0xff, 0xc0, 0x0, 0x0, 0x0, 0x2, 0x7e, 0xff,
    0xff, 0xff, 0xa0, 0x7, 0xff, 0xff, 0xfc, 0x0,
    0x0, 0x0, 0x0, 0x0, 0x1b, 0xff, 0xff, 0xff,
    0x50, 0x7f, 0xff, 0xff, 0xc0, 0x0, 0x0, 0x0,
    0x0, 0x0, 0xd, 0xff, 0xff, 0xfd, 0x7, 0xff,
    0xff, 0xfc, 0x0, 0x0, 0x0, 0x0, 0x0, 0x0,
    0x4f, 0xff, 0xff, 0xf2, 0x7f, 0xff, 0xff, 0xc0,
    0x0, 0x0, 0x0, 0x0, 0x0, 0x0, 0xff, 0xff,
    0xff, 0x67, 0xff, 0xff, 0xfc, 0x0, 0x0, 0x0,
    0x0, 0x0, 0x0, 0xd, 0xff, 0xff, 0xf7, 0x7f,
    0xff, 0xff, 0xc0, 0x0, 0x0, 0x0, 0x0, 0x0,
    0x0, 0xef, 0xff, 0xff, 0x77, 0xff, 0xff, 0xfc,
    0x0, 0x0, 0x0, 0x0, 0x0, 0x0, 0x2f, 0xff,
    0xff, 0xf6, 0x7f, 0xff, 0xff, 0xc0, 0x0, 0x0,
    0x0, 0x0, 0x0, 0xb, 0xff, 0xff, 0xff, 0x47,
    0xff, 0xff, 0xfc, 0x0, 0x0, 0x0, 0x0, 0x0,
    0xa, 0xff, 0xff, 0xff, 0xf0, 0x7f, 0xff, 0xff,
    0xd5, 0x55, 0x55, 0x55, 0x57, 0xaf, 0xff, 0xff,
    0xff, 0xf9, 0x7, 0xff, 0xff, 0xff, 0xff, 0xff,
    0xff, 0xff, 0xff, 0xff, 0xff, 0xff, 0xfe, 0x10,
    0x7f, 0xff, 0xff, 0xff, 0xff, 0xff, 0xff, 0xff,
    0xff, 0xff, 0xff, 0xff, 0x40, 0x7, 0xff, 0xff,
    0xff, 0xff, 0xff, 0xff, 0xff, 0xff, 0xff, 0xff,
    0xfe, 0x40, 0x0, 0x7f, 0xff, 0xff, 0xff, 0xff,
    0xff, 0xff, 0xff, 0xff, 0xff, 0xf9, 0x10, 0x0,
    0x7, 0xff, 0xff, 0xff, 0xff, 0xff, 0xff, 0xff,
    0xfe, 0xc9, 0x50, 0x0, 0x0, 0x0,

    /* U+0043 "C" */
    0x0, 0x0, 0x0, 0x0, 0x0, 0x4, 0x8b, 0xef,
    0xff, 0xdb, 0x83, 0x0, 0x0, 0x0, 0x0, 0x0,
    0x0, 0x0, 0x0, 0x0, 0x18, 0xef, 0xff, 0xff,
    0xff, 0xff, 0xff, 0xe7, 0x0, 0x0, 0x0, 0x0,
    0x0, 0x0, 0x0, 0x5, 0xef, 0xff, 0xff, 0xff,
    0xff, 0xff, 0xff, 0xff, 0xe4, 0x0, 0x0, 0x0,
    0x0, 0x0, 0x0, 0xaf, 0xff, 0xff, 0xff, 0xff,
    0xff, 0xff, 0xff, 0xff, 0xff, 0x80, 0x0, 0x0,
    0x0, 0x0, 0xb, 0xff, 0xff, 0xff, 0xff, 0xff,
    0xff, 0xff, 0xff, 0xff, 0xff, 0xf9, 0x0, 0x0,
    0x0, 0x0, 0x9f, 0xff, 0xff, 0xff, 0xff, 0xec,
    0xbc, 0xef, 0xff, 0xff, 0xff, 0xff, 0x60, 0x0,
    0x0, 0x6, 0xff, 0xff, 0xff, 0xff, 0x93, 0x0,
    0x0, 0x2, 0x9f, 0xff, 0xff, 0xff, 0xf2, 0x0,
    0x0, 0x1e, 0xff, 0xff, 0xff, 0xd2, 0x0, 0x0,
    0x0, 0x0, 0x2, 0xdf, 0xff, 0xff, 0xfa, 0x0,
    0x0, 0x8f, 0xff, 0xff, 0xfc, 0x10, 0x0, 0x0,
    0x0, 0x0, 0x0, 0x1d, 0xff, 0xff, 0xff, 0x20,
    0x0, 0xff, 0xff, 0xff, 0xf1, 0x0, 0x0, 0x0,
    0x0, 0x0, 0x0, 0x3, 0xff, 0xff, 0xff, 0x70,
    0x6, 0xff, 0xff, 0xff, 0x60, 0x0, 0x0, 0x0,
    0x0, 0x0, 0x0, 0x0, 0xbf, 0xff, 0xff, 0xc0,
    0xb, 0xff, 0xff, 0xfe, 0x0, 0x0, 0x0, 0x0,
    0x0, 0x0, 0x0, 0x0, 0x6f, 0xff, 0xff, 0xf0,
    0xf, 0xff, 0xff, 0xf8, 0x0, 0x0, 0x0, 0x0,
    0x0, 0x0, 0x0, 0x0, 0x2, 0x22, 0x22, 0x20,
    0x2f, 0xff, 0xff, 0xf3, 0x0, 0x0, 0x0, 0x0,
    0x0, 0x0, 0x0, 0x0, 0x0, 0x0, 0x0, 0x0,
    0x5f, 0xff, 0xff, 0xf0, 0x0, 0x0, 0x0, 0x0,
    0x0, 0x0, 0x0, 0x0, 0x0, 0x0, 0x0, 0x0,
    0x7f, 0xff, 0xff, 0xd0, 0x0, 0x0, 0x0, 0x0,
    0x0, 0x0, 0x0, 0x0, 0x0, 0x0, 0x0, 0x0,
    0x8f, 0xff, 0xff, 0xc0, 0x0, 0x0, 0x0, 0x0,
    0x0, 0x0, 0x0, 0x0, 0x0, 0x0, 0x0, 0x0,
    0x8f, 0xff, 0xff, 0xb0, 0x0, 0x0, 0x0, 0x0,
    0x0, 0x0, 0x0, 0x0, 0x0, 0x0, 0x0, 0x0,
    0x8f, 0xff, 0xff, 0xb0, 0x0, 0x0, 0x0, 0x0,
    0x0, 0x0, 0x0, 0x0, 0x0, 0x0, 0x0, 0x0,
    0x8f, 0xff, 0xff, 0xc0, 0x0, 0x0, 0x0, 0x0,
    0x0, 0x0, 0x0, 0x0, 0x0, 0x0, 0x0, 0x0,
    0x7f, 0xff, 0xff, 0xd0, 0x0, 0x0, 0x0, 0x0,
    0x0, 0x0, 0x0, 0x0, 0x0, 0x0, 0x0, 0x0,
    0x5f, 0xff, 0xff, 0xf0, 0x0, 0x0, 0x0, 0x0,
    0x0, 0x0, 0x0, 0x0, 0x0, 0x0, 0x0, 0x0,
    0x2f, 0xff, 0xff, 0xf3, 0x0, 0x0, 0x0, 0x0,
    0x0, 0x0, 0x0, 0x0, 0x0, 0x0, 0x0, 0x0,
    0xf, 0xff, 0xff, 0xf7, 0x0, 0x0, 0x0, 0x0,
    0x0, 0x0, 0x0, 0x0, 0x3, 0x33, 0x33, 0x30,
    0xb, 0xff, 0xff, 0xfd, 0x0, 0x0, 0x0, 0x0,
    0x0, 0x0, 0x0, 0x0, 0x6f, 0xff, 0xff, 0xf0,
    0x6, 0xff, 0xff, 0xff, 0x50, 0x0, 0x0, 0x0,
    0x0, 0x0, 0x0, 0x0, 0xbf, 0xff, 0xff, 0xc0,
    0x1, 0xff, 0xff, 0xff, 0xe1, 0x0, 0x0, 0x0,
    0x0, 0x0, 0x0, 0x3, 0xff, 0xff, 0xff, 0x70,
    0x0, 0x9f, 0xff, 0xff, 0xfc, 0x0, 0x0, 0x0,
    0x0, 0x0, 0x0, 0x1d, 0xff, 0xff, 0xff, 0x10,
    0x0, 0x1e, 0xff, 0xff, 0xff, 0xc2, 0x0, 0x0,
    0x0, 0x0, 0x2, 0xdf, 0xff, 0xff, 0xf9, 0x0,
    0x0, 0x6, 0xff, 0xff, 0xff, 0xff, 0x93, 0x0,
    0x0, 0x2, 0x9f, 0xff, 0xff, 0xff, 0xe1, 0x0,
    0x0, 0x0, 0xaf, 0xff, 0xff, 0xff, 0xff, 0xec,
    0xbc, 0xef, 0xff, 0xff, 0xff, 0xff, 0x40, 0x0,
    0x0, 0x0, 0xb, 0xff, 0xff, 0xff, 0xff, 0xff,
    0xff, 0xff, 0xff, 0xff, 0xff, 0xf7, 0x0, 0x0,
    0x0, 0x0, 0x0, 0xaf, 0xff, 0xff, 0xff, 0xff,
    0xff, 0xff, 0xff, 0xff, 0xff, 0x60, 0x0, 0x0,
    0x0, 0x0, 0x0, 0x5, 0xff, 0xff, 0xff, 0xff,
    0xff, 0xff, 0xff, 0xff, 0xd3, 0x0, 0x0, 0x0,
    0x0, 0x0, 0x0, 0x0, 0x18, 0xef, 0xff, 0xff,
    0xff, 0xff, 0xff, 0xd6, 0x0, 0x0, 0x0, 0x0,
    0x0, 0x0, 0x0, 0x0, 0x0, 0x4, 0x8b, 0xef,
    0xff, 0xeb, 0x83, 0x0, 0x0, 0x0, 0x0, 0x0,

    /* U+0044 "D" */
    0x7f, 0xff, 0xff, 0xff, 0xff, 0xff, 0xff, 0xec,
    0x96, 0x10, 0x0, 0x0, 0x0, 0x0, 0x0, 0x7f,
    0xff, 0xff, 0xff, 0xff, 0xff, 0xff, 0xff, 0xff,
    0xfc, 0x40, 0x0, 0x0, 0x0, 0x0, 0x7f, 0xff,
    0xff, 0xff, 0xff, 0xff, 0xff, 0xff, 0xff, 0xff,
    0xfc, 0x20, 0x0, 0x0, 0x0, 0x7f, 0xff, 0xff,
    0xff, 0xff, 0xff, 0xff, 0xff, 0xff, 0xff, 0xff,
    0xf6, 0x0, 0x0, 0x0, 0x7f, 0xff, 0xff, 0xff,
    0xff, 0xff, 0xff, 0xff, 0xff, 0xff, 0xff, 0xff,
    0x70, 0x0, 0x0, 0x7f, 0xff, 0xff, 0xe8, 0x88,
    0x88, 0x89, 0xae, 0xff, 0xff, 0xff, 0xff, 0xf5,
    0x0, 0x0, 0x7f, 0xff, 0xff, 0xc0, 0x0, 0x0,
    0x0, 0x0, 0x29, 0xff, 0xff, 0xff, 0xff, 0x20,
    0x0, 0x7f, 0xff, 0xff, 0xc0, 0x0, 0x0, 0x0,
    0x0, 0x0, 0x2c, 0xff, 0xff, 0xff, 0xb0, 0x0,
    0x7f, 0xff, 0xff, 0xc0, 0x0, 0x0, 0x0, 0x0,
    0x0, 0x0, 0xcf, 0xff, 0xff, 0xf4, 0x0, 0x7f,
    0xff, 0xff, 0xc0, 0x0, 0x0, 0x0, 0x0, 0x0,
    0x0, 0x1f, 0xff, 0xff, 0xfb, 0x0, 0x7f, 0xff,
    0xff, 0xc0, 0x0, 0x0, 0x0, 0x0, 0x0, 0x0,
    0x6, 0xff, 0xff, 0xff, 0x10, 0x7f, 0xff, 0xff,
    0xc0, 0x0, 0x0, 0x0, 0x0, 0x0, 0x0, 0x0,
    0xff, 0xff, 0xff, 0x60, 0x7f, 0xff, 0xff, 0xc0,
    0x0, 0x0, 0x0, 0x0, 0x0, 0x0, 0x0, 0xaf,
    0xff, 0xff, 0xa0, 0x7f, 0xff, 0xff, 0xc0, 0x0,
    0x0, 0x0, 0x0, 0x0, 0x0, 0x0, 0x6f, 0xff,
    0xff, 0xd0, 0x7f, 0xff, 0xff, 0xc0, 0x0, 0x0,
    0x0, 0x0, 0x0, 0x0, 0x0, 0x3f, 0xff, 0xff,
    0xf0, 0x7f, 0xff, 0xff, 0xc0, 0x0, 0x0, 0x0,
    0x0, 0x0, 0x0, 0x0, 0x1f, 0xff, 0xff, 0xf1,
    0x7f, 0xff, 0xff, 0xc0, 0x0, 0x0, 0x0, 0x0,
    0x0, 0x0, 0x0, 0xf, 0xff, 0xff, 0xf2, 0x7f,
    0xff, 0xff, 0xc0, 0x0, 0x0, 0x0, 0x0, 0x0,
    0x0, 0x0, 0xf, 0xff, 0xff, 0xf3, 0x7f, 0xff,
    0xff, 0xc0, 0x0, 0x0, 0x0, 0x0, 0x0, 0x0,
    0x0, 0xf, 0xff, 0xff, 0xf3, 0x7f, 0xff, 0xff,
    0xc0, 0x0, 0x0, 0x0, 0x0, 0x0, 0x0, 0x0,
    0xf, 0xff, 0xff, 0xf2, 0x7f, 0xff, 0xff, 0xc0,
    0x0, 0x0, 0x0, 0x0, 0x0, 0x0, 0x0, 0x1f,
    0xff, 0xff, 0xf1, 0x7f, 0xff, 0xff, 0xc0, 0x0,
    0x0, 0x0, 0x0, 0x0, 0x0, 0x0, 0x3f, 0xff,
    0xff, 0xf0, 0x7f, 0xff, 0xff, 0xc0, 0x0, 0x0,
    0x0, 0x0, 0x0, 0x0, 0x0, 0x7f, 0xff, 0xff,
    0xd0, 0x7f, 0xff, 0xff, 0xc0, 0x0, 0x0, 0x0,
    0x0, 0x0, 0x0, 0x0, 0xaf, 0xff, 0xff, 0xa0,
    0x7f, 0xff, 0xff, 0xc0, 0x0, 0x0, 0x0, 0x0,
    0x0, 0x0, 0x1, 0xff, 0xff, 0xff, 0x50, 0x7f,
    0xff, 0xff, 0xc0, 0x0, 0x0, 0x0, 0x0, 0x0,
    0x0, 0x7, 0xff, 0xff, 0xff, 0x10, 0x7f, 0xff,
    0xff, 0xc0, 0x0, 0x0, 0x0, 0x0, 0x0, 0x0,
    0x2f, 0xff, 0xff, 0xfa, 0x0, 0x7f, 0xff, 0xff,
    0xc0, 0x0, 0x0, 0x0, 0x0, 0x0, 0x1, 0xcf,
    0xff, 0xff, 0xf4, 0x0, 0x7f, 0xff, 0xff, 0xc0,
    0x0, 0x0, 0x0, 0x0, 0x0, 0x2d, 0xff, 0xff,
    0xff, 0xb0, 0x0, 0x7f, 0xff, 0xff, 0xc0, 0x0,
    0x0, 0x0, 0x0, 0x3a, 0xff, 0xff, 0xff, 0xff,
    0x20, 0x0, 0x7f, 0xff, 0xff, 0xe8, 0x88, 0x88,
    0x8a, 0xbe, 0xff, 0xff, 0xff, 0xff, 0xf5, 0x0,
    0x0, 0x7f, 0xff, 0xff, 0xff, 0xff, 0xff, 0xff,
    0xff, 0xff, 0xff, 0xff, 0xff, 0x70, 0x0, 0x0,
    0x7f, 0xff, 0xff, 0xff, 0xff, 0xff, 0xff, 0xff,
    0xff, 0xff, 0xff, 0xf6, 0x0, 0x0, 0x0, 0x7f,
    0xff, 0xff, 0xff, 0xff, 0xff, 0xff, 0xff, 0xff,
    0xff, 0xfc, 0x20, 0x0, 0x0, 0x0, 0x7f, 0xff,
    0xff, 0xff, 0xff, 0xff, 0xff, 0xff, 0xff, 0xfb,
    0x40, 0x0, 0x0, 0x0, 0x0, 0x7f, 0xff, 0xff,
    0xff, 0xff, 0xff, 0xff, 0xec, 0x96, 0x10, 0x0,
    0x0, 0x0, 0x0, 0x0,

    /* U+0045 "E" */
    0x7f, 0xff, 0xff, 0xff, 0xff, 0xff, 0xff, 0xff,
    0xff, 0xff, 0xff, 0xf3, 0x7f, 0xff, 0xff, 0xff,
    0xff, 0xff, 0xff, 0xff, 0xff, 0xff, 0xff, 0xf3,
    0x7f, 0xff, 0xff, 0xff, 0xff, 0xff, 0xff, 0xff,
    0xff, 0xff, 0xff, 0xf3, 0x7f, 0xff, 0xff, 0xff,
    0xff, 0xff, 0xff, 0xff, 0xff, 0xff, 0xff, 0xf3,
    0x7f, 0xff, 0xff, 0xff, 0xff, 0xff, 0xff, 0xff,
    0xff, 0xff, 0xff, 0xf3, 0x7f, 0xff, 0xff, 0xd5,
    0x55, 0x55, 0x55, 0x55, 0x55, 0x55, 0x55, 0x51,
    0x7f, 0xff, 0xff, 0xc0, 0x0, 0x0, 0x0, 0x0,
    0x0, 0x0, 0x0, 0x0, 0x7f, 0xff, 0xff, 0xc0,
    0x0, 0x0, 0x0, 0x0, 0x0, 0x0, 0x0, 0x0,
    0x7f, 0xff, 0xff, 0xc0, 0x0, 0x0, 0x0, 0x0,
    0x0, 0x0, 0x0, 0x0, 0x7f, 0xff, 0xff, 0xc0,
    0x0, 0x0, 0x0, 0x0, 0x0, 0x0, 0x0, 0x0,
    0x7f, 0xff, 0xff, 0xc0, 0x0, 0x0, 0x0, 0x0,
    0x0, 0x0, 0x0, 0x0, 0x7f, 0xff, 0xff, 0xc0,
    0x0, 0x0, 0x0, 0x0, 0x0, 0x0, 0x0, 0x0,
    0x7f, 0xff, 0xff, 0xc0, 0x0, 0x0, 0x0, 0x0,
    0x0, 0x0, 0x0, 0x0, 0x7f, 0xff, 0xff, 0xc0,
    0x0, 0x0, 0x0, 0x0, 0x0, 0x0, 0x0, 0x0,
    0x7f, 0xff, 0xff, 0xc0, 0x0, 0x0, 0x0, 0x0,
    0x0, 0x0, 0x0, 0x0, 0x7f, 0xff, 0xff, 0xd4,
    0x44, 0x44, 0x44, 0x44, 0x44, 0x44, 0x44, 0x0,
    0x7f, 0xff, 0xff, 0xff, 0xff, 0xff, 0xff, 0xff,
    0xff, 0xff, 0xff, 0x0, 0x7f, 0xff, 0xff, 0xff,
    0xff, 0xff, 0xff, 0xff, 0xff, 0xff, 0xff, 0x0,
    0x7f, 0xff, 0xff, 0xff, 0xff, 0xff, 0xff, 0xff,
    0xff, 0xff, 0xff, 0x0, 0x7f, 0xff, 0xff, 0xff,
    0xff, 0xff, 0xff, 0xff, 0xff, 0xff, 0xff, 0x0,
    0x7f, 0xff, 0xff, 0xff, 0xff, 0xff, 0xff, 0xff,
    0xff, 0xff, 0xff, 0x0, 0x7f, 0xff, 0xff, 0xc0,
    0x0, 0x0, 0x0, 0x0, 0x0, 0x0, 0x0, 0x0,
    0x7f, 0xff, 0xff, 0xc0, 0x0, 0x0, 0x0, 0x0,
    0x0, 0x0, 0x0, 0x0, 0x7f, 0xff, 0xff, 0xc0,
    0x0, 0x0, 0x0, 0x0, 0x0, 0x0, 0x0, 0x0,
    0x7f, 0xff, 0xff, 0xc0, 0x0, 0x0, 0x0, 0x0,
    0x0, 0x0, 0x0, 0x0, 0x7f, 0xff, 0xff, 0xc0,
    0x0, 0x0, 0x0, 0x0, 0x0, 0x0, 0x0, 0x0,
    0x7f, 0xff, 0xff, 0xc0, 0x0, 0x0, 0x0, 0x0,
    0x0, 0x0, 0x0, 0x0, 0x7f, 0xff, 0xff, 0xc0,
    0x0, 0x0, 0x0, 0x0, 0x0, 0x0, 0x0, 0x0,
    0x7f, 0xff, 0xff, 0xc0, 0x0, 0x0, 0x0, 0x0,
    0x0, 0x0, 0x0, 0x0, 0x7f, 0xff, 0xff, 0xc0,
    0x0, 0x0, 0x0, 0x0, 0x0, 0x0, 0x0, 0x0,
    0x7f, 0xff, 0xff, 0xd5, 0x55, 0x55, 0x55, 0x55,
    0x55, 0x55, 0x55, 0x51, 0x7f, 0xff, 0xff, 0xff,
    0xff, 0xff, 0xff, 0xff, 0xff, 0xff, 0xff, 0xf4,
    0x7f, 0xff, 0xff, 0xff, 0xff, 0xff, 0xff, 0xff,
    0xff, 0xff, 0xff, 0xf4, 0x7f, 0xff, 0xff, 0xff,
    0xff, 0xff, 0xff, 0xff, 0xff, 0xff, 0xff, 0xf4,
    0x7f, 0xff, 0xff, 0xff, 0xff, 0xff, 0xff, 0xff,
    0xff, 0xff, 0xff, 0xf4, 0x7f, 0xff, 0xff, 0xff,
    0xff, 0xff, 0xff, 0xff, 0xff, 0xff, 0xff, 0xf4,

    /* U+0046 "F" */
    0x7f, 0xff, 0xff, 0xff, 0xff, 0xff, 0xff, 0xff,
    0xff, 0xff, 0xff, 0xe7, 0xff, 0xff, 0xff, 0xff,
    0xff, 0xff, 0xff, 0xff, 0xff, 0xff, 0xfe, 0x7f,
    0xff, 0xff, 0xff, 0xff, 0xff, 0xff, 0xff, 0xff,
    0xff, 0xff, 0xe7, 0xff, 0xff, 0xff, 0xff, 0xff,
    0xff, 0xff, 0xff, 0xff, 0xff, 0xfe, 0x7f, 0xff,
    0xff, 0xff, 0xff, 0xff, 0xff, 0xff, 0xff, 0xff,
    0xff, 0xe7, 0xff, 0xff, 0xfd, 0x55, 0x55, 0x55,
    0x55, 0x55, 0x55, 0x55, 0x55, 0x7f, 0xff, 0xff,
    0xc0, 0x0, 0x0, 0x0, 0x0, 0x0, 0x0, 0x0,
    0x7, 0xff, 0xff, 0xfc, 0x0, 0x0, 0x0, 0x0,
    0x0, 0x0, 0x0, 0x0, 0x7f, 0xff, 0xff, 0xc0,
    0x0, 0x0, 0x0, 0x0, 0x0, 0x0, 0x0, 0x7,
    0xff, 0xff, 0xfc, 0x0, 0x0, 0x0, 0x0, 0x0,
    0x0, 0x0, 0x0, 0x7f, 0xff, 0xff, 0xc0, 0x0,
    0x0, 0x0, 0x0, 0x0, 0x0, 0x0, 0x7, 0xff,
    0xff, 0xfc, 0x0, 0x0, 0x0, 0x0, 0x0, 0x0,
    0x0, 0x0, 0x7f, 0xff, 0xff, 0xc0, 0x0, 0x0,
    0x0, 0x0, 0x0, 0x0, 0x0, 0x7, 0xff, 0xff,
    0xfc, 0x0, 0x0, 0x0, 0x0, 0x0, 0x0, 0x0,
    0x0, 0x7f, 0xff, 0xff, 0xc0, 0x0, 0x0, 0x0,
    0x0, 0x0, 0x0, 0x0, 0x7, 0xff, 0xff, 0xfc,
    0x0, 0x0, 0x0, 0x0, 0x0, 0x0, 0x0, 0x0,
    0x7f, 0xff, 0xff, 0xd4, 0x44, 0x44, 0x44, 0x44,
    0x44, 0x44, 0x41, 0x7, 0xff, 0xff, 0xff, 0xff,
    0xff, 0xff, 0xff, 0xff, 0xff, 0xff, 0x50, 0x7f,
    0xff, 0xff, 0xff, 0xff, 0xff, 0xff, 0xff, 0xff,
    0xff, 0xf5, 0x7, 0xff, 0xff, 0xff, 0xff, 0xff,
    0xff, 0xff, 0xff, 0xff, 0xff, 0x50, 0x7f, 0xff,
    0xff, 0xff, 0xff, 0xff, 0xff, 0xff, 0xff, 0xff,
    0xf5, 0x7, 0xff, 0xff, 0xff, 0xff, 0xff, 0xff,
    0xff, 0xff, 0xff, 0xff, 0x50, 0x7f, 0xff, 0xff,
    0xc0, 0x0, 0x0, 0x0, 0x0, 0x0, 0x0, 0x0,
    0x7, 0xff, 0xff, 0xfc, 0x0, 0x0, 0x0, 0x0,
    0x0, 0x0, 0x0, 0x0, 0x7f, 0xff, 0xff, 0xc0,
    0x0, 0x0, 0x0, 0x0, 0x0, 0x0, 0x0, 0x7,
    0xff, 0xff, 0xfc, 0x0, 0x0, 0x0, 0x0, 0x0,
    0x0, 0x0, 0x0, 0x7f, 0xff, 0xff, 0xc0, 0x0,
    0x0, 0x0, 0x0, 0x0, 0x0, 0x0, 0x7, 0xff,
    0xff, 0xfc, 0x0, 0x0, 0x0, 0x0, 0x0, 0x0,
    0x0, 0x0, 0x7f, 0xff, 0xff, 0xc0, 0x0, 0x0,
    0x0, 0x0, 0x0, 0x0, 0x0, 0x7, 0xff, 0xff,
    0xfc, 0x0, 0x0, 0x0, 0x0, 0x0, 0x0, 0x0,
    0x0, 0x7f, 0xff, 0xff, 0xc0, 0x0, 0x0, 0x0,
    0x0, 0x0, 0x0, 0x0, 0x7, 0xff, 0xff, 0xfc,
    0x0, 0x0, 0x0, 0x0, 0x0, 0x0, 0x0, 0x0,
    0x7f, 0xff, 0xff, 0xc0, 0x0, 0x0, 0x0, 0x0,
    0x0, 0x0, 0x0, 0x7, 0xff, 0xff, 0xfc, 0x0,
    0x0, 0x0, 0x0, 0x0, 0x0, 0x0, 0x0, 0x7f,
    0xff, 0xff, 0xc0, 0x0, 0x0, 0x0, 0x0, 0x0,
    0x0, 0x0, 0x7, 0xff, 0xff, 0xfc, 0x0, 0x0,
    0x0, 0x0, 0x0, 0x0, 0x0, 0x0,

    /* U+0047 "G" */
    0x0, 0x0, 0x0, 0x0, 0x0, 0x4, 0x8b, 0xef,
    0xff, 0xdb, 0x83, 0x0, 0x0, 0x0, 0x0, 0x0,
    0x0, 0x0, 0x0, 0x0, 0x7, 0xef, 0xff, 0xff,
    0xff, 0xff, 0xff, 0xd7, 0x0, 0x0, 0x0, 0x0,
    0x0, 0x0, 0x0, 0x5, 0xef, 0xff, 0xff, 0xff,
    0xff, 0xff, 0xff, 0xff, 0xe4, 0x0, 0x0, 0x0,
    0x0, 0x0, 0x0, 0x9f, 0xff, 0xff, 0xff, 0xff,
    0xff, 0xff, 0xff, 0xff, 0xff, 0x80, 0x0, 0x0,
    0x0, 0x0, 0xa, 0xff, 0xff, 0xff, 0xff, 0xff,
    0xff, 0xff, 0xff, 0xff, 0xff, 0xf9, 0x0, 0x0,
    0x0, 0x0, 0x9f, 0xff, 0xff, 0xff, 0xff, 0xec,
    0xbc, 0xef, 0xff, 0xff, 0xff, 0xff, 0x70, 0x0,
    0x0, 0x5, 0xff, 0xff, 0xff, 0xff, 0x92, 0x0,
    0x0, 0x2, 0x8f, 0xff, 0xff, 0xff, 0xf3, 0x0,
    0x0, 0xe, 0xff, 0xff, 0xff, 0xc2, 0x0, 0x0,
    0x0, 0x0, 0x2, 0xdf, 0xff, 0xff, 0xfb, 0x0,
    0x0, 0x8f, 0xff, 0xff, 0xfc, 0x0, 0x0, 0x0,
    0x0, 0x0, 0x0, 0x1e, 0xff, 0xff, 0xff, 0x30,
    0x0, 0xef, 0xff, 0xff, 0xe1, 0x0, 0x0, 0x0,
    0x0, 0x0, 0x0, 0x4, 0xff, 0xff, 0xff, 0x90,
    0x6, 0xff, 0xff, 0xff, 0x60, 0x0, 0x0, 0x0,
    0x0, 0x0, 0x0, 0x0, 0xbf, 0xff, 0xff, 0xd0,
    0xb, 0xff, 0xff, 0xfe, 0x0, 0x0, 0x0, 0x0,
    0x0, 0x0, 0x0, 0x0, 0x39, 0x99, 0x99, 0x90,
    0xf, 0xff, 0xff, 0xf8, 0x0, 0x0, 0x0, 0x0,
    0x0, 0x0, 0x0, 0x0, 0x0, 0x0, 0x0, 0x0,
    0x2f, 0xff, 0xff, 0xf3, 0x0, 0x0, 0x0, 0x0,
    0x0, 0x0, 0x0, 0x0, 0x0, 0x0, 0x0, 0x0,
    0x5f, 0xff, 0xff, 0xf0, 0x0, 0x0, 0x0, 0x0,
    0x0, 0x0, 0x0, 0x0, 0x0, 0x0, 0x0, 0x0,
    0x7f, 0xff, 0xff, 0xd0, 0x0, 0x0, 0x0, 0x0,
    0x0, 0x0, 0x0, 0x0, 0x0, 0x0, 0x0, 0x0,
    0x8f, 0xff, 0xff, 0xc0, 0x0, 0x0, 0x0, 0x0,
    0x0, 0x0, 0x0, 0x0, 0x0, 0x0, 0x0, 0x0,
    0x8f, 0xff, 0xff, 0xb0, 0x0, 0x0, 0x0, 0x0,
    0xb, 0xff, 0xff, 0xff, 0xff, 0xff, 0xff, 0xf6,
    0x8f, 0xff, 0xff, 0xb0, 0x0, 0x0, 0x0, 0x0,
    0xb, 0xff, 0xff, 0xff, 0xff, 0xff, 0xff, 0xf6,
    0x8f, 0xff, 0xff, 0xc0, 0x0, 0x0, 0x0, 0x0,
    0xb, 0xff, 0xff, 0xff, 0xff, 0xff, 0xff, 0xf6,
    0x7f, 0xff, 0xff, 0xd0, 0x0, 0x0, 0x0, 0x0,
    0xb, 0xff, 0xff, 0xff, 0xff, 0xff, 0xff, 0xf6,
    0x5f, 0xff, 0xff, 0xf0, 0x0, 0x0, 0x0, 0x0,
    0xb, 0xff, 0xff, 0xff, 0xff, 0xff, 0xff, 0xf6,
    0x2f, 0xff, 0xff, 0xf3, 0x0, 0x0, 0x0, 0x0,
    0x0, 0x0, 0x0, 0x0, 0xb, 0xff, 0xff, 0xf5,
    0xf, 0xff, 0xff, 0xf8, 0x0, 0x0, 0x0, 0x0,
    0x0, 0x0, 0x0, 0x0, 0xd, 0xff, 0xff, 0xf4,
    0xb, 0xff, 0xff, 0xfe, 0x0, 0x0, 0x0, 0x0,
    0x0, 0x0, 0x0, 0x0, 0x1f, 0xff, 0xff, 0xf1,
    0x6, 0xff, 0xff, 0xff, 0x50, 0x0, 0x0, 0x0,
    0x0, 0x0, 0x0, 0x0, 0x6f, 0xff, 0xff, 0xe0,
    0x0, 0xff, 0xff, 0xff, 0xe1, 0x0, 0x0, 0x0,
    0x0, 0x0, 0x0, 0x0, 0xdf, 0xff, 0xff, 0x90,
    0x0, 0x9f, 0xff, 0xff, 0xfc, 0x10, 0x0, 0x0,
    0x0, 0x0, 0x0, 0xa, 0xff, 0xff, 0xff, 0x40,
    0x0, 0x1f, 0xff, 0xff, 0xff, 0xd2, 0x0, 0x0,
    0x0, 0x0, 0x0, 0xaf, 0xff, 0xff, 0xfc, 0x0,
    0x0, 0x6, 0xff, 0xff, 0xff, 0xff, 0x93, 0x0,
    0x0, 0x1, 0x6e, 0xff, 0xff, 0xff, 0xf3, 0x0,
    0x0, 0x0, 0xaf, 0xff, 0xff, 0xff, 0xff, 0xec,
    0xbc, 0xdf, 0xff, 0xff, 0xff, 0xff, 0x80, 0x0,
    0x0, 0x0, 0xb, 0xff, 0xff, 0xff, 0xff, 0xff,
    0xff, 0xff, 0xff, 0xff, 0xff, 0xfb, 0x0, 0x0,
    0x0, 0x0, 0x0, 0xaf, 0xff, 0xff, 0xff, 0xff,
    0xff, 0xff, 0xff, 0xff, 0xff, 0xa0, 0x0, 0x0,
    0x0, 0x0, 0x0, 0x6, 0xff, 0xff, 0xff, 0xff,
    0xff, 0xff, 0xff, 0xff, 0xf6, 0x0, 0x0, 0x0,
    0x0, 0x0, 0x0, 0x0, 0x18, 0xef, 0xff, 0xff,
    0xff, 0xff, 0xff, 0xf8, 0x10, 0x0, 0x0, 0x0,
    0x0, 0x0, 0x0, 0x0, 0x0, 0x4, 0x8b, 0xef,
    0xff, 0xec, 0x94, 0x0, 0x0, 0x0, 0x0, 0x0,

    /* U+0048 "H" */
    0x7f, 0xff, 0xff, 0xc0, 0x0, 0x0, 0x0, 0x0,
    0x0, 0x0, 0x0, 0xf, 0xff, 0xff, 0xf4, 0x7f,
    0xff, 0xff, 0xc0, 0x0, 0x0, 0x0, 0x0, 0x0,
    0x0, 0x0, 0xf, 0xff, 0xff, 0xf4, 0x7f, 0xff,
    0xff, 0xc0, 0x0, 0x0, 0x0, 0x0, 0x0, 0x0,
    0x0, 0xf, 0xff, 0xff, 0xf4, 0x7f, 0xff, 0xff,
    0xc0, 0x0, 0x0, 0x0, 0x0, 0x0, 0x0, 0x0,
    0xf, 0xff, 0xff, 0xf4, 0x7f, 0xff, 0xff, 0xc0,
    0x0, 0x0, 0x0, 0x0, 0x0, 0x0, 0x0, 0xf,
    0xff, 0xff, 0xf4, 0x7f, 0xff, 0xff, 0xc0, 0x0,
    0x0, 0x0, 0x0, 0x0, 0x0, 0x0, 0xf, 0xff,
    0xff, 0xf4, 0x7f, 0xff, 0xff, 0xc0, 0x0, 0x0,
    0x0, 0x0, 0x0, 0x0, 0x0, 0xf, 0xff, 0xff,
    0xf4, 0x7f, 0xff, 0xff, 0xc0, 0x0, 0x0, 0x0,
    0x0, 0x0, 0x0, 0x0, 0xf, 0xff, 0xff, 0xf4,
    0x7f, 0xff, 0xff, 0xc0, 0x0, 0x0, 0x0, 0x0,
    0x0, 0x0, 0x0, 0xf, 0xff, 0xff, 0xf4, 0x7f,
    0xff, 0xff, 0xc0, 0x0, 0x0, 0x0, 0x0, 0x0,
    0x0, 0x0, 0xf, 0xff, 0xff, 0xf4, 0x7f, 0xff,
    0xff, 0xc0, 0x0, 0x0, 0x0, 0x0, 0x0, 0x0,
    0x0, 0xf, 0xff, 0xff, 0xf4, 0x7f, 0xff, 0xff,
    0xc0, 0x0, 0x0, 0x0, 0x0, 0x0, 0x0, 0x0,
    0xf, 0xff, 0xff, 0xf4, 0x7f, 0xff, 0xff, 0xc0,
    0x0, 0x0, 0x0, 0x0, 0x0, 0x0, 0x0, 0xf,
    0xff, 0xff, 0xf4, 0x7f, 0xff, 0xff, 0xc0, 0x0,
    0x0, 0x0, 0x0, 0x0, 0x0, 0x0, 0xf, 0xff,
    0xff, 0xf4, 0x7f, 0xff, 0xff, 0xc0, 0x0, 0x0,
    0x0, 0x0, 0x0, 0x0, 0x0, 0xf, 0xff, 0xff,
    0xf4, 0x7f, 0xff, 0xff, 0xff, 0xff, 0xff, 0xff,
    0xff, 0xff, 0xff, 0xff, 0xff, 0xff, 0xff, 0xf4,
    0x7f, 0xff, 0xff, 0xff, 0xff, 0xff, 0xff, 0xff,
    0xff, 0xff, 0xff, 0xff, 0xff, 0xff, 0xf4, 0x7f,
    0xff, 0xff, 0xff, 0xff, 0xff, 0xff, 0xff, 0xff,
    0xff, 0xff, 0xff, 0xff, 0xff, 0xf4, 0x7f, 0xff,
    0xff, 0xff, 0xff, 0xff, 0xff, 0xff, 0xff, 0xff,
    0xff, 0xff, 0xff, 0xff, 0xf4, 0x7f, 0xff, 0xff,
    0xff, 0xff, 0xff, 0xff, 0xff, 0xff, 0xff, 0xff,
    0xff, 0xff, 0xff, 0xf4, 0x7f, 0xff, 0xff, 0xd5,
    0x55, 0x55, 0x55, 0x55, 0x55, 0x55, 0x55, 0x5f,
    0xff, 0xff, 0xf4, 0x7f, 0xff, 0xff, 0xc0, 0x0,
    0x0, 0x0, 0x0, 0x0, 0x0, 0x0, 0xf, 0xff,
    0xff, 0xf4, 0x7f, 0xff, 0xff, 0xc0, 0x0, 0x0,
    0x0, 0x0, 0x0, 0x0, 0x0, 0xf, 0xff, 0xff,
    0xf4, 0x7f, 0xff, 0xff, 0xc0, 0x0, 0x0, 0x0,
    0x0, 0x0, 0x0, 0x0, 0xf, 0xff, 0xff, 0xf4,
    0x7f, 0xff, 0xff, 0xc0, 0x0, 0x0, 0x0, 0x0,
    0x0, 0x0, 0x0, 0xf, 0xff, 0xff, 0xf4, 0x7f,
    0xff, 0xff, 0xc0, 0x0, 0x0, 0x0, 0x0, 0x0,
    0x0, 0x0, 0xf, 0xff, 0xff, 0xf4, 0x7f, 0xff,
    0xff, 0xc0, 0x0, 0x0, 0x0, 0x0, 0x0, 0x0,
    0x0, 0xf, 0xff, 0xff, 0xf4, 0x7f, 0xff, 0xff,
    0xc0, 0x0, 0x0, 0x0, 0x0, 0x0, 0x0, 0x0,
    0xf, 0xff, 0xff, 0xf4, 0x7f, 0xff, 0xff, 0xc0,
    0x0, 0x0, 0x0, 0x0, 0x0, 0x0, 0x0, 0xf,
    0xff, 0xff, 0xf4, 0x7f, 0xff, 0xff, 0xc0, 0x0,
    0x0, 0x0, 0x0, 0x0, 0x0, 0x0, 0xf, 0xff,
    0xff, 0xf4, 0x7f, 0xff, 0xff, 0xc0, 0x0, 0x0,
    0x0, 0x0, 0x0, 0x0, 0x0, 0xf, 0xff, 0xff,
    0xf4, 0x7f, 0xff, 0xff, 0xc0, 0x0, 0x0, 0x0,
    0x0, 0x0, 0x0, 0x0, 0xf, 0xff, 0xff, 0xf4,
    0x7f, 0xff, 0xff, 0xc0, 0x0, 0x0, 0x0, 0x0,
    0x0, 0x0, 0x0, 0xf, 0xff, 0xff, 0xf4, 0x7f,
    0xff, 0xff, 0xc0, 0x0, 0x0, 0x0, 0x0, 0x0,
    0x0, 0x0, 0xf, 0xff, 0xff, 0xf4, 0x7f, 0xff,
    0xff, 0xc0, 0x0, 0x0, 0x0, 0x0, 0x0, 0x0,
    0x0, 0xf, 0xff, 0xff, 0xf4, 0x7f, 0xff, 0xff,
    0xc0, 0x0, 0x0, 0x0, 0x0, 0x0, 0x0, 0x0,
    0xf, 0xff, 0xff, 0xf4,

    /* U+0049 "I" */
    0x7f, 0xff, 0xff, 0xc7, 0xff, 0xff, 0xfc, 0x7f,
    0xff, 0xff, 0xc7, 0xff, 0xff, 0xfc, 0x7f, 0xff,
    0xff, 0xc7, 0xff, 0xff, 0xfc, 0x7f, 0xff, 0xff,
    0xc7, 0xff, 0xff, 0xfc, 0x7f, 0xff, 0xff, 0xc7,
    0xff, 0xff, 0xfc, 0x7f, 0xff, 0xff, 0xc7, 0xff,
    0xff, 0xfc, 0x7f, 0xff, 0xff, 0xc7, 0xff, 0xff,
    0xfc, 0x7f, 0xff, 0xff, 0xc7, 0xff, 0xff, 0xfc,
    0x7f, 0xff, 0xff, 0xc7, 0xff, 0xff, 0xfc, 0x7f,
    0xff, 0xff, 0xc7, 0xff, 0xff, 0xfc, 0x7f, 0xff,
    0xff, 0xc7, 0xff, 0xff, 0xfc, 0x7f, 0xff, 0xff,
    0xc7, 0xff, 0xff, 0xfc, 0x7f, 0xff, 0xff, 0xc7,
    0xff, 0xff, 0xfc, 0x7f, 0xff, 0xff, 0xc7, 0xff,
    0xff, 0xfc, 0x7f, 0xff, 0xff, 0xc7, 0xff, 0xff,
    0xfc, 0x7f, 0xff, 0xff, 0xc7, 0xff, 0xff, 0xfc,
    0x7f, 0xff, 0xff, 0xc7, 0xff, 0xff, 0xfc, 0x7f,
    0xff, 0xff, 0xc7, 0xff, 0xff, 0xfc,

    /* U+004A "J" */
    0x0, 0x0, 0x0, 0x0, 0x0, 0x0, 0x0, 0x0,
    0xe, 0xff, 0xff, 0xf5, 0x0, 0x0, 0x0, 0x0,
    0x0, 0x0, 0x0, 0x0, 0xe, 0xff, 0xff, 0xf5,
    0x0, 0x0, 0x0, 0x0, 0x0, 0x0, 0x0, 0x0,
    0xe, 0xff, 0xff, 0xf5, 0x0, 0x0, 0x0, 0x0,
    0x0, 0x0, 0x0, 0x0, 0xe, 0xff, 0xff, 0xf5,
    0x0, 0x0, 0x0, 0x0, 0x0, 0x0, 0x0, 0x0,
    0xe, 0xff, 0xff, 0xf5, 0x0, 0x0, 0x0, 0x0,
    0x0, 0x0, 0x0, 0x0, 0xe, 0xff, 0xff, 0xf5,
    0x0, 0x0, 0x0, 0x0, 0x0, 0x0, 0x0, 0x0,
    0xe, 0xff, 0xff, 0xf5, 0x0, 0x0, 0x0, 0x0,
    0x0, 0x0, 0x0, 0x0, 0xe, 0xff, 0xff, 0xf5,
    0x0, 0x0, 0x0, 0x0, 0x0, 0x0, 0x0, 0x0,
    0xe, 0xff, 0xff, 0xf5, 0x0, 0x0, 0x0, 0x0,
    0x0, 0x0, 0x0, 0x0, 0xe, 0xff, 0xff, 0xf5,
    0x0, 0x0, 0x0, 0x0, 0x0, 0x0, 0x0, 0x0,
    0xe, 0xff, 0xff, 0xf5, 0x0, 0x0, 0x0, 0x0,
    0x0, 0x0, 0x0, 0x0, 0xe, 0xff, 0xff, 0xf5,
    0x0, 0x0, 0x0, 0x0, 0x0, 0x0, 0x0, 0x0,
    0xe, 0xff, 0xff, 0xf5, 0x0, 0x0, 0x0, 0x0,
    0x0, 0x0, 0x0, 0x0, 0xe, 0xff, 0xff, 0xf5,
    0x0, 0x0, 0x0, 0x0, 0x0, 0x0, 0x0, 0x0,
    0xe, 0xff, 0xff, 0xf5, 0x0, 0x0, 0x0, 0x0,
    0x0, 0x0, 0x0, 0x0, 0xe, 0xff, 0xff, 0xf5,
    0x0, 0x0, 0x0, 0x0, 0x0, 0x0, 0x0, 0x0,
    0xe, 0xff, 0xff, 0xf5, 0x0, 0x0, 0x0, 0x0,
    0x0, 0x0, 0x0, 0x0, 0xe, 0xff, 0xff, 0xf5,
    0x0, 0x0, 0x0, 0x0, 0x0, 0x0, 0x0, 0x0,
    0xe, 0xff, 0xff, 0xf5, 0x0, 0x0, 0x0, 0x0,
    0x0, 0x0, 0x0, 0x0, 0xe, 0xff, 0xff, 0xf5,
    0x0, 0x0, 0x0, 0x0, 0x0, 0x0, 0x0, 0x0,
    0xe, 0xff, 0xff, 0xf5, 0x0, 0x0, 0x0, 0x0,
    0x0, 0x0, 0x0, 0x0, 0xe, 0xff, 0xff, 0xf5,
    0x0, 0x0, 0x0, 0x0, 0x0, 0x0, 0x0, 0x0,
    0xe, 0xff, 0xff, 0xf5, 0x2f, 0xff, 0xff, 0xf1,
    0x0, 0x0, 0x0, 0x0, 0xe, 0xff, 0xff, 0xf5,
    0x2f, 0xff, 0xff, 0xf1, 0x0, 0x0, 0x0, 0x0,
    0xe, 0xff, 0xff, 0xf5, 0x2f, 0xff, 0xff, 0xf1,
    0x0, 0x0, 0x0, 0x0, 0xe, 0xff, 0xff, 0xf4,
    0xf, 0xff, 0xff, 0xf3, 0x0, 0x0, 0x0, 0x0,
    0xf, 0xff, 0xff, 0xf3, 0xf, 0xff, 0xff, 0xf7,
    0x0, 0x0, 0x0, 0x0, 0x3f, 0xff, 0xff, 0xf1,
    0xb, 0xff, 0xff, 0xfd, 0x0, 0x0, 0x0, 0x0,
    0xaf, 0xff, 0xff, 0xe0, 0x7, 0xff, 0xff, 0xff,
    0xa0, 0x0, 0x0, 0x7, 0xff, 0xff, 0xff, 0x90,
    0x0, 0xef, 0xff, 0xff, 0xfd, 0x74, 0x46, 0xcf,
    0xff, 0xff, 0xff, 0x20, 0x0, 0x7f, 0xff, 0xff,
    0xff, 0xff, 0xff, 0xff, 0xff, 0xff, 0xfa, 0x0,
    0x0, 0xa, 0xff, 0xff, 0xff, 0xff, 0xff, 0xff,
    0xff, 0xff, 0xc0, 0x0, 0x0, 0x0, 0x9f, 0xff,
    0xff, 0xff, 0xff, 0xff, 0xff, 0xfb, 0x10, 0x0,
    0x0, 0x0, 0x5, 0xdf, 0xff, 0xff, 0xff, 0xff,
    0xfe, 0x70, 0x0, 0x0, 0x0, 0x0, 0x0, 0x4,
    0x8c, 0xef, 0xfe, 0xd9, 0x50, 0x0, 0x0, 0x0,

    /* U+004B "K" */
    0x7f, 0xff, 0xff, 0xc0, 0x0, 0x0, 0x0, 0x0,
    0x0, 0x0, 0x1d, 0xff, 0xff, 0xff, 0xc0, 0x7f,
    0xff, 0xff, 0xc0, 0x0, 0x0, 0x0, 0x0, 0x0,
    0x0, 0xcf, 0xff, 0xff, 0xfe, 0x10, 0x7f, 0xff,
    0xff, 0xc0, 0x0, 0x0, 0x0, 0x0, 0x0, 0xa,
    0xff, 0xff, 0xff, 0xf2, 0x0, 0x7f, 0xff, 0xff,
    0xc0, 0x0, 0x0, 0x0, 0x0, 0x0, 0x7f, 0xff,
    0xff, 0xff, 0x40, 0x0, 0x7f, 0xff, 0xff, 0xc0,
    0x0, 0x0, 0x0, 0x0, 0x5, 0xff, 0xff, 0xff,
    0xf6, 0x0, 0x0, 0x7f, 0xff, 0xff, 0xc0, 0x0,
    0x0, 0x0, 0x0, 0x3f, 0xff, 0xff, 0xff, 0x80,
    0x0, 0x0, 0x7f, 0xff, 0xff, 0xc0, 0x0, 0x0,
    0x0, 0x2, 0xef, 0xff, 0xff, 0xfa, 0x0, 0x0,
    0x0, 0x7f, 0xff, 0xff, 0xc0, 0x0, 0x0, 0x0,
    0xd, 0xff, 0xff, 0xff, 0xc0, 0x0, 0x0, 0x0,
    0x7f, 0xff, 0xff, 0xc0, 0x0, 0x0, 0x0, 0xbf,
    0xff, 0xff, 0xfd, 0x10, 0x0, 0x0, 0x0, 0x7f,
    0xff, 0xff, 0xc0, 0x0, 0x0, 0x9, 0xff, 0xff,
    0xff, 0xf2, 0x0, 0x0, 0x0, 0x0, 0x7f, 0xff,
    0xff, 0xc0, 0x0, 0x0, 0x7f, 0xff, 0xff, 0xff,
    0x40, 0x0, 0x0, 0x0, 0x0, 0x7f, 0xff, 0xff,
    0xc0, 0x0, 0x4, 0xff, 0xff, 0xff, 0xf6, 0x0,
    0x0, 0x0, 0x0, 0x0, 0x7f, 0xff, 0xff, 0xc0,
    0x0, 0x2e, 0xff, 0xff, 0xff, 0x80, 0x0, 0x0,
    0x0, 0x0, 0x0, 0x7f, 0xff, 0xff, 0xb0, 0x0,
    0xdf, 0xff, 0xff, 0xfa, 0x0, 0x0, 0x0, 0x0,
    0x0, 0x0, 0x7f, 0xff, 0xff, 0xb0, 0x9, 0xff,
    0xff, 0xff, 0xc0, 0x0, 0x0, 0x0, 0x0, 0x0,
    0x0, 0x7f, 0xff, 0xff, 0xb0, 0x5f, 0xff, 0xff,
    0xff, 0x10, 0x0, 0x0, 0x0, 0x0, 0x0, 0x0,
    0x7f, 0xff, 0xff, 0xb1, 0xef, 0xff, 0xff, 0xff,
    0x70, 0x0, 0x0, 0x0, 0x0, 0x0, 0x0, 0x7f,
    0xff, 0xff, 0xbb, 0xff, 0xff, 0xff, 0xff, 0xf2,
    0x0, 0x0, 0x0, 0x0, 0x0, 0x0, 0x7f, 0xff,
    0xff, 0xff, 0xff, 0xff, 0xff, 0xff, 0xfc, 0x0,
    0x0, 0x0, 0x0, 0x0, 0x0, 0x7f, 0xff, 0xff,
    0xff, 0xff, 0xff, 0xff, 0xff, 0xff, 0x70, 0x0,
    0x0, 0x0, 0x0, 0x0, 0x7f, 0xff, 0xff, 0xff,
    0xff, 0xd3, 0xff, 0xff, 0xff, 0xf2, 0x0, 0x0,
    0x0, 0x0, 0x0, 0x7f, 0xff, 0xff, 0xff, 0xfe,
    0x20, 0x6f, 0xff, 0xff, 0xfc, 0x0, 0x0, 0x0,
    0x0, 0x0, 0x7f, 0xff, 0xff, 0xff, 0xf3, 0x0,
    0xb, 0xff, 0xff, 0xff, 0x70, 0x0, 0x0, 0x0,
    0x0, 0x7f, 0xff, 0xff, 0xff, 0x40, 0x0, 0x2,
    0xff, 0xff, 0xff, 0xf2, 0x0, 0x0, 0x0, 0x0,
    0x7f, 0xff, 0xff, 0xf6, 0x0, 0x0, 0x0, 0x6f,
    0xff, 0xff, 0xfd, 0x0, 0x0, 0x0, 0x0, 0x7f,
    0xff, 0xff, 0xc0, 0x0, 0x0, 0x0, 0xc, 0xff,
    0xff, 0xff, 0x80, 0x0, 0x0, 0x0, 0x7f, 0xff,
    0xff, 0xc0, 0x0, 0x0, 0x0, 0x2, 0xff, 0xff,
    0xff, 0xf3, 0x0, 0x0, 0x0, 0x7f, 0xff, 0xff,
    0xc0, 0x0, 0x0, 0x0, 0x0, 0x7f, 0xff, 0xff,
    0xfd, 0x0, 0x0, 0x0, 0x7f, 0xff, 0xff, 0xc0,
    0x0, 0x0, 0x0, 0x0, 0xc, 0xff, 0xff, 0xff,
    0x80, 0x0, 0x0, 0x7f, 0xff, 0xff, 0xc0, 0x0,
    0x0, 0x0, 0x0, 0x2, 0xff, 0xff, 0xff, 0xf3,
    0x0, 0x0, 0x7f, 0xff, 0xff, 0xc0, 0x0, 0x0,
    0x0, 0x0, 0x0, 0x7f, 0xff, 0xff, 0xfd, 0x0,
    0x0, 0x7f, 0xff, 0xff, 0xc0, 0x0, 0x0, 0x0,
    0x0, 0x0, 0xc, 0xff, 0xff, 0xff, 0x80, 0x0,
    0x7f, 0xff, 0xff, 0xc0, 0x0, 0x0, 0x0, 0x0,
    0x0, 0x3, 0xff, 0xff, 0xff, 0xf3, 0x0, 0x7f,
    0xff, 0xff, 0xc0, 0x0, 0x0, 0x0, 0x0, 0x0,
    0x0, 0x8f, 0xff, 0xff, 0xfd, 0x0, 0x7f, 0xff,
    0xff, 0xc0, 0x0, 0x0, 0x0, 0x0, 0x0, 0x0,
    0xd, 0xff, 0xff, 0xff, 0x80, 0x7f, 0xff, 0xff,
    0xc0, 0x0, 0x0, 0x0, 0x0, 0x0, 0x0, 0x3,
    0xff, 0xff, 0xff, 0xf3,

    /* U+004C "L" */
    0x7f, 0xff, 0xff, 0xc0, 0x0, 0x0, 0x0, 0x0,
    0x0, 0x0, 0x0, 0x7, 0xff, 0xff, 0xfc, 0x0,
    0x0, 0x0, 0x0, 0x0, 0x0, 0x0, 0x0, 0x7f,
    0xff, 0xff, 0xc0, 0x0, 0x0, 0x0, 0x0, 0x0,
    0x0, 0x0, 0x7, 0xff, 0xff, 0xfc, 0x0, 0x0,
    0x0, 0x0, 0x0, 0x0, 0x0, 0x0, 0x7f, 0xff,
    0xff, 0xc0, 0x0, 0x0, 0x0, 0x0, 0x0, 0x0,
    0x0, 0x7, 0xff, 0xff, 0xfc, 0x0, 0x0, 0x0,
    0x0, 0x0, 0x0, 0x0, 0x0, 0x7f, 0xff, 0xff,
    0xc0, 0x0, 0x0, 0x0, 0x0, 0x0, 0x0, 0x0,
    0x7, 0xff, 0xff, 0xfc, 0x0, 0x0, 0x0, 0x0,
    0x0, 0x0, 0x0, 0x0, 0x7f, 0xff, 0xff, 0xc0,
    0x0, 0x0, 0x0, 0x0, 0x0, 0x0, 0x0, 0x7,
    0xff, 0xff, 0xfc, 0x0, 0x0, 0x0, 0x0, 0x0,
    0x0, 0x0, 0x0, 0x7f, 0xff, 0xff, 0xc0, 0x0,
    0x0, 0x0, 0x0, 0x0, 0x0, 0x0, 0x7, 0xff,
    0xff, 0xfc, 0x0, 0x0, 0x0, 0x0, 0x0, 0x0,
    0x0, 0x0, 0x7f, 0xff, 0xff, 0xc0, 0x0, 0x0,
    0x0, 0x0, 0x0, 0x0, 0x0, 0x7, 0xff, 0xff,
    0xfc, 0x0, 0x0, 0x0, 0x0, 0x0, 0x0, 0x0,
    0x0, 0x7f, 0xff, 0xff, 0xc0, 0x0, 0x0, 0x0,
    0x0, 0x0, 0x0, 0x0, 0x7, 0xff, 0xff, 0xfc,
    0x0, 0x0, 0x0, 0x0, 0x0, 0x0, 0x0, 0x0,
    0x7f, 0xff, 0xff, 0xc0, 0x0, 0x0, 0x0, 0x0,
    0x0, 0x0, 0x0, 0x7, 0xff, 0xff, 0xfc, 0x0,
    0x0, 0x0, 0x0, 0x0, 0x0, 0x0, 0x0, 0x7f,
    0xff, 0xff, 0xc0, 0x0, 0x0, 0x0, 0x0, 0x0,
    0x0, 0x0, 0x7, 0xff, 0xff, 0xfc, 0x0, 0x0,
    0x0, 0x0, 0x0, 0x0, 0x0, 0x0, 0x7f, 0xff,
    0xff, 0xc0, 0x0, 0x0, 0x0, 0x0, 0x0, 0x0,
    0x0, 0x7, 0xff, 0xff, 0xfc, 0x0, 0x0, 0x0,
    0x0, 0x0, 0x0, 0x0, 0x0, 0x7f, 0xff, 0xff,
    0xc0, 0x0, 0x0, 0x0, 0x0, 0x0, 0x0, 0x0,
    0x7, 0xff, 0xff, 0xfc, 0x0, 0x0, 0x0, 0x0,
    0x0, 0x0, 0x0, 0x0, 0x7f, 0xff, 0xff, 0xc0,
    0x0, 0x0, 0x0, 0x0, 0x0, 0x0, 0x0, 0x7,
    0xff, 0xff, 0xfc, 0x0, 0x0, 0x0, 0x0, 0x0,
    0x0, 0x0, 0x0, 0x7f, 0xff, 0xff, 0xc0, 0x0,
    0x0, 0x0, 0x0, 0x0, 0x0, 0x0, 0x7, 0xff,
    0xff, 0xfc, 0x0, 0x0, 0x0, 0x0, 0x0, 0x0,
    0x0, 0x0, 0x7f, 0xff, 0xff, 0xc0, 0x0, 0x0,
    0x0, 0x0, 0x0, 0x0, 0x0, 0x7, 0xff, 0xff,
    0xfc, 0x0, 0x0, 0x0, 0x0, 0x0, 0x0, 0x0,
    0x0, 0x7f, 0xff, 0xff, 0xd5, 0x55, 0x55, 0x55,
    0x55, 0x55, 0x55, 0x55, 0x17, 0xff, 0xff, 0xff,
    0xff, 0xff, 0xff, 0xff, 0xff, 0xff, 0xff, 0xf3,
    0x7f, 0xff, 0xff, 0xff, 0xff, 0xff, 0xff, 0xff,
    0xff, 0xff, 0xff, 0x37, 0xff, 0xff, 0xff, 0xff,
    0xff, 0xff, 0xff, 0xff, 0xff, 0xff, 0xf3, 0x7f,
    0xff, 0xff, 0xff, 0xff, 0xff, 0xff, 0xff, 0xff,
    0xff, 0xff, 0x37, 0xff, 0xff, 0xff, 0xff, 0xff,
    0xff, 0xff, 0xff, 0xff, 0xff, 0xf3,

    /* U+004D "M" */
    0x7f, 0xff, 0xff, 0xff, 0xff, 0x10, 0x0, 0x0,
    0x0, 0x0, 0x0, 0x0, 0x0, 0x0, 0xdf, 0xff,
    0xff, 0xff, 0xfc, 0x7f, 0xff, 0xff, 0xff, 0xff,
    0x70, 0x0, 0x0, 0x0, 0x0, 0x0, 0x0, 0x0,
    0x3, 0xff, 0xff, 0xff, 0xff, 0xfc, 0x7f, 0xff,
    0xff, 0xff, 0xff, 0xd0, 0x0, 0x0, 0x0, 0x0,
    0x0, 0x0, 0x0, 0x9, 0xff, 0xff, 0xff, 0xff,
    0xfc, 0x7f, 0xff, 0xff, 0xff, 0xff, 0xf3, 0x0,
    0x0, 0x0, 0x0, 0x0, 0x0, 0x0, 0xe, 0xff,
    0xff, 0xff, 0xff, 0xfc, 0x7f, 0xff, 0xff, 0xff,
    0xff, 0xf8, 0x0, 0x0, 0x0, 0x0, 0x0, 0x0,
    0x0, 0x4f, 0xff, 0xff, 0xff, 0xff, 0xfc, 0x7f,
    0xff, 0xff, 0xff, 0xff, 0xfe, 0x0, 0x0, 0x0,
    0x0, 0x0, 0x0, 0x0, 0xaf, 0xff, 0xff, 0xff,
    0xff, 0xfc, 0x7f, 0xff, 0xff, 0xef, 0xff, 0xff,
    0x40, 0x0, 0x0, 0x0, 0x0, 0x0, 0x0, 0xff,
    0xff, 0xfd, 0xff, 0xff, 0xfc, 0x7f, 0xff, 0xff,
    0xaf, 0xff, 0xff, 0x90, 0x0, 0x0, 0x0, 0x0,
    0x0, 0x5, 0xff, 0xff, 0xf9, 0xff, 0xff, 0xfc,
    0x7f, 0xff, 0xff, 0x7e, 0xff, 0xff, 0xf0, 0x0,
    0x0, 0x0, 0x0, 0x0, 0xb, 0xff, 0xff, 0xf5,
    0xff, 0xff, 0xfc, 0x7f, 0xff, 0xff, 0x89, 0xff,
    0xff, 0xf5, 0x0, 0x0, 0x0, 0x0, 0x0, 0x1f,
    0xff, 0xff, 0xc5, 0xff, 0xff, 0xfc, 0x7f, 0xff,
    0xff, 0x85, 0xff, 0xff, 0xfb, 0x0, 0x0, 0x0,
    0x0, 0x0, 0x6f, 0xff, 0xff, 0x75, 0xff, 0xff,
    0xfc, 0x7f, 0xff, 0xff, 0x80, 0xff, 0xff, 0xff,
    0x10, 0x0, 0x0, 0x0, 0x0, 0xcf, 0xff, 0xff,
    0x35, 0xff, 0xff, 0xfc, 0x7f, 0xff, 0xff, 0x90,
    0xbf, 0xff, 0xff, 0x60, 0x0, 0x0, 0x0, 0x1,
    0xff, 0xff, 0xfe, 0x6, 0xff, 0xff, 0xfc, 0x7f,
    0xff, 0xff, 0x90, 0x7f, 0xff, 0xff, 0xc0, 0x0,
    0x0, 0x0, 0x7, 0xff, 0xff, 0xf9, 0x6, 0xff,
    0xff, 0xfc, 0x7f, 0xff, 0xff, 0x90, 0x2f, 0xff,
    0xff, 0xf1, 0x0, 0x0, 0x0, 0xd, 0xff, 0xff,
    0xf4, 0x7, 0xff, 0xff, 0xfc, 0x7f, 0xff, 0xff,
    0xa0, 0xd, 0xff, 0xff, 0xf7, 0x0, 0x0, 0x0,
    0x2f, 0xff, 0xff, 0xf0, 0x7, 0xff, 0xff, 0xfc,
    0x7f, 0xff, 0xff, 0xa0, 0x8, 0xff, 0xff, 0xfd,
    0x0, 0x0, 0x0, 0x8f, 0xff, 0xff, 0xb0, 0x7,
    0xff, 0xff, 0xfc, 0x7f, 0xff, 0xff, 0xa0, 0x2,
    0xff, 0xff, 0xff, 0x30, 0x0, 0x0, 0xdf, 0xff,
    0xff, 0x50, 0x7, 0xff, 0xff, 0xfc, 0x7f, 0xff,
    0xff, 0xa0, 0x0, 0xdf, 0xff, 0xff, 0x80, 0x0,
    0x3, 0xff, 0xff, 0xff, 0x0, 0x7, 0xff, 0xff,
    0xfc, 0x7f, 0xff, 0xff, 0xa0, 0x0, 0x7f, 0xff,
    0xff, 0xd0, 0x0, 0x8, 0xff, 0xff, 0xfa, 0x0,
    0x7, 0xff, 0xff, 0xfc, 0x7f, 0xff, 0xff, 0xa0,
    0x0, 0x1f, 0xff, 0xff, 0xf2, 0x0, 0xc, 0xff,
    0xff, 0xf4, 0x0, 0x7, 0xff, 0xff, 0xfc, 0x7f,
    0xff, 0xff, 0xa0, 0x0, 0xb, 0xff, 0xff, 0xf6,
    0x0, 0x1f, 0xff, 0xff, 0xe0, 0x0, 0x7, 0xff,
    0xff, 0xfc, 0x7f, 0xff, 0xff, 0xa0, 0x0, 0x6,
    0xff, 0xff, 0xfa, 0x0, 0x5f, 0xff, 0xff, 0x90,
    0x0, 0x7, 0xff, 0xff, 0xfc, 0x7f, 0xff, 0xff,
    0xa0, 0x0, 0x0, 0xff, 0xff, 0xfe, 0x0, 0x9f,
    0xff, 0xff, 0x30, 0x0, 0x7, 0xff, 0xff, 0xfc,
    0x7f, 0xff, 0xff, 0xa0, 0x0, 0x0, 0xaf, 0xff,
    0xff, 0x20, 0xdf, 0xff, 0xfe, 0x0, 0x0, 0x7,
    0xff, 0xff, 0xfc, 0x7f, 0xff, 0xff, 0xa0, 0x0,
    0x0, 0x4f, 0xff, 0xff, 0x61, 0xff, 0xff, 0xf8,
    0x0, 0x0, 0x7, 0xff, 0xff, 0xfc, 0x7f, 0xff,
    0xff, 0xa0, 0x0, 0x0, 0xe, 0xff, 0xff, 0xa4,
    0xff, 0xff, 0xf2, 0x0, 0x0, 0x7, 0xff, 0xff,
    0xfc, 0x7f, 0xff, 0xff, 0xa0, 0x0, 0x0, 0x9,
    0xff, 0xff, 0xe8, 0xff, 0xff, 0xd0, 0x0, 0x0,
    0x7, 0xff, 0xff, 0xfc, 0x7f, 0xff, 0xff, 0xa0,
    0x0, 0x0, 0x3, 0xff, 0xff, 0xfd, 0xff, 0xff,
    0x70, 0x0, 0x0, 0x7, 0xff, 0xff, 0xfc, 0x7f,
    0xff, 0xff, 0xa0, 0x0, 0x0, 0x0, 0xdf, 0xff,
    0xff, 0xff, 0xff, 0x10, 0x0, 0x0, 0x7, 0xff,
    0xff, 0xfc, 0x7f, 0xff, 0xff, 0xa0, 0x0, 0x0,
    0x0, 0x8f, 0xff, 0xff, 0xff, 0xfb, 0x0, 0x0,
    0x0, 0x7, 0xff, 0xff, 0xfc, 0x7f, 0xff, 0xff,
    0xa0, 0x0, 0x0, 0x0, 0x2f, 0xff, 0xff, 0xff,
    0xf6, 0x0, 0x0, 0x0, 0x7, 0xff, 0xff, 0xfc,
    0x7f, 0xff, 0xff, 0xa0, 0x0, 0x0, 0x0, 0xc,
    0xff, 0xff, 0xff, 0xf1, 0x0, 0x0, 0x0, 0x7,
    0xff, 0xff, 0xfc, 0x7f, 0xff, 0xff, 0xa0, 0x0,
    0x0, 0x0, 0x6, 0xff, 0xff, 0xff, 0xa0, 0x0,
    0x0, 0x0, 0x7, 0xff, 0xff, 0xfc, 0x7f, 0xff,
    0xff, 0xa0, 0x0, 0x0, 0x0, 0x1, 0xff, 0xff,
    0xff, 0x50, 0x0, 0x0, 0x0, 0x7, 0xff, 0xff,
    0xfc, 0x7f, 0xff, 0xff, 0xa0, 0x0, 0x0, 0x0,
    0x0, 0xbf, 0xff, 0xff, 0x0, 0x0, 0x0, 0x0,
    0x7, 0xff, 0xff, 0xfc,

    /* U+004E "N" */
    0x7f, 0xff, 0xff, 0xfd, 0x0, 0x0, 0x0, 0x0,
    0x0, 0x0, 0x0, 0x6, 0xff, 0xff, 0xff, 0x7f,
    0xff, 0xff, 0xff, 0x80, 0x0, 0x0, 0x0, 0x0,
    0x0, 0x0, 0x6, 0xff, 0xff, 0xff, 0x7f, 0xff,
    0xff, 0xff, 0xf2, 0x0, 0x0, 0x0, 0x0, 0x0,
    0x0, 0x6, 0xff, 0xff, 0xff, 0x7f, 0xff, 0xff,
    0xff, 0xfb, 0x0, 0x0, 0x0, 0x0, 0x0, 0x0,
    0x6, 0xff, 0xff, 0xff, 0x7f, 0xff, 0xff, 0xff,
    0xff, 0x50, 0x0, 0x0, 0x0, 0x0, 0x0, 0x6,
    0xff, 0xff, 0xff, 0x7f, 0xff, 0xff, 0xff, 0xff,
    0xe0, 0x0, 0x0, 0x0, 0x0, 0x0, 0x6, 0xff,
    0xff, 0xff, 0x7f, 0xff, 0xff, 0xff, 0xff, 0xf8,
    0x0, 0x0, 0x0, 0x0, 0x0, 0x6, 0xff, 0xff,
    0xff, 0x7f, 0xff, 0xff, 0xff, 0xff, 0xff, 0x20,
    0x0, 0x0, 0x0, 0x0, 0x6, 0xff, 0xff, 0xff,
    0x7f, 0xff, 0xff, 0xbf, 0xff, 0xff, 0xc0, 0x0,
    0x0, 0x0, 0x0, 0x6, 0xff, 0xff, 0xff, 0x7f,
    0xff, 0xff, 0x8b, 0xff, 0xff, 0xf6, 0x0, 0x0,
    0x0, 0x0, 0x6, 0xff, 0xff, 0xff, 0x7f, 0xff,
    0xff, 0x93, 0xff, 0xff, 0xfe, 0x10, 0x0, 0x0,
    0x0, 0x6, 0xff, 0xff, 0xff, 0x7f, 0xff, 0xff,
    0xa0, 0xbf, 0xff, 0xff, 0x90, 0x0, 0x0, 0x0,
    0x6, 0xff, 0xff, 0xff, 0x7f, 0xff, 0xff, 0xa0,
    0x3f, 0xff, 0xff, 0xf3, 0x0, 0x0, 0x0, 0x6,
    0xff, 0xff, 0xff, 0x7f, 0xff, 0xff, 0xb0, 0xb,
    0xff, 0xff, 0xfc, 0x0, 0x0, 0x0, 0x6, 0xff,
    0xff, 0xff, 0x7f, 0xff, 0xff, 0xc0, 0x2, 0xff,
    0xff, 0xff, 0x60, 0x0, 0x0, 0x6, 0xff, 0xff,
    0xff, 0x7f, 0xff, 0xff, 0xd0, 0x0, 0x9f, 0xff,
    0xff, 0xe1, 0x0, 0x0, 0x6, 0xff, 0xff, 0xff,
    0x7f, 0xff, 0xff, 0xd0, 0x0, 0x1f, 0xff, 0xff,
    0xfa, 0x0, 0x0, 0x6, 0xff, 0xff, 0xff, 0x7f,
    0xff, 0xff, 0xe0, 0x0, 0x7, 0xff, 0xff, 0xff,
    0x30, 0x0, 0x6, 0xff, 0xff, 0xff, 0x7f, 0xff,
    0xff, 0xe0, 0x0, 0x0, 0xdf, 0xff, 0xff, 0xd0,
    0x0, 0x6, 0xff, 0xff, 0xff, 0x7f, 0xff, 0xff,
    0xe0, 0x0, 0x0, 0x3f, 0xff, 0xff, 0xf7, 0x0,
    0x6, 0xff, 0xff, 0xff, 0x7f, 0xff, 0xff, 0xe0,
    0x0, 0x0, 0xa, 0xff, 0xff, 0xff, 0x10, 0x6,
    0xff, 0xff, 0xff, 0x7f, 0xff, 0xff, 0xe0, 0x0,
    0x0, 0x1, 0xef, 0xff, 0xff, 0xa0, 0x6, 0xff,
    0xff, 0xff, 0x7f, 0xff, 0xff, 0xe0, 0x0, 0x0,
    0x0, 0x6f, 0xff, 0xff, 0xf3, 0x5, 0xff, 0xff,
    0xff, 0x7f, 0xff, 0xff, 0xe0, 0x0, 0x0, 0x0,
    0xc, 0xff, 0xff, 0xfb, 0x4, 0xff, 0xff, 0xff,
    0x7f, 0xff, 0xff, 0xe0, 0x0, 0x0, 0x0, 0x3,
    0xff, 0xff, 0xff, 0x34, 0xff, 0xff, 0xff, 0x7f,
    0xff, 0xff, 0xe0, 0x0, 0x0, 0x0, 0x0, 0x9f,
    0xff, 0xff, 0xb3, 0xff, 0xff, 0xff, 0x7f, 0xff,
    0xff, 0xe0, 0x0, 0x0, 0x0, 0x0, 0xe, 0xff,
    0xff, 0xf5, 0xff, 0xff, 0xff, 0x7f, 0xff, 0xff,
    0xe0, 0x0, 0x0, 0x0, 0x0, 0x5, 0xff, 0xff,
    0xfb, 0xff, 0xff, 0xff, 0x7f, 0xff, 0xff, 0xe0,
    0x0, 0x0, 0x0, 0x0, 0x0, 0xbf, 0xff, 0xff,
    0xff, 0xff, 0xff, 0x7f, 0xff, 0xff, 0xe0, 0x0,
    0x0, 0x0, 0x0, 0x0, 0x2f, 0xff, 0xff, 0xff,
    0xff, 0xff, 0x7f, 0xff, 0xff, 0xe0, 0x0, 0x0,
    0x0, 0x0, 0x0, 0x8, 0xff, 0xff, 0xff, 0xff,
    0xff, 0x7f, 0xff, 0xff, 0xe0, 0x0, 0x0, 0x0,
    0x0, 0x0, 0x0, 0xef, 0xff, 0xff, 0xff, 0xff,
    0x7f, 0xff, 0xff, 0xe0, 0x0, 0x0, 0x0, 0x0,
    0x0, 0x0, 0x4f, 0xff, 0xff, 0xff, 0xff, 0x7f,
    0xff, 0xff, 0xe0, 0x0, 0x0, 0x0, 0x0, 0x0,
    0x0, 0xb, 0xff, 0xff, 0xff, 0xff, 0x7f, 0xff,
    0xff, 0xe0, 0x0, 0x0, 0x0, 0x0, 0x0, 0x0,
    0x2, 0xff, 0xff, 0xff, 0xff, 0x7f, 0xff, 0xff,
    0xe0, 0x0, 0x0, 0x0, 0x0, 0x0, 0x0, 0x0,
    0x7f, 0xff, 0xff, 0xff,

    /* U+004F "O" */
    0x0, 0x0, 0x0, 0x0, 0x0, 0x4, 0x8b, 0xef,
    0xfe, 0xdb, 0x83, 0x0, 0x0, 0x0, 0x0, 0x0,
    0x0, 0x0, 0x0, 0x0, 0x0, 0x7e, 0xff, 0xff,
    0xff, 0xff, 0xff, 0xfe, 0x60, 0x0, 0x0, 0x0,
    0x0, 0x0, 0x0, 0x0, 0x5, 0xef, 0xff, 0xff,
    0xff, 0xff, 0xff, 0xff, 0xff, 0xe4, 0x0, 0x0,
    0x0, 0x0, 0x0, 0x0, 0x9, 0xff, 0xff, 0xff,
    0xff, 0xff, 0xff, 0xff, 0xff, 0xff, 0xf8, 0x0,
    0x0, 0x0, 0x0, 0x0, 0xa, 0xff, 0xff, 0xff,
    0xff, 0xff, 0xff, 0xff, 0xff, 0xff, 0xff, 0xf9,
    0x0, 0x0, 0x0, 0x0, 0x9, 0xff, 0xff, 0xff,
    0xff, 0xfe, 0xcb, 0xce, 0xff, 0xff, 0xff, 0xff,
    0xf7, 0x0, 0x0, 0x0, 0x5, 0xff, 0xff, 0xff,
    0xff, 0x93, 0x0, 0x0, 0x3, 0x9f, 0xff, 0xff,
    0xff, 0xf4, 0x0, 0x0, 0x1, 0xef, 0xff, 0xff,
    0xfc, 0x20, 0x0, 0x0, 0x0, 0x0, 0x3d, 0xff,
    0xff, 0xff, 0xd0, 0x0, 0x0, 0x8f, 0xff, 0xff,
    0xfc, 0x10, 0x0, 0x0, 0x0, 0x0, 0x0, 0x1d,
    0xff, 0xff, 0xff, 0x70, 0x0, 0xf, 0xff, 0xff,
    0xfe, 0x10, 0x0, 0x0, 0x0, 0x0, 0x0, 0x0,
    0x2f, 0xff, 0xff, 0xfe, 0x0, 0x6, 0xff, 0xff,
    0xff, 0x50, 0x0, 0x0, 0x0, 0x0, 0x0, 0x0,
    0x0, 0x7f, 0xff, 0xff, 0xf4, 0x0, 0xbf, 0xff,
    0xff, 0xe0, 0x0, 0x0, 0x0, 0x0, 0x0, 0x0,
    0x0, 0x0, 0xff, 0xff, 0xff, 0x90, 0xf, 0xff,
    0xff, 0xf7, 0x0, 0x0, 0x0, 0x0, 0x0, 0x0,
    0x0, 0x0, 0x9, 0xff, 0xff, 0xfe, 0x2, 0xff,
    0xff, 0xff, 0x30, 0x0, 0x0, 0x0, 0x0, 0x0,
    0x0, 0x0, 0x0, 0x5f, 0xff, 0xff, 0xf1, 0x5f,
    0xff, 0xff, 0xf0, 0x0, 0x0, 0x0, 0x0, 0x0,
    0x0, 0x0, 0x0, 0x2, 0xff, 0xff, 0xff, 0x37,
    0xff, 0xff, 0xfd, 0x0, 0x0, 0x0, 0x0, 0x0,
    0x0, 0x0, 0x0, 0x0, 0xf, 0xff, 0xff, 0xf5,
    0x8f, 0xff, 0xff, 0xc0, 0x0, 0x0, 0x0, 0x0,
    0x0, 0x0, 0x0, 0x0, 0x0, 0xef, 0xff, 0xff,
    0x68, 0xff, 0xff, 0xfb, 0x0, 0x0, 0x0, 0x0,
    0x0, 0x0, 0x0, 0x0, 0x0, 0xd, 0xff, 0xff,
    0xf7, 0x8f, 0xff, 0xff, 0xb0, 0x0, 0x0, 0x0,
    0x0, 0x0, 0x0, 0x0, 0x0, 0x0, 0xdf, 0xff,
    0xff, 0x78, 0xff, 0xff, 0xfc, 0x0, 0x0, 0x0,
    0x0, 0x0, 0x0, 0x0, 0x0, 0x0, 0xe, 0xff,
    0xff, 0xf6, 0x7f, 0xff, 0xff, 0xd0, 0x0, 0x0,
    0x0, 0x0, 0x0, 0x0, 0x0, 0x0, 0x0, 0xff,
    0xff, 0xff, 0x55, 0xff, 0xff, 0xff, 0x0, 0x0,
    0x0, 0x0, 0x0, 0x0, 0x0, 0x0, 0x0, 0x2f,
    0xff, 0xff, 0xf3, 0x2f, 0xff, 0xff, 0xf3, 0x0,
    0x0, 0x0, 0x0, 0x0, 0x0, 0x0, 0x0, 0x5,
    0xff, 0xff, 0xff, 0x10, 0xff, 0xff, 0xff, 0x70,
    0x0, 0x0, 0x0, 0x0, 0x0, 0x0, 0x0, 0x0,
    0x9f, 0xff, 0xff, 0xe0, 0xb, 0xff, 0xff, 0xfe,
    0x0, 0x0, 0x0, 0x0, 0x0, 0x0, 0x0, 0x0,
    0xf, 0xff, 0xff, 0xf9, 0x0, 0x6f, 0xff, 0xff,
    0xf5, 0x0, 0x0, 0x0, 0x0, 0x0, 0x0, 0x0,
    0x7, 0xff, 0xff, 0xff, 0x40, 0x0, 0xff, 0xff,
    0xff, 0xe1, 0x0, 0x0, 0x0, 0x0, 0x0, 0x0,
    0x2, 0xff, 0xff, 0xff, 0xe0, 0x0, 0x8, 0xff,
    0xff, 0xff, 0xc0, 0x0, 0x0, 0x0, 0x0, 0x0,
    0x1, 0xdf, 0xff, 0xff, 0xf7, 0x0, 0x0, 0x1e,
    0xff, 0xff, 0xff, 0xc2, 0x0, 0x0, 0x0, 0x0,
    0x3, 0xdf, 0xff, 0xff, 0xfd, 0x0, 0x0, 0x0,
    0x5f, 0xff, 0xff, 0xff, 0xf8, 0x30, 0x0, 0x0,
    0x39, 0xff, 0xff, 0xff, 0xff, 0x40, 0x0, 0x0,
    0x0, 0x9f, 0xff, 0xff, 0xff, 0xff, 0xec, 0xbc,
    0xef, 0xff, 0xff, 0xff, 0xff, 0x80, 0x0, 0x0,
    0x0, 0x0, 0xbf, 0xff, 0xff, 0xff, 0xff, 0xff,
    0xff, 0xff, 0xff, 0xff, 0xff, 0x90, 0x0, 0x0,
    0x0, 0x0, 0x0, 0x9f, 0xff, 0xff, 0xff, 0xff,
    0xff, 0xff, 0xff, 0xff, 0xff, 0x80, 0x0, 0x0,
    0x0, 0x0, 0x0, 0x0, 0x5e, 0xff, 0xff, 0xff,
    0xff, 0xff, 0xff, 0xff, 0xfe, 0x40, 0x0, 0x0,
    0x0, 0x0, 0x0, 0x0, 0x0, 0x7, 0xef, 0xff,
    0xff, 0xff, 0xff, 0xff, 0xe7, 0x0, 0x0, 0x0,
    0x0, 0x0, 0x0, 0x0, 0x0, 0x0, 0x0, 0x48,
    0xbe, 0xff, 0xfd, 0xb8, 0x30, 0x0, 0x0, 0x0,
    0x0, 0x0,

    /* U+0050 "P" */
    0x7f, 0xff, 0xff, 0xff, 0xff, 0xff, 0xff, 0xfe,
    0xb8, 0x30, 0x0, 0x0, 0x0, 0x7f, 0xff, 0xff,
    0xff, 0xff, 0xff, 0xff, 0xff, 0xff, 0xfd, 0x40,
    0x0, 0x0, 0x7f, 0xff, 0xff, 0xff, 0xff, 0xff,
    0xff, 0xff, 0xff, 0xff, 0xfa, 0x0, 0x0, 0x7f,
    0xff, 0xff, 0xff, 0xff, 0xff, 0xff, 0xff, 0xff,
    0xff, 0xff, 0xc0, 0x0, 0x7f, 0xff, 0xff, 0xff,
    0xff, 0xff, 0xff, 0xff, 0xff, 0xff, 0xff, 0xf9,
    0x0, 0x7f, 0xff, 0xff, 0xd5, 0x55, 0x55, 0x56,
    0x8c, 0xff, 0xff, 0xff, 0xff, 0x40, 0x7f, 0xff,
    0xff, 0xc0, 0x0, 0x0, 0x0, 0x0, 0x2d, 0xff,
    0xff, 0xff, 0xc0, 0x7f, 0xff, 0xff, 0xc0, 0x0,
    0x0, 0x0, 0x0, 0x1, 0xdf, 0xff, 0xff, 0xf2,
    0x7f, 0xff, 0xff, 0xc0, 0x0, 0x0, 0x0, 0x0,
    0x0, 0x4f, 0xff, 0xff, 0xf7, 0x7f, 0xff, 0xff,
    0xc0, 0x0, 0x0, 0x0, 0x0, 0x0, 0xe, 0xff,
    0xff, 0xfa, 0x7f, 0xff, 0xff, 0xc0, 0x0, 0x0,
    0x0, 0x0, 0x0, 0xa, 0xff, 0xff, 0xfc, 0x7f,
    0xff, 0xff, 0xc0, 0x0, 0x0, 0x0, 0x0, 0x0,
    0x8, 0xff, 0xff, 0xfd, 0x7f, 0xff, 0xff, 0xc0,
    0x0, 0x0, 0x0, 0x0, 0x0, 0x8, 0xff, 0xff,
    0xfd, 0x7f, 0xff, 0xff, 0xc0, 0x0, 0x0, 0x0,
    0x0, 0x0, 0xa, 0xff, 0xff, 0xfc, 0x7f, 0xff,
    0xff, 0xc0, 0x0, 0x0, 0x0, 0x0, 0x0, 0xe,
    0xff, 0xff, 0xfa, 0x7f, 0xff, 0xff, 0xc0, 0x0,
    0x0, 0x0, 0x0, 0x0, 0x4f, 0xff, 0xff, 0xf7,
    0x7f, 0xff, 0xff, 0xc0, 0x0, 0x0, 0x0, 0x0,
    0x0, 0xdf, 0xff, 0xff, 0xf2, 0x7f, 0xff, 0xff,
    0xc0, 0x0, 0x0, 0x0, 0x0, 0x2c, 0xff, 0xff,
    0xff, 0xc0, 0x7f, 0xff, 0xff, 0xd4, 0x44, 0x44,
    0x44, 0x6a, 0xff, 0xff, 0xff, 0xff, 0x40, 0x7f,
    0xff, 0xff, 0xff, 0xff, 0xff, 0xff, 0xff, 0xff,
    0xff, 0xff, 0xf9, 0x0, 0x7f, 0xff, 0xff, 0xff,
    0xff, 0xff, 0xff, 0xff, 0xff, 0xff, 0xff, 0xc0,
    0x0, 0x7f, 0xff, 0xff, 0xff, 0xff, 0xff, 0xff,
    0xff, 0xff, 0xff, 0xfa, 0x0, 0x0, 0x7f, 0xff,
    0xff, 0xff, 0xff, 0xff, 0xff, 0xff, 0xff, 0xfd,
    0x40, 0x0, 0x0, 0x7f, 0xff, 0xff, 0xff, 0xff,
    0xff, 0xff, 0xfe, 0xb8, 0x30, 0x0, 0x0, 0x0,
    0x7f, 0xff, 0xff, 0xc0, 0x0, 0x0, 0x0, 0x0,
    0x0, 0x0, 0x0, 0x0, 0x0, 0x7f, 0xff, 0xff,
    0xc0, 0x0, 0x0, 0x0, 0x0, 0x0, 0x0, 0x0,
    0x0, 0x0, 0x7f, 0xff, 0xff, 0xc0, 0x0, 0x0,
    0x0, 0x0, 0x0, 0x0, 0x0, 0x0, 0x0, 0x7f,
    0xff, 0xff, 0xc0, 0x0, 0x0, 0x0, 0x0, 0x0,
    0x0, 0x0, 0x0, 0x0, 0x7f, 0xff, 0xff, 0xc0,
    0x0, 0x0, 0x0, 0x0, 0x0, 0x0, 0x0, 0x0,
    0x0, 0x7f, 0xff, 0xff, 0xc0, 0x0, 0x0, 0x0,
    0x0, 0x0, 0x0, 0x0, 0x0, 0x0, 0x7f, 0xff,
    0xff, 0xc0, 0x0, 0x0, 0x0, 0x0, 0x0, 0x0,
    0x0, 0x0, 0x0, 0x7f, 0xff, 0xff, 0xc0, 0x0,
    0x0, 0x0, 0x0, 0x0, 0x0, 0x0, 0x0, 0x0,
    0x7f, 0xff, 0xff, 0xc0, 0x0, 0x0, 0x0, 0x0,
    0x0, 0x0, 0x0, 0x0, 0x0, 0x7f, 0xff, 0xff,
    0xc0, 0x0, 0x0, 0x0, 0x0, 0x0, 0x0, 0x0,
    0x0, 0x0, 0x7f, 0xff, 0xff, 0xc0, 0x0, 0x0,
    0x0, 0x0, 0x0, 0x0, 0x0, 0x0, 0x0, 0x7f,
    0xff, 0xff, 0xc0, 0x0, 0x0, 0x0, 0x0, 0x0,
    0x0, 0x0, 0x0, 0x0,

    /* U+0051 "Q" */
    0x0, 0x0, 0x0, 0x0, 0x0, 0x4, 0x8b, 0xef,
    0xfe, 0xdb, 0x83, 0x0, 0x0, 0x0, 0x0, 0x0,
    0x0, 0x0, 0x0, 0x0, 0x0, 0x7e, 0xff, 0xff,
    0xff, 0xff, 0xff, 0xfe, 0x60, 0x0, 0x0, 0x0,
    0x0, 0x0, 0x0, 0x0, 0x5, 0xef, 0xff, 0xff,
    0xff, 0xff, 0xff, 0xff, 0xff, 0xe4, 0x0, 0x0,
    0x0, 0x0, 0x0, 0x0, 0x9, 0xff, 0xff, 0xff,
    0xff, 0xff, 0xff, 0xff, 0xff, 0xff, 0xf8, 0x0,
    0x0, 0x0, 0x0, 0x0, 0xa, 0xff, 0xff, 0xff,
    0xff, 0xff, 0xff, 0xff, 0xff, 0xff, 0xff, 0xf9,
    0x0, 0x0, 0x0, 0x0, 0x9, 0xff, 0xff, 0xff,
    0xff, 0xfe, 0xcb, 0xce, 0xff, 0xff, 0xff, 0xff,
    0xf7, 0x0, 0x0, 0x0, 0x5, 0xff, 0xff, 0xff,
    0xff, 0x93, 0x0, 0x0, 0x3, 0x9f, 0xff, 0xff,
    0xff, 0xf4, 0x0, 0x0, 0x1, 0xef, 0xff, 0xff,
    0xfc, 0x20, 0x0, 0x0, 0x0, 0x0, 0x3d, 0xff,
    0xff, 0xff, 0xd0, 0x0, 0x0, 0x8f, 0xff, 0xff,
    0xfc, 0x10, 0x0, 0x0, 0x0, 0x0, 0x0, 0x1d,
    0xff, 0xff, 0xff, 0x70, 0x0, 0xf, 0xff, 0xff,
    0xfe, 0x10, 0x0, 0x0, 0x0, 0x0, 0x0, 0x0,
    0x2f, 0xff, 0xff, 0xfe, 0x0, 0x6, 0xff, 0xff,
    0xff, 0x50, 0x0, 0x0, 0x0, 0x0, 0x0, 0x0,
    0x0, 0x7f, 0xff, 0xff, 0xf4, 0x0, 0xbf, 0xff,
    0xff, 0xe0, 0x0, 0x0, 0x0, 0x0, 0x0, 0x0,
    0x0, 0x0, 0xff, 0xff, 0xff, 0x90, 0xf, 0xff,
    0xff, 0xf7, 0x0, 0x0, 0x0, 0x0, 0x0, 0x0,
    0x0, 0x0, 0x9, 0xff, 0xff, 0xfe, 0x2, 0xff,
    0xff, 0xff, 0x30, 0x0, 0x0, 0x0, 0x0, 0x0,
    0x0, 0x0, 0x0, 0x5f, 0xff, 0xff, 0xf1, 0x5f,
    0xff, 0xff, 0xf0, 0x0, 0x0, 0x0, 0x0, 0x0,
    0x0, 0x0, 0x0, 0x2, 0xff, 0xff, 0xff, 0x37,
    0xff, 0xff, 0xfd, 0x0, 0x0, 0x0, 0x0, 0x0,
    0x0, 0x0, 0x0, 0x0, 0xf, 0xff, 0xff, 0xf5,
    0x8f, 0xff, 0xff, 0xc0, 0x0, 0x0, 0x0, 0x0,
    0x0, 0x0, 0x0, 0x0, 0x0, 0xef, 0xff, 0xff,
    0x68, 0xff, 0xff, 0xfb, 0x0, 0x0, 0x0, 0x0,
    0x0, 0x0, 0x0, 0x0, 0x0, 0xd, 0xff, 0xff,
    0xf7, 0x8f, 0xff, 0xff, 0xb0, 0x0, 0x0, 0x0,
    0x0, 0x0, 0x0, 0x0, 0x0, 0x0, 0xdf, 0xff,
    0xff, 0x78, 0xff, 0xff, 0xfc, 0x0, 0x0, 0x0,
    0x0, 0x0, 0x0, 0x0, 0x0, 0x0, 0xe, 0xff,
    0xff, 0xf6, 0x7f, 0xff, 0xff, 0xd0, 0x0, 0x0,
    0x0, 0x0, 0x0, 0x0, 0x0, 0x0, 0x0, 0xff,
    0xff, 0xff, 0x55, 0xff, 0xff, 0xff, 0x0, 0x0,
    0x0, 0x0, 0x0, 0x0, 0x0, 0x0, 0x0, 0x2f,
    0xff, 0xff, 0xf3, 0x2f, 0xff, 0xff, 0xf3, 0x0,
    0x0, 0x0, 0x0, 0x0, 0x0, 0x0, 0x0, 0x6,
    0xff, 0xff, 0xff, 0x10, 0xff, 0xff, 0xff, 0x70,
    0x0, 0x0, 0x1, 0x33, 0x33, 0x30, 0x0, 0x0,
    0xaf, 0xff, 0xff, 0xd0, 0xb, 0xff, 0xff, 0xfe,
    0x0, 0x0, 0x0, 0x1e, 0xff, 0xff, 0xa0, 0x0,
    0x1f, 0xff, 0xff, 0xf9, 0x0, 0x6f, 0xff, 0xff,
    0xf5, 0x0, 0x0, 0x0, 0x3f, 0xff, 0xff, 0x70,
    0x7, 0xff, 0xff, 0xff, 0x40, 0x0, 0xff, 0xff,
    0xff, 0xe1, 0x0, 0x0, 0x0, 0x6f, 0xff, 0xff,
    0x32, 0xff, 0xff, 0xff, 0xd0, 0x0, 0x8, 0xff,
    0xff, 0xff, 0xc0, 0x0, 0x0, 0x0, 0xaf, 0xff,
    0xfe, 0xdf, 0xff, 0xff, 0xf6, 0x0, 0x0, 0x1e,
    0xff, 0xff, 0xff, 0xc2, 0x0, 0x0, 0x0, 0xdf,
    0xff, 0xff, 0xff, 0xff, 0xfd, 0x0, 0x0, 0x0,
    0x5f, 0xff, 0xff, 0xff, 0xf8, 0x30, 0x0, 0x3,
    0xff, 0xff, 0xff, 0xff, 0xff, 0x30, 0x0, 0x0,
    0x0, 0x9f, 0xff, 0xff, 0xff, 0xff, 0xec, 0xbc,
    0xef, 0xff, 0xff, 0xff, 0xff, 0x70, 0x0, 0x0,
    0x0, 0x0, 0xbf, 0xff, 0xff, 0xff, 0xff, 0xff,
    0xff, 0xff, 0xff, 0xff, 0xff, 0x90, 0x0, 0x0,
    0x0, 0x0, 0x0, 0x9f, 0xff, 0xff, 0xff, 0xff,
    0xff, 0xff, 0xff, 0xff, 0xff, 0xf1, 0x0, 0x0,
    0x0, 0x0, 0x0, 0x0, 0x5e, 0xff, 0xff, 0xff,
    0xff, 0xff, 0xff, 0xff, 0xff, 0xff, 0xc0, 0x0,
    0x0, 0x0, 0x0, 0x0, 0x0, 0x7, 0xef, 0xff,
    0xff, 0xff, 0xff, 0xff, 0xef, 0xff, 0xff, 0x80,
    0x0, 0x0, 0x0, 0x0, 0x0, 0x0, 0x0, 0x48,
    0xbe, 0xff, 0xfd, 0xb8, 0x30, 0xbf, 0xff, 0xff,
    0x50, 0x0, 0x0, 0x0, 0x0, 0x0, 0x0, 0x0,
    0x0, 0x0, 0x0, 0x0, 0x0, 0x1, 0xdf, 0xff,
    0xff, 0x20, 0x0, 0x0, 0x0, 0x0, 0x0, 0x0,
    0x0, 0x0, 0x0, 0x0, 0x0, 0x0, 0x2, 0xff,
    0xff, 0xfd, 0x0, 0x0, 0x0, 0x0, 0x0, 0x0,
    0x0, 0x0, 0x0, 0x0, 0x0, 0x0, 0x0, 0x4,
    0x88, 0x88, 0x83, 0x0,

    /* U+0052 "R" */
    0x7f, 0xff, 0xff, 0xff, 0xff, 0xff, 0xff, 0xed,
    0xc8, 0x40, 0x0, 0x0, 0x0, 0x0, 0x7f, 0xff,
    0xff, 0xff, 0xff, 0xff, 0xff, 0xff, 0xff, 0xfd,
    0x60, 0x0, 0x0, 0x0, 0x7f, 0xff, 0xff, 0xff,
    0xff, 0xff, 0xff, 0xff, 0xff, 0xff, 0xfb, 0x10,
    0x0, 0x0, 0x7f, 0xff, 0xff, 0xff, 0xff, 0xff,
    0xff, 0xff, 0xff, 0xff, 0xff, 0xd1, 0x0, 0x0,
    0x7f, 0xff, 0xff, 0xff, 0xff, 0xff, 0xff, 0xff,
    0xff, 0xff, 0xff, 0xfb, 0x0, 0x0, 0x7f, 0xff,
    0xff, 0xd5, 0x55, 0x55, 0x56, 0x7b, 0xff, 0xff,
    0xff, 0xff, 0x50, 0x0, 0x7f, 0xff, 0xff, 0xc0,
    0x0, 0x0, 0x0, 0x0, 0x1b, 0xff, 0xff, 0xff,
    0xd0, 0x0, 0x7f, 0xff, 0xff, 0xc0, 0x0, 0x0,
    0x0, 0x0, 0x0, 0xbf, 0xff, 0xff, 0xf3, 0x0,
    0x7f, 0xff, 0xff, 0xc0, 0x0, 0x0, 0x0, 0x0,
    0x0, 0x2f, 0xff, 0xff, 0xf7, 0x0, 0x7f, 0xff,
    0xff, 0xc0, 0x0, 0x0, 0x0, 0x0, 0x0, 0xc,
    0xff, 0xff, 0xfb, 0x0, 0x7f, 0xff, 0xff, 0xc0,
    0x0, 0x0, 0x0, 0x0, 0x0, 0x9, 0xff, 0xff,
    0xfc, 0x0, 0x7f, 0xff, 0xff, 0xc0, 0x0, 0x0,
    0x0, 0x0, 0x0, 0x8, 0xff, 0xff, 0xfd, 0x0,
    0x7f, 0xff, 0xff, 0xc0, 0x0, 0x0, 0x0, 0x0,
    0x0, 0x9, 0xff, 0xff, 0xfd, 0x0, 0x7f, 0xff,
    0xff, 0xc0, 0x0, 0x0, 0x0, 0x0, 0x0, 0xb,
    0xff, 0xff, 0xfb, 0x0, 0x7f, 0xff, 0xff, 0xc0,
    0x0, 0x0, 0x0, 0x0, 0x0, 0x1f, 0xff, 0xff,
    0xf9, 0x0, 0x7f, 0xff, 0xff, 0xc0, 0x0, 0x0,
    0x0, 0x0, 0x0, 0xaf, 0xff, 0xff, 0xf5, 0x0,
    0x7f, 0xff, 0xff, 0xc0, 0x0, 0x0, 0x0, 0x0,
    0x9, 0xff, 0xff, 0xff, 0xf0, 0x0, 0x7f, 0xff,
    0xff, 0xd4, 0x44, 0x44, 0x45, 0x69, 0xff, 0xff,
    0xff, 0xff, 0x80, 0x0, 0x7f, 0xff, 0xff, 0xff,
    0xff, 0xff, 0xff, 0xff, 0xff, 0xff, 0xff, 0xfd,
    0x0, 0x0, 0x7f, 0xff, 0xff, 0xff, 0xff, 0xff,
    0xff, 0xff, 0xff, 0xff, 0xff, 0xe3, 0x0, 0x0,
    0x7f, 0xff, 0xff, 0xff, 0xff, 0xff, 0xff, 0xff,
    0xff, 0xff, 0xfd, 0x20, 0x0, 0x0, 0x7f, 0xff,
    0xff, 0xff, 0xff, 0xff, 0xff, 0xff, 0xff, 0xfe,
    0x70, 0x0, 0x0, 0x0, 0x7f, 0xff, 0xff, 0xff,
    0xff, 0xff, 0xff, 0xff, 0xff, 0xfe, 0x0, 0x0,
    0x0, 0x0, 0x7f, 0xff, 0xff, 0xc0, 0x0, 0x0,
    0x7, 0xff, 0xff, 0xff, 0x70, 0x0, 0x0, 0x0,
    0x7f, 0xff, 0xff, 0xc0, 0x0, 0x0, 0x0, 0xef,
    0xff, 0xff, 0xe0, 0x0, 0x0, 0x0, 0x7f, 0xff,
    0xff, 0xc0, 0x0, 0x0, 0x0, 0x6f, 0xff, 0xff,
    0xf8, 0x0, 0x0, 0x0, 0x7f, 0xff, 0xff, 0xc0,
    0x0, 0x0, 0x0, 0xd, 0xff, 0xff, 0xff, 0x10,
    0x0, 0x0, 0x7f, 0xff, 0xff, 0xc0, 0x0, 0x0,
    0x0, 0x5, 0xff, 0xff, 0xff, 0x90, 0x0, 0x0,
    0x7f, 0xff, 0xff, 0xc0, 0x0, 0x0, 0x0, 0x0,
    0xcf, 0xff, 0xff, 0xf2, 0x0, 0x0, 0x7f, 0xff,
    0xff, 0xc0, 0x0, 0x0, 0x0, 0x0, 0x4f, 0xff,
    0xff, 0xfa, 0x0, 0x0, 0x7f, 0xff, 0xff, 0xc0,
    0x0, 0x0, 0x0, 0x0, 0xb, 0xff, 0xff, 0xff,
    0x30, 0x0, 0x7f, 0xff, 0xff, 0xc0, 0x0, 0x0,
    0x0, 0x0, 0x3, 0xff, 0xff, 0xff, 0xb0, 0x0,
    0x7f, 0xff, 0xff, 0xc0, 0x0, 0x0, 0x0, 0x0,
    0x0, 0xbf, 0xff, 0xff, 0xf4, 0x0, 0x7f, 0xff,
    0xff, 0xc0, 0x0, 0x0, 0x0, 0x0, 0x0, 0x2f,
    0xff, 0xff, 0xfd, 0x0, 0x7f, 0xff, 0xff, 0xc0,
    0x0, 0x0, 0x0, 0x0, 0x0, 0xa, 0xff, 0xff,
    0xff, 0x50, 0x7f, 0xff, 0xff, 0xc0, 0x0, 0x0,
    0x0, 0x0, 0x0, 0x2, 0xff, 0xff, 0xff, 0xd0,

    /* U+0053 "S" */
    0x0, 0x0, 0x0, 0x0, 0x16, 0xad, 0xef, 0xfe,
    0xca, 0x61, 0x0, 0x0, 0x0, 0x0, 0x0, 0x0,
    0x3, 0xbf, 0xff, 0xff, 0xff, 0xff, 0xff, 0xfa,
    0x20, 0x0, 0x0, 0x0, 0x0, 0x9, 0xff, 0xff,
    0xff, 0xff, 0xff, 0xff, 0xff, 0xff, 0x70, 0x0,
    0x0, 0x0, 0x1c, 0xff, 0xff, 0xff, 0xff, 0xff,
    0xff, 0xff, 0xff, 0xff, 0x90, 0x0, 0x0, 0xb,
    0xff, 0xff, 0xff, 0xff, 0xff, 0xff, 0xff, 0xff,
    0xff, 0xff, 0x80, 0x0, 0x7, 0xff, 0xff, 0xff,
    0xff, 0xa8, 0x67, 0x8c, 0xff, 0xff, 0xff, 0xff,
    0x30, 0x0, 0xff, 0xff, 0xff, 0xf8, 0x0, 0x0,
    0x0, 0x2, 0xbf, 0xff, 0xff, 0xfb, 0x0, 0x5f,
    0xff, 0xff, 0xf7, 0x0, 0x0, 0x0, 0x0, 0x0,
    0xaf, 0xff, 0xff, 0xf1, 0x9, 0xff, 0xff, 0xfd,
    0x0, 0x0, 0x0, 0x0, 0x0, 0x1, 0xff, 0xff,
    0xff, 0x50, 0xcf, 0xff, 0xff, 0x90, 0x0, 0x0,
    0x0, 0x0, 0x0, 0xb, 0xff, 0xff, 0xf7, 0xc,
    0xff, 0xff, 0xf9, 0x0, 0x0, 0x0, 0x0, 0x0,
    0x0, 0x13, 0x33, 0x33, 0x10, 0xbf, 0xff, 0xff,
    0xd0, 0x0, 0x0, 0x0, 0x0, 0x0, 0x0, 0x0,
    0x0, 0x0, 0x9, 0xff, 0xff, 0xff, 0x70, 0x0,
    0x0, 0x0, 0x0, 0x0, 0x0, 0x0, 0x0, 0x0,
    0x4f, 0xff, 0xff, 0xff, 0xa1, 0x0, 0x0, 0x0,
    0x0, 0x0, 0x0, 0x0, 0x0, 0x0, 0xdf, 0xff,
    0xff, 0xff, 0xfb, 0x50, 0x0, 0x0, 0x0, 0x0,
    0x0, 0x0, 0x0, 0x3, 0xff, 0xff, 0xff, 0xff,
    0xff, 0xfc, 0x73, 0x0, 0x0, 0x0, 0x0, 0x0,
    0x0, 0x5, 0xff, 0xff, 0xff, 0xff, 0xff, 0xff,
    0xfe, 0x94, 0x0, 0x0, 0x0, 0x0, 0x0, 0x3,
    0xdf, 0xff, 0xff, 0xff, 0xff, 0xff, 0xff, 0xfd,
    0x60, 0x0, 0x0, 0x0, 0x0, 0x0, 0x7e, 0xff,
    0xff, 0xff, 0xff, 0xff, 0xff, 0xff, 0xc2, 0x0,
    0x0, 0x0, 0x0, 0x0, 0x5, 0xaf, 0xff, 0xff,
    0xff, 0xff, 0xff, 0xff, 0xf3, 0x0, 0x0, 0x0,
    0x0, 0x0, 0x0, 0x3, 0x8c, 0xff, 0xff, 0xff,
    0xff, 0xff, 0xf3, 0x0, 0x0, 0x0, 0x0, 0x0,
    0x0, 0x0, 0x0, 0x5a, 0xff, 0xff, 0xff, 0xff,
    0xd0, 0x0, 0x0, 0x0, 0x0, 0x0, 0x0, 0x0,
    0x0, 0x1, 0x8f, 0xff, 0xff, 0xff, 0x50, 0x0,
    0x0, 0x0, 0x0, 0x0, 0x0, 0x0, 0x0, 0x0,
    0x3f, 0xff, 0xff, 0xfb, 0x0, 0x0, 0x0, 0x0,
    0x0, 0x0, 0x0, 0x0, 0x0, 0x0, 0x8f, 0xff,
    0xff, 0xe5, 0x77, 0x77, 0x73, 0x0, 0x0, 0x0,
    0x0, 0x0, 0x0, 0x5, 0xff, 0xff, 0xff, 0xaf,
    0xff, 0xff, 0x80, 0x0, 0x0, 0x0, 0x0, 0x0,
    0x0, 0x5f, 0xff, 0xff, 0xf8, 0xff, 0xff, 0xfd,
    0x0, 0x0, 0x0, 0x0, 0x0, 0x0, 0x9, 0xff,
    0xff, 0xfe, 0x4f, 0xff, 0xff, 0xf7, 0x0, 0x0,
    0x0, 0x0, 0x0, 0x2, 0xff, 0xff, 0xff, 0xb0,
    0xef, 0xff, 0xff, 0xf7, 0x0, 0x0, 0x0, 0x0,
    0x3, 0xef, 0xff, 0xff, 0xf6, 0x8, 0xff, 0xff,
    0xff, 0xfd, 0x72, 0x0, 0x1, 0x4a, 0xff, 0xff,
    0xff, 0xfe, 0x0, 0xd, 0xff, 0xff, 0xff, 0xff,
    0xff, 0xff, 0xff, 0xff, 0xff, 0xff, 0xff, 0x60,
    0x0, 0x2e, 0xff, 0xff, 0xff, 0xff, 0xff, 0xff,
    0xff, 0xff, 0xff, 0xff, 0x90, 0x0, 0x0, 0x2e,
    0xff, 0xff, 0xff, 0xff, 0xff, 0xff, 0xff, 0xff,
    0xff, 0x90, 0x0, 0x0, 0x0, 0x9, 0xff, 0xff,
    0xff, 0xff, 0xff, 0xff, 0xff, 0xfd, 0x40, 0x0,
    0x0, 0x0, 0x0, 0x1, 0x7d, 0xff, 0xff, 0xff,
    0xff, 0xff, 0xb5, 0x0, 0x0, 0x0, 0x0, 0x0,
    0x0, 0x0, 0x0, 0x35, 0x67, 0x76, 0x52, 0x0,
    0x0, 0x0, 0x0, 0x0,

    /* U+0054 "T" */
    0xf, 0xff, 0xff, 0xff, 0xff, 0xff, 0xff, 0xff,
    0xff, 0xff, 0xff, 0xff, 0xff, 0xff, 0xc0, 0xff,
    0xff, 0xff, 0xff, 0xff, 0xff, 0xff, 0xff, 0xff,
    0xff, 0xff, 0xff, 0xff, 0xfc, 0xf, 0xff, 0xff,
    0xff, 0xff, 0xff, 0xff, 0xff, 0xff, 0xff, 0xff,
    0xff, 0xff, 0xff, 0xc0, 0xff, 0xff, 0xff, 0xff,
    0xff, 0xff, 0xff, 0xff, 0xff, 0xff, 0xff, 0xff,
    0xff, 0xfc, 0xf, 0xff, 0xff, 0xff, 0xff, 0xff,
    0xff, 0xff, 0xff, 0xff, 0xff, 0xff, 0xff, 0xff,
    0xc0, 0x55, 0x55, 0x55, 0x55, 0x55, 0x8f, 0xff,
    0xff, 0xf5, 0x55, 0x55, 0x55, 0x55, 0x54, 0x0,
    0x0, 0x0, 0x0, 0x0, 0x4, 0xff, 0xff, 0xff,
    0x0, 0x0, 0x0, 0x0, 0x0, 0x0, 0x0, 0x0,
    0x0, 0x0, 0x0, 0x4f, 0xff, 0xff, 0xf0, 0x0,
    0x0, 0x0, 0x0, 0x0, 0x0, 0x0, 0x0, 0x0,
    0x0, 0x4, 0xff, 0xff, 0xff, 0x0, 0x0, 0x0,
    0x0, 0x0, 0x0, 0x0, 0x0, 0x0, 0x0, 0x0,
    0x4f, 0xff, 0xff, 0xf0, 0x0, 0x0, 0x0, 0x0,
    0x0, 0x0, 0x0, 0x0, 0x0, 0x0, 0x4, 0xff,
    0xff, 0xff, 0x0, 0x0, 0x0, 0x0, 0x0, 0x0,
    0x0, 0x0, 0x0, 0x0, 0x0, 0x4f, 0xff, 0xff,
    0xf0, 0x0, 0x0, 0x0, 0x0, 0x0, 0x0, 0x0,
    0x0, 0x0, 0x0, 0x4, 0xff, 0xff, 0xff, 0x0,
    0x0, 0x0, 0x0, 0x0, 0x0, 0x0, 0x0, 0x0,
    0x0, 0x0, 0x4f, 0xff, 0xff, 0xf0, 0x0, 0x0,
    0x0, 0x0, 0x0, 0x0, 0x0, 0x0, 0x0, 0x0,
    0x4, 0xff, 0xff, 0xff, 0x0, 0x0, 0x0, 0x0,
    0x0, 0x0, 0x0, 0x0, 0x0, 0x0, 0x0, 0x4f,
    0xff, 0xff, 0xf0, 0x0, 0x0, 0x0, 0x0, 0x0,
    0x0, 0x0, 0x0, 0x0, 0x0, 0x4, 0xff, 0xff,
    0xff, 0x0, 0x0, 0x0, 0x0, 0x0, 0x0, 0x0,
    0x0, 0x0, 0x0, 0x0, 0x4f, 0xff, 0xff, 0xf0,
    0x0, 0x0, 0x0, 0x0, 0x0, 0x0, 0x0, 0x0,
    0x0, 0x0, 0x4, 0xff, 0xff, 0xff, 0x0, 0x0,
    0x0, 0x0, 0x0, 0x0, 0x0, 0x0, 0x0, 0x0,
    0x0, 0x4f, 0xff, 0xff, 0xf0, 0x0, 0x0, 0x0,
    0x0, 0x0, 0x0, 0x0, 0x0, 0x0, 0x0, 0x4,
    0xff, 0xff, 0xff, 0x0, 0x0, 0x0, 0x0, 0x0,
    0x0, 0x0, 0x0, 0x0, 0x0, 0x0, 0x4f, 0xff,
    0xff, 0xf0, 0x0, 0x0, 0x0, 0x0, 0x0, 0x0,
    0x0, 0x0, 0x0, 0x0, 0x4, 0xff, 0xff, 0xff,
    0x0, 0x0, 0x0, 0x0, 0x0, 0x0, 0x0, 0x0,
    0x0, 0x0, 0x0, 0x4f, 0xff, 0xff, 0xf0, 0x0,
    0x0, 0x0, 0x0, 0x0, 0x0, 0x0, 0x0, 0x0,
    0x0, 0x4, 0xff, 0xff, 0xff, 0x0, 0x0, 0x0,
    0x0, 0x0, 0x0, 0x0, 0x0, 0x0, 0x0, 0x0,
    0x4f, 0xff, 0xff, 0xf0, 0x0, 0x0, 0x0, 0x0,
    0x0, 0x0, 0x0, 0x0, 0x0, 0x0, 0x4, 0xff,
    0xff, 0xff, 0x0, 0x0, 0x0, 0x0, 0x0, 0x0,
    0x0, 0x0, 0x0, 0x0, 0x0, 0x4f, 0xff, 0xff,
    0xf0, 0x0, 0x0, 0x0, 0x0, 0x0, 0x0, 0x0,
    0x0, 0x0, 0x0, 0x4, 0xff, 0xff, 0xff, 0x0,
    0x0, 0x0, 0x0, 0x0, 0x0, 0x0, 0x0, 0x0,
    0x0, 0x0, 0x4f, 0xff, 0xff, 0xf0, 0x0, 0x0,
    0x0, 0x0, 0x0, 0x0, 0x0, 0x0, 0x0, 0x0,
    0x4, 0xff, 0xff, 0xff, 0x0, 0x0, 0x0, 0x0,
    0x0, 0x0, 0x0, 0x0, 0x0, 0x0, 0x0, 0x4f,
    0xff, 0xff, 0xf0, 0x0, 0x0, 0x0, 0x0, 0x0,
    0x0, 0x0, 0x0, 0x0, 0x0, 0x4, 0xff, 0xff,
    0xff, 0x0, 0x0, 0x0, 0x0, 0x0, 0x0, 0x0,
    0x0, 0x0, 0x0, 0x0, 0x4f, 0xff, 0xff, 0xf0,
    0x0, 0x0, 0x0, 0x0, 0x0, 0x0, 0x0, 0x0,
    0x0, 0x0, 0x4, 0xff, 0xff, 0xff, 0x0, 0x0,
    0x0, 0x0, 0x0, 0x0, 0x0, 0x0, 0x0, 0x0,
    0x0, 0x4f, 0xff, 0xff, 0xf0, 0x0, 0x0, 0x0,
    0x0, 0x0,

    /* U+0055 "U" */
    0x7f, 0xff, 0xff, 0xc0, 0x0, 0x0, 0x0, 0x0,
    0x0, 0x0, 0x0, 0x6f, 0xff, 0xff, 0xd7, 0xff,
    0xff, 0xfc, 0x0, 0x0, 0x0, 0x0, 0x0, 0x0,
    0x0, 0x6, 0xff, 0xff, 0xfd, 0x7f, 0xff, 0xff,
    0xc0, 0x0, 0x0, 0x0, 0x0, 0x0, 0x0, 0x0,
    0x6f, 0xff, 0xff, 0xd7, 0xff, 0xff, 0xfc, 0x0,
    0x0, 0x0, 0x0, 0x0, 0x0, 0x0, 0x6, 0xff,
    0xff, 0xfd, 0x7f, 0xff, 0xff, 0xc0, 0x0, 0x0,
    0x0, 0x0, 0x0, 0x0, 0x0, 0x6f, 0xff, 0xff,
    0xd7, 0xff, 0xff, 0xfc, 0x0, 0x0, 0x0, 0x0,
    0x0, 0x0, 0x0, 0x6, 0xff, 0xff, 0xfd, 0x7f,
    0xff, 0xff, 0xc0, 0x0, 0x0, 0x0, 0x0, 0x0,
    0x0, 0x0, 0x6f, 0xff, 0xff, 0xd7, 0xff, 0xff,
    0xfc, 0x0, 0x0, 0x0, 0x0, 0x0, 0x0, 0x0,
    0x6, 0xff, 0xff, 0xfd, 0x7f, 0xff, 0xff, 0xc0,
    0x0, 0x0, 0x0, 0x0, 0x0, 0x0, 0x0, 0x6f,
    0xff, 0xff, 0xd7, 0xff, 0xff, 0xfc, 0x0, 0x0,
    0x0, 0x0, 0x0, 0x0, 0x0, 0x6, 0xff, 0xff,
    0xfd, 0x7f, 0xff, 0xff, 0xc0, 0x0, 0x0, 0x0,
    0x0, 0x0, 0x0, 0x0, 0x6f, 0xff, 0xff, 0xd7,
    0xff, 0xff, 0xfc, 0x0, 0x0, 0x0, 0x0, 0x0,
    0x0, 0x0, 0x6, 0xff, 0xff, 0xfd, 0x7f, 0xff,
    0xff, 0xc0, 0x0, 0x0, 0x0, 0x0, 0x0, 0x0,
    0x0, 0x6f, 0xff, 0xff, 0xd7, 0xff, 0xff, 0xfc,
    0x0, 0x0, 0x0, 0x0, 0x0, 0x0, 0x0, 0x6,
    0xff, 0xff, 0xfd, 0x7f, 0xff, 0xff, 0xc0, 0x0,
    0x0, 0x0, 0x0, 0x0, 0x0, 0x0, 0x6f, 0xff,
    0xff, 0xd7, 0xff, 0xff, 0xfc, 0x0, 0x0, 0x0,
    0x0, 0x0, 0x0, 0x0, 0x6, 0xff, 0xff, 0xfd,
    0x7f, 0xff, 0xff, 0xc0, 0x0, 0x0, 0x0, 0x0,
    0x0, 0x0, 0x0, 0x6f, 0xff, 0xff, 0xd7, 0xff,
    0xff, 0xfc, 0x0, 0x0, 0x0, 0x0, 0x0, 0x0,
    0x0, 0x6, 0xff, 0xff, 0xfd, 0x7f, 0xff, 0xff,
    0xc0, 0x0, 0x0, 0x0, 0x0, 0x0, 0x0, 0x0,
    0x6f, 0xff, 0xff, 0xd7, 0xff, 0xff, 0xfc, 0x0,
    0x0, 0x0, 0x0, 0x0, 0x0, 0x0, 0x6, 0xff,
    0xff, 0xfd, 0x7f, 0xff, 0xff, 0xc0, 0x0, 0x0,
    0x0, 0x0, 0x0, 0x0, 0x0, 0x6f, 0xff, 0xff,
    0xd7, 0xff, 0xff, 0xfc, 0x0, 0x0, 0x0, 0x0,
    0x0, 0x0, 0x0, 0x6, 0xff, 0xff, 0xfd, 0x7f,
    0xff, 0xff, 0xc0, 0x0, 0x0, 0x0, 0x0, 0x0,
    0x0, 0x0, 0x6f, 0xff, 0xff, 0xd7, 0xff, 0xff,
    0xfd, 0x0, 0x0, 0x0, 0x0, 0x0, 0x0, 0x0,
    0x7, 0xff, 0xff, 0xfd, 0x6f, 0xff, 0xff, 0xe0,
    0x0, 0x0, 0x0, 0x0, 0x0, 0x0, 0x0, 0x9f,
    0xff, 0xff, 0xc5, 0xff, 0xff, 0xff, 0x20, 0x0,
    0x0, 0x0, 0x0, 0x0, 0x0, 0xc, 0xff, 0xff,
    0xfa, 0x2f, 0xff, 0xff, 0xf8, 0x0, 0x0, 0x0,
    0x0, 0x0, 0x0, 0x2, 0xff, 0xff, 0xff, 0x70,
    0xef, 0xff, 0xff, 0xf1, 0x0, 0x0, 0x0, 0x0,
    0x0, 0x0, 0xbf, 0xff, 0xff, 0xf3, 0x9, 0xff,
    0xff, 0xff, 0xc1, 0x0, 0x0, 0x0, 0x0, 0x0,
    0x8f, 0xff, 0xff, 0xfe, 0x0, 0x2f, 0xff, 0xff,
    0xff, 0xd3, 0x0, 0x0, 0x0, 0x1, 0xaf, 0xff,
    0xff, 0xff, 0x70, 0x0, 0x8f, 0xff, 0xff, 0xff,
    0xfc, 0x74, 0x34, 0x6a, 0xff, 0xff, 0xff, 0xff,
    0xd0, 0x0, 0x0, 0xcf, 0xff, 0xff, 0xff, 0xff,
    0xff, 0xff, 0xff, 0xff, 0xff, 0xff, 0xf3, 0x0,
    0x0, 0x1, 0xdf, 0xff, 0xff, 0xff, 0xff, 0xff,
    0xff, 0xff, 0xff, 0xff, 0xf4, 0x0, 0x0, 0x0,
    0x1, 0xbf, 0xff, 0xff, 0xff, 0xff, 0xff, 0xff,
    0xff, 0xff, 0xe3, 0x0, 0x0, 0x0, 0x0, 0x0,
    0x6e, 0xff, 0xff, 0xff, 0xff, 0xff, 0xff, 0xff,
    0x91, 0x0, 0x0, 0x0, 0x0, 0x0, 0x0, 0x6,
    0xcf, 0xff, 0xff, 0xff, 0xff, 0xd8, 0x10, 0x0,
    0x0, 0x0, 0x0, 0x0, 0x0, 0x0, 0x0, 0x3,
    0x57, 0x77, 0x64, 0x10, 0x0, 0x0, 0x0, 0x0,
    0x0,

    /* U+0056 "V" */
    0xaf, 0xff, 0xff, 0xf3, 0x0, 0x0, 0x0, 0x0,
    0x0, 0x0, 0x0, 0x0, 0x3, 0xff, 0xff, 0xff,
    0x94, 0xff, 0xff, 0xff, 0x80, 0x0, 0x0, 0x0,
    0x0, 0x0, 0x0, 0x0, 0x0, 0x8f, 0xff, 0xff,
    0xf4, 0xe, 0xff, 0xff, 0xfd, 0x0, 0x0, 0x0,
    0x0, 0x0, 0x0, 0x0, 0x0, 0xd, 0xff, 0xff,
    0xfe, 0x0, 0x9f, 0xff, 0xff, 0xf3, 0x0, 0x0,
    0x0, 0x0, 0x0, 0x0, 0x0, 0x3, 0xff, 0xff,
    0xff, 0x90, 0x4, 0xff, 0xff, 0xff, 0x80, 0x0,
    0x0, 0x0, 0x0, 0x0, 0x0, 0x0, 0x8f, 0xff,
    0xff, 0xf3, 0x0, 0xe, 0xff, 0xff, 0xfd, 0x0,
    0x0, 0x0, 0x0, 0x0, 0x0, 0x0, 0xd, 0xff,
    0xff, 0xfe, 0x0, 0x0, 0x9f, 0xff, 0xff, 0xf3,
    0x0, 0x0, 0x0, 0x0, 0x0, 0x0, 0x2, 0xff,
    0xff, 0xff, 0x90, 0x0, 0x3, 0xff, 0xff, 0xff,
    0x80, 0x0, 0x0, 0x0, 0x0, 0x0, 0x0, 0x7f,
    0xff, 0xff, 0xf3, 0x0, 0x0, 0xe, 0xff, 0xff,
    0xfd, 0x0, 0x0, 0x0, 0x0, 0x0, 0x0, 0xc,
    0xff, 0xff, 0xfe, 0x0, 0x0, 0x0, 0x8f, 0xff,
    0xff, 0xf3, 0x0, 0x0, 0x0, 0x0, 0x0, 0x1,
    0xff, 0xff, 0xff, 0x80, 0x0, 0x0, 0x3, 0xff,
    0xff, 0xff, 0x80, 0x0, 0x0, 0x0, 0x0, 0x0,
    0x6f, 0xff, 0xff, 0xf3, 0x0, 0x0, 0x0, 0xd,
    0xff, 0xff, 0xfd, 0x0, 0x0, 0x0, 0x0, 0x0,
    0xc, 0xff, 0xff, 0xfd, 0x0, 0x0, 0x0, 0x0,
    0x8f, 0xff, 0xff, 0xf2, 0x0, 0x0, 0x0, 0x0,
    0x1, 0xff, 0xff, 0xff, 0x80, 0x0, 0x0, 0x0,
    0x2, 0xff, 0xff, 0xff, 0x80, 0x0, 0x0, 0x0,
    0x0, 0x6f, 0xff, 0xff, 0xf3, 0x0, 0x0, 0x0,
    0x0, 0xd, 0xff, 0xff, 0xfd, 0x0, 0x0, 0x0,
    0x0, 0xb, 0xff, 0xff, 0xfd, 0x0, 0x0, 0x0,
    0x0, 0x0, 0x7f, 0xff, 0xff, 0xf2, 0x0, 0x0,
    0x0, 0x0, 0xff, 0xff, 0xff, 0x80, 0x0, 0x0,
    0x0, 0x0, 0x2, 0xff, 0xff, 0xff, 0x80, 0x0,
    0x0, 0x0, 0x5f, 0xff, 0xff, 0xf2, 0x0, 0x0,
    0x0, 0x0, 0x0, 0xc, 0xff, 0xff, 0xfd, 0x0,
    0x0, 0x0, 0xa, 0xff, 0xff, 0xfd, 0x0, 0x0,
    0x0, 0x0, 0x0, 0x0, 0x6f, 0xff, 0xff, 0xf2,
    0x0, 0x0, 0x0, 0xff, 0xff, 0xff, 0x70, 0x0,
    0x0, 0x0, 0x0, 0x0, 0x1, 0xff, 0xff, 0xff,
    0x70, 0x0, 0x0, 0x4f, 0xff, 0xff, 0xf2, 0x0,
    0x0, 0x0, 0x0, 0x0, 0x0, 0xb, 0xff, 0xff,
    0xfc, 0x0, 0x0, 0x9, 0xff, 0xff, 0xfc, 0x0,
    0x0, 0x0, 0x0, 0x0, 0x0, 0x0, 0x6f, 0xff,
    0xff, 0xf1, 0x0, 0x0, 0xef, 0xff, 0xff, 0x70,
    0x0, 0x0, 0x0, 0x0, 0x0, 0x0, 0x1, 0xff,
    0xff, 0xff, 0x50, 0x0, 0x2f, 0xff, 0xff, 0xf2,
    0x0, 0x0, 0x0, 0x0, 0x0, 0x0, 0x0, 0xb,
    0xff, 0xff, 0xfa, 0x0, 0x7, 0xff, 0xff, 0xfc,
    0x0, 0x0, 0x0, 0x0, 0x0, 0x0, 0x0, 0x0,
    0x5f, 0xff, 0xff, 0xe0, 0x0, 0xbf, 0xff, 0xff,
    0x70, 0x0, 0x0, 0x0, 0x0, 0x0, 0x0, 0x0,
    0x0, 0xff, 0xff, 0xff, 0x20, 0xf, 0xff, 0xff,
    0xf1, 0x0, 0x0, 0x0, 0x0, 0x0, 0x0, 0x0,
    0x0, 0xa, 0xff, 0xff, 0xf7, 0x4, 0xff, 0xff,
    0xfc, 0x0, 0x0, 0x0, 0x0, 0x0, 0x0, 0x0,
    0x0, 0x0, 0x5f, 0xff, 0xff, 0xb0, 0x8f, 0xff,
    0xff, 0x60, 0x0, 0x0, 0x0, 0x0, 0x0, 0x0,
    0x0, 0x0, 0x0, 0xff, 0xff, 0xff, 0xc, 0xff,
    0xff, 0xf1, 0x0, 0x0, 0x0, 0x0, 0x0, 0x0,
    0x0, 0x0, 0x0, 0xa, 0xff, 0xff, 0xf4, 0xff,
    0xff, 0xfc, 0x0, 0x0, 0x0, 0x0, 0x0, 0x0,
    0x0, 0x0, 0x0, 0x0, 0x4f, 0xff, 0xff, 0xcf,
    0xff, 0xff, 0x60, 0x0, 0x0, 0x0, 0x0, 0x0,
    0x0, 0x0, 0x0, 0x0, 0x0, 0xef, 0xff, 0xff,
    0xff, 0xff, 0xf1, 0x0, 0x0, 0x0, 0x0, 0x0,
    0x0, 0x0, 0x0, 0x0, 0x0, 0x9, 0xff, 0xff,
    0xff, 0xff, 0xfb, 0x0, 0x0, 0x0, 0x0, 0x0,
    0x0, 0x0, 0x0, 0x0, 0x0, 0x0, 0x3f, 0xff,
    0xff, 0xff, 0xff, 0x60, 0x0, 0x0, 0x0, 0x0,
    0x0, 0x0, 0x0, 0x0, 0x0, 0x0, 0x0, 0xef,
    0xff, 0xff, 0xff, 0xf1, 0x0, 0x0, 0x0, 0x0,
    0x0, 0x0, 0x0, 0x0, 0x0, 0x0, 0x0, 0x8,
    0xff, 0xff, 0xff, 0xfb, 0x0, 0x0, 0x0, 0x0,
    0x0, 0x0,

    /* U+0057 "W" */
    0xbf, 0xff, 0xff, 0xf0, 0x0, 0x0, 0x0, 0x0,
    0x0, 0x0, 0xff, 0xff, 0xff, 0xe0, 0x0, 0x0,
    0x0, 0x0, 0x0, 0x1, 0xff, 0xff, 0xff, 0xa7,
    0xff, 0xff, 0xff, 0x40, 0x0, 0x0, 0x0, 0x0,
    0x0, 0x3f, 0xff, 0xff, 0xff, 0x20, 0x0, 0x0,
    0x0, 0x0, 0x0, 0x4f, 0xff, 0xff, 0xf6, 0x2f,
    0xff, 0xff, 0xf7, 0x0, 0x0, 0x0, 0x0, 0x0,
    0x7, 0xff, 0xff, 0xff, 0xf6, 0x0, 0x0, 0x0,
    0x0, 0x0, 0x8, 0xff, 0xff, 0xff, 0x20, 0xef,
    0xff, 0xff, 0xb0, 0x0, 0x0, 0x0, 0x0, 0x0,
    0xbf, 0xff, 0xff, 0xff, 0xa0, 0x0, 0x0, 0x0,
    0x0, 0x0, 0xcf, 0xff, 0xff, 0xe0, 0xa, 0xff,
    0xff, 0xff, 0x0, 0x0, 0x0, 0x0, 0x0, 0xe,
    0xff, 0xff, 0xff, 0xfe, 0x0, 0x0, 0x0, 0x0,
    0x0, 0xf, 0xff, 0xff, 0xf9, 0x0, 0x6f, 0xff,
    0xff, 0xf3, 0x0, 0x0, 0x0, 0x0, 0x3, 0xff,
    0xff, 0xff, 0xff, 0xf2, 0x0, 0x0, 0x0, 0x0,
    0x4, 0xff, 0xff, 0xff, 0x50, 0x2, 0xff, 0xff,
    0xff, 0x70, 0x0, 0x0, 0x0, 0x0, 0x6f, 0xff,
    0xff, 0xff, 0xff, 0x60, 0x0, 0x0, 0x0, 0x0,
    0x7f, 0xff, 0xff, 0xf1, 0x0, 0xd, 0xff, 0xff,
    0xfa, 0x0, 0x0, 0x0, 0x0, 0xa, 0xff, 0xff,
    0xff, 0xff, 0xfa, 0x0, 0x0, 0x0, 0x0, 0xb,
    0xff, 0xff, 0xfd, 0x0, 0x0, 0x9f, 0xff, 0xff,
    0xe0, 0x0, 0x0, 0x0, 0x0, 0xef, 0xff, 0xfb,
    0xff, 0xff, 0xe0, 0x0, 0x0, 0x0, 0x0, 0xff,
    0xff, 0xff, 0x90, 0x0, 0x5, 0xff, 0xff, 0xff,
    0x20, 0x0, 0x0, 0x0, 0x2f, 0xff, 0xff, 0x6f,
    0xff, 0xff, 0x20, 0x0, 0x0, 0x0, 0x3f, 0xff,
    0xff, 0xf4, 0x0, 0x0, 0x1f, 0xff, 0xff, 0xf6,
    0x0, 0x0, 0x0, 0x6, 0xff, 0xff, 0xf1, 0xff,
    0xff, 0xf6, 0x0, 0x0, 0x0, 0x7, 0xff, 0xff,
    0xff, 0x0, 0x0, 0x0, 0xdf, 0xff, 0xff, 0xa0,
    0x0, 0x0, 0x0, 0xaf, 0xff, 0xfd, 0xe, 0xff,
    0xff, 0xa0, 0x0, 0x0, 0x0, 0xaf, 0xff, 0xff,
    0xc0, 0x0, 0x0, 0x8, 0xff, 0xff, 0xfd, 0x0,
    0x0, 0x0, 0xe, 0xff, 0xff, 0xa0, 0xbf, 0xff,
    0xfd, 0x0, 0x0, 0x0, 0xe, 0xff, 0xff, 0xf8,
    0x0, 0x0, 0x0, 0x4f, 0xff, 0xff, 0xf1, 0x0,
    0x0, 0x2, 0xff, 0xff, 0xf6, 0x7, 0xff, 0xff,
    0xf1, 0x0, 0x0, 0x2, 0xff, 0xff, 0xff, 0x40,
    0x0, 0x0, 0x0, 0xff, 0xff, 0xff, 0x50, 0x0,
    0x0, 0x6f, 0xff, 0xff, 0x30, 0x4f, 0xff, 0xff,
    0x50, 0x0, 0x0, 0x6f, 0xff, 0xff, 0xf0, 0x0,
    0x0, 0x0, 0xc, 0xff, 0xff, 0xf9, 0x0, 0x0,
    0xa, 0xff, 0xff, 0xf0, 0x0, 0xff, 0xff, 0xf9,
    0x0, 0x0, 0x9, 0xff, 0xff, 0xfb, 0x0, 0x0,
    0x0, 0x0, 0x8f, 0xff, 0xff, 0xd0, 0x0, 0x0,
    0xef, 0xff, 0xfc, 0x0, 0xc, 0xff, 0xff, 0xd0,
    0x0, 0x0, 0xdf, 0xff, 0xff, 0x70, 0x0, 0x0,
    0x0, 0x4, 0xff, 0xff, 0xff, 0x10, 0x0, 0x2f,
    0xff, 0xff, 0x80, 0x0, 0x8f, 0xff, 0xff, 0x10,
    0x0, 0x1f, 0xff, 0xff, 0xf3, 0x0, 0x0, 0x0,
    0x0, 0xf, 0xff, 0xff, 0xf4, 0x0, 0x6, 0xff,
    0xff, 0xf3, 0x0, 0x4, 0xff, 0xff, 0xf5, 0x0,
    0x5, 0xff, 0xff, 0xfe, 0x0, 0x0, 0x0, 0x0,
    0x0, 0xbf, 0xff, 0xff, 0x80, 0x0, 0xaf, 0xff,
    0xff, 0x0, 0x0, 0xf, 0xff, 0xff, 0x90, 0x0,
    0x8f, 0xff, 0xff, 0xa0, 0x0, 0x0, 0x0, 0x0,
    0x7, 0xff, 0xff, 0xfb, 0x0, 0xd, 0xff, 0xff,
    0xb0, 0x0, 0x0, 0xcf, 0xff, 0xfd, 0x0, 0xc,
    0xff, 0xff, 0xf6, 0x0, 0x0, 0x0, 0x0, 0x0,
    0x3f, 0xff, 0xff, 0xe0, 0x1, 0xff, 0xff, 0xf7,
    0x0, 0x0, 0x8, 0xff, 0xff, 0xf0, 0x0, 0xff,
    0xff, 0xff, 0x20, 0x0, 0x0, 0x0, 0x0, 0x0,
    0xef, 0xff, 0xff, 0x10, 0x4f, 0xff, 0xff, 0x30,
    0x0, 0x0, 0x4f, 0xff, 0xff, 0x30, 0x2f, 0xff,
    0xff, 0xe0, 0x0, 0x0, 0x0, 0x0, 0x0, 0xa,
    0xff, 0xff, 0xf4, 0x7, 0xff, 0xff, 0xf0, 0x0,
    0x0, 0x0, 0xff, 0xff, 0xf7, 0x5, 0xff, 0xff,
    0xf9, 0x0, 0x0, 0x0, 0x0, 0x0, 0x0, 0x6f,
    0xff, 0xff, 0x70, 0xaf, 0xff, 0xfb, 0x0, 0x0,
    0x0, 0xc, 0xff, 0xff, 0xa0, 0x8f, 0xff, 0xff,
    0x50, 0x0, 0x0, 0x0, 0x0, 0x0, 0x2, 0xff,
    0xff, 0xfa, 0xd, 0xff, 0xff, 0x70, 0x0, 0x0,
    0x0, 0x8f, 0xff, 0xfd, 0xb, 0xff, 0xff, 0xf1,
    0x0, 0x0, 0x0, 0x0, 0x0, 0x0, 0xe, 0xff,
    0xff, 0xd0, 0xff, 0xff, 0xf3, 0x0, 0x0, 0x0,
    0x4, 0xff, 0xff, 0xf0, 0xef, 0xff, 0xfd, 0x0,
    0x0, 0x0, 0x0, 0x0, 0x0, 0x0, 0xaf, 0xff,
    0xff, 0x3f, 0xff, 0xfe, 0x0, 0x0, 0x0, 0x0,
    0xf, 0xff, 0xff, 0x4f, 0xff, 0xff, 0x90, 0x0,
    0x0, 0x0, 0x0, 0x0, 0x0, 0x5, 0xff, 0xff,
    0xf9, 0xff, 0xff, 0xa0, 0x0, 0x0, 0x0, 0x0,
    0xbf, 0xff, 0xf9, 0xff, 0xff, 0xf4, 0x0, 0x0,
    0x0, 0x0, 0x0, 0x0, 0x0, 0x1f, 0xff, 0xff,
    0xef, 0xff, 0xf6, 0x0, 0x0, 0x0, 0x0, 0x7,
    0xff, 0xff, 0xef, 0xff, 0xff, 0x0, 0x0, 0x0,
    0x0, 0x0, 0x0, 0x0, 0x0, 0xdf, 0xff, 0xff,
    0xff, 0xff, 0x20, 0x0, 0x0, 0x0, 0x0, 0x3f,
    0xff, 0xff, 0xff, 0xff, 0xc0, 0x0, 0x0, 0x0,
    0x0, 0x0, 0x0, 0x0, 0x9, 0xff, 0xff, 0xff,
    0xff, 0xe0, 0x0, 0x0, 0x0, 0x0, 0x0, 0xff,
    0xff, 0xff, 0xff, 0xf8, 0x0, 0x0, 0x0, 0x0,
    0x0, 0x0, 0x0, 0x0, 0x5f, 0xff, 0xff, 0xff,
    0xfa, 0x0, 0x0, 0x0, 0x0, 0x0, 0xb, 0xff,
    0xff, 0xff, 0xff, 0x40, 0x0, 0x0, 0x0, 0x0,
    0x0, 0x0, 0x0, 0x1, 0xff, 0xff, 0xff, 0xff,
    0x60, 0x0, 0x0, 0x0, 0x0, 0x0, 0x7f, 0xff,
    0xff, 0xff, 0xf0, 0x0, 0x0, 0x0, 0x0, 0x0,
    0x0, 0x0, 0x0, 0xc, 0xff, 0xff, 0xff, 0xf2,
    0x0, 0x0, 0x0, 0x0, 0x0, 0x3, 0xff, 0xff,
    0xff, 0xfb, 0x0, 0x0, 0x0, 0x0, 0x0, 0x0,
    0x0, 0x0, 0x0, 0x8f, 0xff, 0xff, 0xfe, 0x0,
    0x0, 0x0, 0x0, 0x0, 0x0, 0xf, 0xff, 0xff,
    0xff, 0x70, 0x0, 0x0, 0x0, 0x0,

    /* U+0058 "X" */
    0x6, 0xff, 0xff, 0xff, 0xc0, 0x0, 0x0, 0x0,
    0x0, 0x0, 0x0, 0x1, 0xef, 0xff, 0xff, 0xf1,
    0x0, 0xc, 0xff, 0xff, 0xff, 0x70, 0x0, 0x0,
    0x0, 0x0, 0x0, 0x0, 0xaf, 0xff, 0xff, 0xf6,
    0x0, 0x0, 0x2f, 0xff, 0xff, 0xff, 0x20, 0x0,
    0x0, 0x0, 0x0, 0x0, 0x5f, 0xff, 0xff, 0xfb,
    0x0, 0x0, 0x0, 0x7f, 0xff, 0xff, 0xfc, 0x0,
    0x0, 0x0, 0x0, 0x0, 0x1e, 0xff, 0xff, 0xff,
    0x20, 0x0, 0x0, 0x0, 0xcf, 0xff, 0xff, 0xf6,
    0x0, 0x0, 0x0, 0x0, 0xa, 0xff, 0xff, 0xff,
    0x60, 0x0, 0x0, 0x0, 0x2, 0xff, 0xff, 0xff,
    0xf1, 0x0, 0x0, 0x0, 0x4, 0xff, 0xff, 0xff,
    0xc0, 0x0, 0x0, 0x0, 0x0, 0x7, 0xff, 0xff,
    0xff, 0xb0, 0x0, 0x0, 0x0, 0xef, 0xff, 0xff,
    0xf2, 0x0, 0x0, 0x0, 0x0, 0x0, 0xd, 0xff,
    0xff, 0xff, 0x40, 0x0, 0x0, 0x9f, 0xff, 0xff,
    0xf7, 0x0, 0x0, 0x0, 0x0, 0x0, 0x0, 0x3f,
    0xff, 0xff, 0xfd, 0x0, 0x0, 0x3f, 0xff, 0xff,
    0xfc, 0x0, 0x0, 0x0, 0x0, 0x0, 0x0, 0x0,
    0x8f, 0xff, 0xff, 0xf7, 0x0, 0xc, 0xff, 0xff,
    0xff, 0x20, 0x0, 0x0, 0x0, 0x0, 0x0, 0x0,
    0x0, 0xdf, 0xff, 0xff, 0xe0, 0x4, 0xff, 0xff,
    0xff, 0x70, 0x0, 0x0, 0x0, 0x0, 0x0, 0x0,
    0x0, 0x3, 0xff, 0xff, 0xff, 0x70, 0xcf, 0xff,
    0xff, 0xc0, 0x0, 0x0, 0x0, 0x0, 0x0, 0x0,
    0x0, 0x0, 0x8, 0xff, 0xff, 0xfe, 0x5f, 0xff,
    0xff, 0xf2, 0x0, 0x0, 0x0, 0x0, 0x0, 0x0,
    0x0, 0x0, 0x0, 0xd, 0xff, 0xff, 0xff, 0xff,
    0xff, 0xf7, 0x0, 0x0, 0x0, 0x0, 0x0, 0x0,
    0x0, 0x0, 0x0, 0x0, 0x4f, 0xff, 0xff, 0xff,
    0xff, 0xfc, 0x0, 0x0, 0x0, 0x0, 0x0, 0x0,
    0x0, 0x0, 0x0, 0x0, 0x0, 0x9f, 0xff, 0xff,
    0xff, 0xff, 0x30, 0x0, 0x0, 0x0, 0x0, 0x0,
    0x0, 0x0, 0x0, 0x0, 0x0, 0x0, 0xef, 0xff,
    0xff, 0xff, 0x80, 0x0, 0x0, 0x0, 0x0, 0x0,
    0x0, 0x0, 0x0, 0x0, 0x0, 0x0, 0x6, 0xff,
    0xff, 0xff, 0xf1, 0x0, 0x0, 0x0, 0x0, 0x0,
    0x0, 0x0, 0x0, 0x0, 0x0, 0x0, 0x0, 0xdf,
    0xff, 0xff, 0xff, 0xa0, 0x0, 0x0, 0x0, 0x0,
    0x0, 0x0, 0x0, 0x0, 0x0, 0x0, 0x0, 0x8f,
    0xff, 0xff, 0xff, 0xff, 0x50, 0x0, 0x0, 0x0,
    0x0, 0x0, 0x0, 0x0, 0x0, 0x0, 0x0, 0x3f,
    0xff, 0xff, 0xff, 0xff, 0xfe, 0x10, 0x0, 0x0,
    0x0, 0x0, 0x0, 0x0, 0x0, 0x0, 0x0, 0xd,
    0xff, 0xff, 0xff, 0xff, 0xff, 0xfa, 0x0, 0x0,
    0x0, 0x0, 0x0, 0x0, 0x0, 0x0, 0x0, 0x8,
    0xff, 0xff, 0xff, 0x9f, 0xff, 0xff, 0xf5, 0x0,
    0x0, 0x0, 0x0, 0x0, 0x0, 0x0, 0x0, 0x3,
    0xff, 0xff, 0xff, 0x80, 0xef, 0xff, 0xff, 0xe1,
    0x0, 0x0, 0x0, 0x0, 0x0, 0x0, 0x0, 0x0,
    0xdf, 0xff, 0xff, 0xe0, 0x6, 0xff, 0xff, 0xff,
    0xa0, 0x0, 0x0, 0x0, 0x0, 0x0, 0x0, 0x0,
    0x9f, 0xff, 0xff, 0xf6, 0x0, 0xd, 0xff, 0xff,
    0xff, 0x50, 0x0, 0x0, 0x0, 0x0, 0x0, 0x0,
    0x4f, 0xff, 0xff, 0xfc, 0x0, 0x0, 0x4f, 0xff,
    0xff, 0xfe, 0x10, 0x0, 0x0, 0x0, 0x0, 0x0,
    0x1e, 0xff, 0xff, 0xff, 0x20, 0x0, 0x0, 0x9f,
    0xff, 0xff, 0xfa, 0x0, 0x0, 0x0, 0x0, 0x0,
    0xa, 0xff, 0xff, 0xff, 0x70, 0x0, 0x0, 0x1,
    0xef, 0xff, 0xff, 0xf5, 0x0, 0x0, 0x0, 0x0,
    0x5, 0xff, 0xff, 0xff, 0xc0, 0x0, 0x0, 0x0,
    0x5, 0xff, 0xff, 0xff, 0xe1, 0x0, 0x0, 0x0,
    0x1, 0xef, 0xff, 0xff, 0xf2, 0x0, 0x0, 0x0,
    0x0, 0xa, 0xff, 0xff, 0xff, 0xa0, 0x0, 0x0,
    0x0, 0xaf, 0xff, 0xff, 0xf7, 0x0, 0x0, 0x0,
    0x0, 0x0, 0x1e, 0xff, 0xff, 0xff, 0x50, 0x0,
    0x0, 0x5f, 0xff, 0xff, 0xfc, 0x0, 0x0, 0x0,
    0x0, 0x0, 0x0, 0x5f, 0xff, 0xff, 0xfe, 0x10,
    0x0, 0x1f, 0xff, 0xff, 0xff, 0x20, 0x0, 0x0,
    0x0, 0x0, 0x0, 0x0, 0xbf, 0xff, 0xff, 0xfa,
    0x0, 0xb, 0xff, 0xff, 0xff, 0x70, 0x0, 0x0,
    0x0, 0x0, 0x0, 0x0, 0x1, 0xef, 0xff, 0xff,
    0xf5, 0x6, 0xff, 0xff, 0xff, 0xc0, 0x0, 0x0,
    0x0, 0x0, 0x0, 0x0, 0x0, 0x6, 0xff, 0xff,
    0xff, 0xe1,

    /* U+0059 "Y" */
    0x8f, 0xff, 0xff, 0xfc, 0x0, 0x0, 0x0, 0x0,
    0x0, 0x0, 0x0, 0x0, 0x7f, 0xff, 0xff, 0xfc,
    0x0, 0xef, 0xff, 0xff, 0xf4, 0x0, 0x0, 0x0,
    0x0, 0x0, 0x0, 0x0, 0x1e, 0xff, 0xff, 0xff,
    0x30, 0x5, 0xff, 0xff, 0xff, 0xd0, 0x0, 0x0,
    0x0, 0x0, 0x0, 0x0, 0x8, 0xff, 0xff, 0xff,
    0xa0, 0x0, 0xc, 0xff, 0xff, 0xff, 0x60, 0x0,
    0x0, 0x0, 0x0, 0x0, 0x1, 0xff, 0xff, 0xff,
    0xf1, 0x0, 0x0, 0x3f, 0xff, 0xff, 0xfe, 0x0,
    0x0, 0x0, 0x0, 0x0, 0x0, 0x9f, 0xff, 0xff,
    0xf7, 0x0, 0x0, 0x0, 0x9f, 0xff, 0xff, 0xf8,
    0x0, 0x0, 0x0, 0x0, 0x0, 0x2f, 0xff, 0xff,
    0xfd, 0x0, 0x0, 0x0, 0x1, 0xff, 0xff, 0xff,
    0xf1, 0x0, 0x0, 0x0, 0x0, 0xb, 0xff, 0xff,
    0xff, 0x50, 0x0, 0x0, 0x0, 0x7, 0xff, 0xff,
    0xff, 0x90, 0x0, 0x0, 0x0, 0x3, 0xff, 0xff,
    0xff, 0xb0, 0x0, 0x0, 0x0, 0x0, 0xd, 0xff,
    0xff, 0xff, 0x20, 0x0, 0x0, 0x0, 0xcf, 0xff,
    0xff, 0xf2, 0x0, 0x0, 0x0, 0x0, 0x0, 0x4f,
    0xff, 0xff, 0xfb, 0x0, 0x0, 0x0, 0x5f, 0xff,
    0xff, 0xf9, 0x0, 0x0, 0x0, 0x0, 0x0, 0x0,
    0xbf, 0xff, 0xff, 0xf3, 0x0, 0x0, 0xd, 0xff,
    0xff, 0xfe, 0x10, 0x0, 0x0, 0x0, 0x0, 0x0,
    0x2, 0xff, 0xff, 0xff, 0xc0, 0x0, 0x6, 0xff,
    0xff, 0xff, 0x60, 0x0, 0x0, 0x0, 0x0, 0x0,
    0x0, 0x8, 0xff, 0xff, 0xff, 0x40, 0x0, 0xdf,
    0xff, 0xff, 0xd0, 0x0, 0x0, 0x0, 0x0, 0x0,
    0x0, 0x0, 0xe, 0xff, 0xff, 0xfd, 0x0, 0x6f,
    0xff, 0xff, 0xf4, 0x0, 0x0, 0x0, 0x0, 0x0,
    0x0, 0x0, 0x0, 0x5f, 0xff, 0xff, 0xf5, 0xd,
    0xff, 0xff, 0xfb, 0x0, 0x0, 0x0, 0x0, 0x0,
    0x0, 0x0, 0x0, 0x0, 0xcf, 0xff, 0xff, 0xc4,
    0xff, 0xff, 0xff, 0x20, 0x0, 0x0, 0x0, 0x0,
    0x0, 0x0, 0x0, 0x0, 0x3, 0xff, 0xff, 0xff,
    0xdf, 0xff, 0xff, 0x80, 0x0, 0x0, 0x0, 0x0,
    0x0, 0x0, 0x0, 0x0, 0x0, 0x9, 0xff, 0xff,
    0xff, 0xff, 0xff, 0xe0, 0x0, 0x0, 0x0, 0x0,
    0x0, 0x0, 0x0, 0x0, 0x0, 0x0, 0x1e, 0xff,
    0xff, 0xff, 0xff, 0xf6, 0x0, 0x0, 0x0, 0x0,
    0x0, 0x0, 0x0, 0x0, 0x0, 0x0, 0x0, 0x7f,
    0xff, 0xff, 0xff, 0xfc, 0x0, 0x0, 0x0, 0x0,
    0x0, 0x0, 0x0, 0x0, 0x0, 0x0, 0x0, 0x0,
    0xdf, 0xff, 0xff, 0xff, 0x30, 0x0, 0x0, 0x0,
    0x0, 0x0, 0x0, 0x0, 0x0, 0x0, 0x0, 0x0,
    0x4, 0xff, 0xff, 0xff, 0xa0, 0x0, 0x0, 0x0,
    0x0, 0x0, 0x0, 0x0, 0x0, 0x0, 0x0, 0x0,
    0x0, 0xf, 0xff, 0xff, 0xf5, 0x0, 0x0, 0x0,
    0x0, 0x0, 0x0, 0x0, 0x0, 0x0, 0x0, 0x0,
    0x0, 0x0, 0xff, 0xff, 0xff, 0x50, 0x0, 0x0,
    0x0, 0x0, 0x0, 0x0, 0x0, 0x0, 0x0, 0x0,
    0x0, 0x0, 0xf, 0xff, 0xff, 0xf5, 0x0, 0x0,
    0x0, 0x0, 0x0, 0x0, 0x0, 0x0, 0x0, 0x0,
    0x0, 0x0, 0x0, 0xff, 0xff, 0xff, 0x50, 0x0,
    0x0, 0x0, 0x0, 0x0, 0x0, 0x0, 0x0, 0x0,
    0x0, 0x0, 0x0, 0xf, 0xff, 0xff, 0xf5, 0x0,
    0x0, 0x0, 0x0, 0x0, 0x0, 0x0, 0x0, 0x0,
    0x0, 0x0, 0x0, 0x0, 0xff, 0xff, 0xff, 0x50,
    0x0, 0x0, 0x0, 0x0, 0x0, 0x0, 0x0, 0x0,
    0x0, 0x0, 0x0, 0x0, 0xf, 0xff, 0xff, 0xf5,
    0x0, 0x0, 0x0, 0x0, 0x0, 0x0, 0x0, 0x0,
    0x0, 0x0, 0x0, 0x0, 0x0, 0xff, 0xff, 0xff,
    0x50, 0x0, 0x0, 0x0, 0x0, 0x0, 0x0, 0x0,
    0x0, 0x0, 0x0, 0x0, 0x0, 0xf, 0xff, 0xff,
    0xf5, 0x0, 0x0, 0x0, 0x0, 0x0, 0x0, 0x0,
    0x0, 0x0, 0x0, 0x0, 0x0, 0x0, 0xff, 0xff,
    0xff, 0x50, 0x0, 0x0, 0x0, 0x0, 0x0, 0x0,
    0x0, 0x0, 0x0, 0x0, 0x0, 0x0, 0xf, 0xff,
    0xff, 0xf5, 0x0, 0x0, 0x0, 0x0, 0x0, 0x0,
    0x0, 0x0, 0x0, 0x0, 0x0, 0x0, 0x0, 0xff,
    0xff, 0xff, 0x50, 0x0, 0x0, 0x0, 0x0, 0x0,
    0x0, 0x0, 0x0, 0x0, 0x0, 0x0, 0x0, 0xf,
    0xff, 0xff, 0xf5, 0x0, 0x0, 0x0, 0x0, 0x0,
    0x0, 0x0, 0x0, 0x0, 0x0, 0x0, 0x0, 0x0,
    0xff, 0xff, 0xff, 0x50, 0x0, 0x0, 0x0, 0x0,
    0x0, 0x0,

    /* U+005A "Z" */
    0x4f, 0xff, 0xff, 0xff, 0xff, 0xff, 0xff, 0xff,
    0xff, 0xff, 0xff, 0xff, 0xff, 0x84, 0xff, 0xff,
    0xff, 0xff, 0xff, 0xff, 0xff, 0xff, 0xff, 0xff,
    0xff, 0xff, 0xf8, 0x4f, 0xff, 0xff, 0xff, 0xff,
    0xff, 0xff, 0xff, 0xff, 0xff, 0xff, 0xff, 0xff,
    0x84, 0xff, 0xff, 0xff, 0xff, 0xff, 0xff, 0xff,
    0xff, 0xff, 0xff, 0xff, 0xff, 0xf8, 0x4f, 0xff,
    0xff, 0xff, 0xff, 0xff, 0xff, 0xff, 0xff, 0xff,
    0xff, 0xff, 0xff, 0x21, 0x55, 0x55, 0x55, 0x55,
    0x55, 0x55, 0x55, 0x55, 0x56, 0xff, 0xff, 0xff,
    0x70, 0x0, 0x0, 0x0, 0x0, 0x0, 0x0, 0x0,
    0x0, 0x0, 0xbf, 0xff, 0xff, 0xc0, 0x0, 0x0,
    0x0, 0x0, 0x0, 0x0, 0x0, 0x0, 0x0, 0x8f,
    0xff, 0xff, 0xf2, 0x0, 0x0, 0x0, 0x0, 0x0,
    0x0, 0x0, 0x0, 0x0, 0x4f, 0xff, 0xff, 0xf7,
    0x0, 0x0, 0x0, 0x0, 0x0, 0x0, 0x0, 0x0,
    0x0, 0x1e, 0xff, 0xff, 0xfc, 0x0, 0x0, 0x0,
    0x0, 0x0, 0x0, 0x0, 0x0, 0x0, 0xa, 0xff,
    0xff, 0xff, 0x20, 0x0, 0x0, 0x0, 0x0, 0x0,
    0x0, 0x0, 0x0, 0x5, 0xff, 0xff, 0xff, 0x70,
    0x0, 0x0, 0x0, 0x0, 0x0, 0x0, 0x0, 0x0,
    0x1, 0xef, 0xff, 0xff, 0xc0, 0x0, 0x0, 0x0,
    0x0, 0x0, 0x0, 0x0, 0x0, 0x0, 0xbf, 0xff,
    0xff, 0xf2, 0x0, 0x0, 0x0, 0x0, 0x0, 0x0,
    0x0, 0x0, 0x0, 0x6f, 0xff, 0xff, 0xf7, 0x0,
    0x0, 0x0, 0x0, 0x0, 0x0, 0x0, 0x0, 0x0,
    0x1f, 0xff, 0xff, 0xfc, 0x0, 0x0, 0x0, 0x0,
    0x0, 0x0, 0x0, 0x0, 0x0, 0xb, 0xff, 0xff,
    0xff, 0x20, 0x0, 0x0, 0x0, 0x0, 0x0, 0x0,
    0x0, 0x0, 0x6, 0xff, 0xff, 0xff, 0x60, 0x0,
    0x0, 0x0, 0x0, 0x0, 0x0, 0x0, 0x0, 0x1,
    0xff, 0xff, 0xff, 0xc0, 0x0, 0x0, 0x0, 0x0,
    0x0, 0x0, 0x0, 0x0, 0x0, 0xbf, 0xff, 0xff,
    0xf2, 0x0, 0x0, 0x0, 0x0, 0x0, 0x0, 0x0,
    0x0, 0x0, 0x6f, 0xff, 0xff, 0xf6, 0x0, 0x0,
    0x0, 0x0, 0x0, 0x0, 0x0, 0x0, 0x0, 0x2f,
    0xff, 0xff, 0xfb, 0x0, 0x0, 0x0, 0x0, 0x0,
    0x0, 0x0, 0x0, 0x0, 0xc, 0xff, 0xff, 0xff,
    0x10, 0x0, 0x0, 0x0, 0x0, 0x0, 0x0, 0x0,
    0x0, 0x7, 0xff, 0xff, 0xff, 0x60, 0x0, 0x0,
    0x0, 0x0, 0x0, 0x0, 0x0, 0x0, 0x2, 0xff,
    0xff, 0xff, 0xb0, 0x0, 0x0, 0x0, 0x0, 0x0,
    0x0, 0x0, 0x0, 0x0, 0xcf, 0xff, 0xff, 0xe1,
    0x0, 0x0, 0x0, 0x0, 0x0, 0x0, 0x0, 0x0,
    0x0, 0x7f, 0xff, 0xff, 0xf5, 0x0, 0x0, 0x0,
    0x0, 0x0, 0x0, 0x0, 0x0, 0x0, 0x2f, 0xff,
    0xff, 0xf9, 0x0, 0x0, 0x0, 0x0, 0x0, 0x0,
    0x0, 0x0, 0x0, 0xc, 0xff, 0xff, 0xfd, 0x0,
    0x0, 0x0, 0x0, 0x0, 0x0, 0x0, 0x0, 0x0,
    0x7, 0xff, 0xff, 0xfe, 0x20, 0x0, 0x0, 0x0,
    0x0, 0x0, 0x0, 0x0, 0x0, 0x2, 0xff, 0xff,
    0xff, 0x94, 0x44, 0x44, 0x44, 0x44, 0x44, 0x44,
    0x44, 0x44, 0x20, 0xcf, 0xff, 0xff, 0xff, 0xff,
    0xff, 0xff, 0xff, 0xff, 0xff, 0xff, 0xff, 0xfa,
    0x2f, 0xff, 0xff, 0xff, 0xff, 0xff, 0xff, 0xff,
    0xff, 0xff, 0xff, 0xff, 0xff, 0xa3, 0xff, 0xff,
    0xff, 0xff, 0xff, 0xff, 0xff, 0xff, 0xff, 0xff,
    0xff, 0xff, 0xfa, 0x3f, 0xff, 0xff, 0xff, 0xff,
    0xff, 0xff, 0xff, 0xff, 0xff, 0xff, 0xff, 0xff,
    0xa3, 0xff, 0xff, 0xff, 0xff, 0xff, 0xff, 0xff,
    0xff, 0xff, 0xff, 0xff, 0xff, 0xfa,

    /* U+005B "[" */
    0x6f, 0xff, 0xff, 0xff, 0xff, 0xf5, 0x6f, 0xff,
    0xff, 0xff, 0xff, 0xf5, 0x6f, 0xff, 0xff, 0xff,
    0xff, 0xf5, 0x6f, 0xff, 0xff, 0xff, 0xff, 0xf5,
    0x6f, 0xff, 0xff, 0xed, 0xdd, 0xd4, 0x6f, 0xff,
    0xff, 0x70, 0x0, 0x0, 0x6f, 0xff, 0xff, 0x70,
    0x0, 0x0, 0x6f, 0xff, 0xff, 0x70, 0x0, 0x0,
    0x6f, 0xff, 0xff, 0x70, 0x0, 0x0, 0x6f, 0xff,
    0xff, 0x70, 0x0, 0x0, 0x6f, 0xff, 0xff, 0x70,
    0x0, 0x0, 0x6f, 0xff, 0xff, 0x70, 0x0, 0x0,
    0x6f, 0xff, 0xff, 0x70, 0x0, 0x0, 0x6f, 0xff,
    0xff, 0x70, 0x0, 0x0, 0x6f, 0xff, 0xff, 0x70,
    0x0, 0x0, 0x6f, 0xff, 0xff, 0x70, 0x0, 0x0,
    0x6f, 0xff, 0xff, 0x70, 0x0, 0x0, 0x6f, 0xff,
    0xff, 0x70, 0x0, 0x0, 0x6f, 0xff, 0xff, 0x70,
    0x0, 0x0, 0x6f, 0xff, 0xff, 0x70, 0x0, 0x0,
    0x6f, 0xff, 0xff, 0x70, 0x0, 0x0, 0x6f, 0xff,
    0xff, 0x70, 0x0, 0x0, 0x6f, 0xff, 0xff, 0x70,
    0x0, 0x0, 0x6f, 0xff, 0xff, 0x70, 0x0, 0x0,
    0x6f, 0xff, 0xff, 0x70, 0x0, 0x0, 0x6f, 0xff,
    0xff, 0x70, 0x0, 0x0, 0x6f, 0xff, 0xff, 0x70,
    0x0, 0x0, 0x6f, 0xff, 0xff, 0x70, 0x0, 0x0,
    0x6f, 0xff, 0xff, 0x70, 0x0, 0x0, 0x6f, 0xff,
    0xff, 0x70, 0x0, 0x0, 0x6f, 0xff, 0xff, 0x70,
    0x0, 0x0, 0x6f, 0xff, 0xff, 0x70, 0x0, 0x0,
    0x6f, 0xff, 0xff, 0x70, 0x0, 0x0, 0x6f, 0xff,
    0xff, 0x70, 0x0, 0x0, 0x6f, 0xff, 0xff, 0x70,
    0x0, 0x0, 0x6f, 0xff, 0xff, 0x70, 0x0, 0x0,
    0x6f, 0xff, 0xff, 0x70, 0x0, 0x0, 0x6f, 0xff,
    0xff, 0x70, 0x0, 0x0, 0x6f, 0xff, 0xff, 0x70,
    0x0, 0x0, 0x6f, 0xff, 0xff, 0xed, 0xdd, 0xd4,
    0x6f, 0xff, 0xff, 0xff, 0xff, 0xf5, 0x6f, 0xff,
    0xff, 0xff, 0xff, 0xf5, 0x6f, 0xff, 0xff, 0xff,
    0xff, 0xf5, 0x6f, 0xff, 0xff, 0xff, 0xff, 0xf5,

    /* U+005C "\\" */
    0x18, 0x88, 0x88, 0x10, 0x0, 0x0, 0x0, 0x0,
    0x0, 0xe, 0xff, 0xff, 0x60, 0x0, 0x0, 0x0,
    0x0, 0x0, 0xa, 0xff, 0xff, 0xa0, 0x0, 0x0,
    0x0, 0x0, 0x0, 0x6, 0xff, 0xff, 0xe0, 0x0,
    0x0, 0x0, 0x0, 0x0, 0x2, 0xff, 0xff, 0xf3,
    0x0, 0x0, 0x0, 0x0, 0x0, 0x0, 0xef, 0xff,
    0xf7, 0x0, 0x0, 0x0, 0x0, 0x0, 0x0, 0x9f,
    0xff, 0xfb, 0x0, 0x0, 0x0, 0x0, 0x0, 0x0,
    0x5f, 0xff, 0xff, 0x0, 0x0, 0x0, 0x0, 0x0,
    0x0, 0x1f, 0xff, 0xff, 0x40, 0x0, 0x0, 0x0,
    0x0, 0x0, 0xd, 0xff, 0xff, 0x80, 0x0, 0x0,
    0x0, 0x0, 0x0, 0x8, 0xff, 0xff, 0xc0, 0x0,
    0x0, 0x0, 0x0, 0x0, 0x4, 0xff, 0xff, 0xf1,
    0x0, 0x0, 0x0, 0x0, 0x0, 0x0, 0xff, 0xff,
    0xf5, 0x0, 0x0, 0x0, 0x0, 0x0, 0x0, 0xcf,
    0xff, 0xf9, 0x0, 0x0, 0x0, 0x0, 0x0, 0x0,
    0x8f, 0xff, 0xfd, 0x0, 0x0, 0x0, 0x0, 0x0,
    0x0, 0x3f, 0xff, 0xff, 0x10, 0x0, 0x0, 0x0,
    0x0, 0x0, 0xf, 0xff, 0xff, 0x60, 0x0, 0x0,
    0x0, 0x0, 0x0, 0xb, 0xff, 0xff, 0xa0, 0x0,
    0x0, 0x0, 0x0, 0x0, 0x7, 0xff, 0xff, 0xe0,
    0x0, 0x0, 0x0, 0x0, 0x0, 0x2, 0xff, 0xff,
    0xf2, 0x0, 0x0, 0x0, 0x0, 0x0, 0x0, 0xef,
    0xff, 0xf6, 0x0, 0x0, 0x0, 0x0, 0x0, 0x0,
    0xaf, 0xff, 0xfb, 0x0, 0x0, 0x0, 0x0, 0x0,
    0x0, 0x6f, 0xff, 0xff, 0x0, 0x0, 0x0, 0x0,
    0x0, 0x0, 0x1f, 0xff, 0xff, 0x30, 0x0, 0x0,
    0x0, 0x0, 0x0, 0xd, 0xff, 0xff, 0x70, 0x0,
    0x0, 0x0, 0x0, 0x0, 0x9, 0xff, 0xff, 0xc0,
    0x0, 0x0, 0x0, 0x0, 0x0, 0x5, 0xff, 0xff,
    0xf0, 0x0, 0x0, 0x0, 0x0, 0x0, 0x1, 0xff,
    0xff, 0xf4, 0x0, 0x0, 0x0, 0x0, 0x0, 0x0,
    0xcf, 0xff, 0xf8, 0x0, 0x0, 0x0, 0x0, 0x0,
    0x0, 0x8f, 0xff, 0xfd, 0x0, 0x0, 0x0, 0x0,
    0x0, 0x0, 0x4f, 0xff, 0xff, 0x10, 0x0, 0x0,
    0x0, 0x0, 0x0, 0xf, 0xff, 0xff, 0x50, 0x0,
    0x0, 0x0, 0x0, 0x0, 0xb, 0xff, 0xff, 0x90,
    0x0, 0x0, 0x0, 0x0, 0x0, 0x7, 0xff, 0xff,
    0xd0, 0x0, 0x0, 0x0, 0x0, 0x0, 0x3, 0xff,
    0xff, 0xf2, 0x0, 0x0, 0x0, 0x0, 0x0, 0x0,
    0xef, 0xff, 0xf6, 0x0, 0x0, 0x0, 0x0, 0x0,
    0x0, 0xaf, 0xff, 0xfa, 0x0, 0x0, 0x0, 0x0,
    0x0, 0x0, 0x6f, 0xff, 0xfe, 0x0, 0x0, 0x0,
    0x0, 0x0, 0x0, 0x2f, 0xff, 0xff, 0x30, 0x0,
    0x0, 0x0, 0x0, 0x0, 0xe, 0xff, 0xff, 0x70,
    0x0, 0x0, 0x0, 0x0, 0x0, 0x9, 0xff, 0xff,
    0xb0, 0x0, 0x0, 0x0, 0x0, 0x0, 0x5, 0xff,
    0xff, 0xf0, 0x0, 0x0, 0x0, 0x0, 0x0, 0x1,
    0xff, 0xff, 0xf4,

    /* U+005D "]" */
    0x7f, 0xff, 0xff, 0xff, 0xff, 0xf4, 0x7f, 0xff,
    0xff, 0xff, 0xff, 0xf4, 0x7f, 0xff, 0xff, 0xff,
    0xff, 0xf4, 0x7f, 0xff, 0xff, 0xff, 0xff, 0xf4,
    0x5d, 0xdd, 0xde, 0xff, 0xff, 0xf4, 0x0, 0x0,
    0x9, 0xff, 0xff, 0xf4, 0x0, 0x0, 0x9, 0xff,
    0xff, 0xf4, 0x0, 0x0, 0x9, 0xff, 0xff, 0xf4,
    0x0, 0x0, 0x9, 0xff, 0xff, 0xf4, 0x0, 0x0,
    0x9, 0xff, 0xff, 0xf4, 0x0, 0x0, 0x9, 0xff,
    0xff, 0xf4, 0x0, 0x0, 0x9, 0xff, 0xff, 0xf4,
    0x0, 0x0, 0x9, 0xff, 0xff, 0xf4, 0x0, 0x0,
    0x9, 0xff, 0xff, 0xf4, 0x0, 0x0, 0x9, 0xff,
    0xff, 0xf4, 0x0, 0x0, 0x9, 0xff, 0xff, 0xf4,
    0x0, 0x0, 0x9, 0xff, 0xff, 0xf4, 0x0, 0x0,
    0x9, 0xff, 0xff, 0xf4, 0x0, 0x0, 0x9, 0xff,
    0xff, 0xf4, 0x0, 0x0, 0x9, 0xff, 0xff, 0xf4,
    0x0, 0x0, 0x9, 0xff, 0xff, 0xf4, 0x0, 0x0,
    0x9, 0xff, 0xff, 0xf4, 0x0, 0x0, 0x9, 0xff,
    0xff, 0xf4, 0x0, 0x0, 0x9, 0xff, 0xff, 0xf4,
    0x0, 0x0, 0x9, 0xff, 0xff, 0xf4, 0x0, 0x0,
    0x9, 0xff, 0xff, 0xf4, 0x0, 0x0, 0x9, 0xff,
    0xff, 0xf4, 0x0, 0x0, 0x9, 0xff, 0xff, 0xf4,
    0x0, 0x0, 0x9, 0xff, 0xff, 0xf4, 0x0, 0x0,
    0x9, 0xff, 0xff, 0xf4, 0x0, 0x0, 0x9, 0xff,
    0xff, 0xf4, 0x0, 0x0, 0x9, 0xff, 0xff, 0xf4,
    0x0, 0x0, 0x9, 0xff, 0xff, 0xf4, 0x0, 0x0,
    0x9, 0xff, 0xff, 0xf4, 0x0, 0x0, 0x9, 0xff,
    0xff, 0xf4, 0x0, 0x0, 0x9, 0xff, 0xff, 0xf4,
    0x0, 0x0, 0x9, 0xff, 0xff, 0xf4, 0x0, 0x0,
    0x9, 0xff, 0xff, 0xf4, 0x0, 0x0, 0x9, 0xff,
    0xff, 0xf4, 0x5d, 0xdd, 0xde, 0xff, 0xff, 0xf4,
    0x7f, 0xff, 0xff, 0xff, 0xff, 0xf4, 0x7f, 0xff,
    0xff, 0xff, 0xff, 0xf4, 0x7f, 0xff, 0xff, 0xff,
    0xff, 0xf4, 0x7f, 0xff, 0xff, 0xff, 0xff, 0xf4,

    /* U+005E "^" */
    0x0, 0x0, 0x0, 0x6, 0xff, 0xff, 0xf7, 0x0,
    0x0, 0x0, 0x0, 0x0, 0x0, 0x0, 0xdf, 0xff,
    0xff, 0xe0, 0x0, 0x0, 0x0, 0x0, 0x0, 0x0,
    0x5f, 0xff, 0xff, 0xff, 0x70, 0x0, 0x0, 0x0,
    0x0, 0x0, 0xc, 0xff, 0xff, 0xff, 0xfe, 0x0,
    0x0, 0x0, 0x0, 0x0, 0x4, 0xff, 0xff, 0xbf,
    0xff, 0xf6, 0x0, 0x0, 0x0, 0x0, 0x0, 0xcf,
    0xff, 0xe0, 0xdf, 0xff, 0xd0, 0x0, 0x0, 0x0,
    0x0, 0x3f, 0xff, 0xf8, 0x6, 0xff, 0xff, 0x50,
    0x0, 0x0, 0x0, 0xb, 0xff, 0xff, 0x10, 0xe,
    0xff, 0xfd, 0x0, 0x0, 0x0, 0x3, 0xff, 0xff,
    0x90, 0x0, 0x7f, 0xff, 0xf4, 0x0, 0x0, 0x0,
    0xaf, 0xff, 0xf2, 0x0, 0x1, 0xff, 0xff, 0xc0,
    0x0, 0x0, 0x2f, 0xff, 0xfb, 0x0, 0x0, 0x9,
    0xff, 0xff, 0x40, 0x0, 0x9, 0xff, 0xff, 0x40,
    0x0, 0x0, 0x2f, 0xff, 0xfb, 0x0, 0x1, 0xff,
    0xff, 0xd0, 0x0, 0x0, 0x0, 0xbf, 0xff, 0xf3,
    0x0, 0x9f, 0xff, 0xf6, 0x0, 0x0, 0x0, 0x4,
    0xff, 0xff, 0xb0, 0x1f, 0xff, 0xfe, 0x0, 0x0,
    0x0, 0x0, 0xd, 0xff, 0xff, 0x20,

    /* U+005F "_" */
    0xff, 0xff, 0xff, 0xff, 0xff, 0xff, 0xff, 0xff,
    0xff, 0xff, 0xff, 0x8f, 0xff, 0xff, 0xff, 0xff,
    0xff, 0xff, 0xff, 0xff, 0xff, 0xff, 0xf8, 0xff,
    0xff, 0xff, 0xff, 0xff, 0xff, 0xff, 0xff, 0xff,
    0xff, 0xff, 0x8f, 0xff, 0xff, 0xff, 0xff, 0xff,
    0xff, 0xff, 0xff, 0xff, 0xff, 0xf8, 0xff, 0xff,
    0xff, 0xff, 0xff, 0xff, 0xff, 0xff, 0xff, 0xff,
    0xff, 0x80,

    /* U+0060 "`" */
    0x14, 0x44, 0x44, 0x30, 0x0, 0xc, 0xff, 0xff,
    0xe0, 0x0, 0x2, 0xff, 0xff, 0xf6, 0x0, 0x0,
    0x8f, 0xff, 0xfd, 0x0, 0x0, 0xd, 0xff, 0xff,
    0x40, 0x0, 0x3, 0xff, 0xff, 0xc0, 0x0, 0x0,
    0x8f, 0xff, 0xf3, 0x0, 0x0, 0xd, 0xff, 0xfa,

    /* U+0061 "a" */
    0x0, 0x0, 0x0, 0x1, 0x6a, 0xde, 0xff, 0xeb,
    0x83, 0x0, 0x0, 0x0, 0x0, 0x0, 0x2, 0xaf,
    0xff, 0xff, 0xff, 0xff, 0xff, 0xc4, 0x0, 0x0,
    0x0, 0x0, 0x6f, 0xff, 0xff, 0xff, 0xff, 0xff,
    0xff, 0xff, 0x80, 0x0, 0x0, 0x7, 0xff, 0xff,
    0xff, 0xff, 0xff, 0xff, 0xff, 0xff, 0xf7, 0x0,
    0x0, 0x4f, 0xff, 0xff, 0xff, 0xfd, 0xcd, 0xff,
    0xff, 0xff, 0xff, 0x30, 0x0, 0xdf, 0xff, 0xff,
    0xf8, 0x10, 0x0, 0x7, 0xff, 0xff, 0xff, 0xa0,
    0x4, 0xff, 0xff, 0xff, 0x40, 0x0, 0x0, 0x0,
    0x6f, 0xff, 0xff, 0xf0, 0x0, 0x25, 0x9c, 0xf8,
    0x0, 0x0, 0x0, 0x0, 0xf, 0xff, 0xff, 0xf2,
    0x0, 0x0, 0x0, 0x0, 0x0, 0x0, 0x0, 0x0,
    0xc, 0xff, 0xff, 0xf4, 0x0, 0x0, 0x0, 0x0,
    0x0, 0x0, 0x0, 0x0, 0xd, 0xff, 0xff, 0xf5,
    0x0, 0x0, 0x0, 0x0, 0x0, 0x0, 0x0, 0x14,
    0xaf, 0xff, 0xff, 0xf5, 0x0, 0x0, 0x0, 0x0,
    0x36, 0x8a, 0xce, 0xff, 0xff, 0xff, 0xff, 0xf5,
    0x0, 0x0, 0x5, 0xbf, 0xff, 0xff, 0xff, 0xff,
    0xff, 0xff, 0xff, 0xf5, 0x0, 0x4, 0xef, 0xff,
    0xff, 0xff, 0xff, 0xff, 0xff, 0xff, 0xff, 0xf5,
    0x0, 0x6f, 0xff, 0xff, 0xff, 0xff, 0xff, 0xfe,
    0x9c, 0xff, 0xff, 0xf5, 0x3, 0xff, 0xff, 0xff,
    0xff, 0xc9, 0x64, 0x10, 0xb, 0xff, 0xff, 0xf5,
    0xb, 0xff, 0xff, 0xff, 0x81, 0x0, 0x0, 0x0,
    0xb, 0xff, 0xff, 0xf5, 0xf, 0xff, 0xff, 0xf4,
    0x0, 0x0, 0x0, 0x0, 0xb, 0xff, 0xff, 0xf5,
    0x2f, 0xff, 0xff, 0xd0, 0x0, 0x0, 0x0, 0x0,
    0xd, 0xff, 0xff, 0xf5, 0x3f, 0xff, 0xff, 0xb0,
    0x0, 0x0, 0x0, 0x0, 0x2f, 0xff, 0xff, 0xf5,
    0x2f, 0xff, 0xff, 0xd0, 0x0, 0x0, 0x0, 0x0,
    0xcf, 0xff, 0xff, 0xf5, 0xf, 0xff, 0xff, 0xf6,
    0x0, 0x0, 0x0, 0xa, 0xff, 0xff, 0xff, 0xf5,
    0xb, 0xff, 0xff, 0xff, 0xb5, 0x32, 0x37, 0xef,
    0xff, 0xff, 0xff, 0xf5, 0x4, 0xff, 0xff, 0xff,
    0xff, 0xff, 0xff, 0xff, 0xfb, 0xff, 0xff, 0xf5,
    0x0, 0x8f, 0xff, 0xff, 0xff, 0xff, 0xff, 0xff,
    0x78, 0xff, 0xff, 0xf5, 0x0, 0x9, 0xff, 0xff,
    0xff, 0xff, 0xff, 0xf7, 0x8, 0xff, 0xff, 0xf5,
    0x0, 0x0, 0x3b, 0xff, 0xff, 0xff, 0xfc, 0x30,
    0x8, 0xff, 0xff, 0xf5, 0x0, 0x0, 0x0, 0x14,
    0x67, 0x75, 0x10, 0x0, 0x0, 0x0, 0x0, 0x0,

    /* U+0062 "b" */
    0xcf, 0xff, 0xff, 0x50, 0x0, 0x0, 0x0, 0x0,
    0x0, 0x0, 0x0, 0x0, 0xc, 0xff, 0xff, 0xf5,
    0x0, 0x0, 0x0, 0x0, 0x0, 0x0, 0x0, 0x0,
    0x0, 0xcf, 0xff, 0xff, 0x50, 0x0, 0x0, 0x0,
    0x0, 0x0, 0x0, 0x0, 0x0, 0xc, 0xff, 0xff,
    0xf5, 0x0, 0x0, 0x0, 0x0, 0x0, 0x0, 0x0,
    0x0, 0x0, 0xcf, 0xff, 0xff, 0x50, 0x0, 0x0,
    0x0, 0x0, 0x0, 0x0, 0x0, 0x0, 0xc, 0xff,
    0xff, 0xf5, 0x0, 0x0, 0x0, 0x0, 0x0, 0x0,
    0x0, 0x0, 0x0, 0xcf, 0xff, 0xff, 0x50, 0x0,
    0x0, 0x0, 0x0, 0x0, 0x0, 0x0, 0x0, 0xc,
    0xff, 0xff, 0xf5, 0x0, 0x0, 0x0, 0x0, 0x0,
    0x0, 0x0, 0x0, 0x0, 0xcf, 0xff, 0xff, 0x50,
    0x0, 0x0, 0x0, 0x0, 0x0, 0x0, 0x0, 0x0,
    0xc, 0xff, 0xff, 0xf5, 0x0, 0x4, 0xad, 0xff,
    0xeb, 0x61, 0x0, 0x0, 0x0, 0xcf, 0xff, 0xff,
    0x50, 0x1b, 0xff, 0xff, 0xff, 0xff, 0xf7, 0x0,
    0x0, 0xc, 0xff, 0xff, 0xf5, 0x1d, 0xff, 0xff,
    0xff, 0xff, 0xff, 0xfb, 0x0, 0x0, 0xcf, 0xff,
    0xff, 0x5a, 0xff, 0xff, 0xff, 0xff, 0xff, 0xff,
    0xfc, 0x0, 0xc, 0xff, 0xff, 0xfa, 0xff, 0xff,
    0xff, 0xff, 0xff, 0xff, 0xff, 0xf8, 0x0, 0xcf,
    0xff, 0xff, 0xff, 0xfd, 0x63, 0x23, 0x7e, 0xff,
    0xff, 0xff, 0xf2, 0xc, 0xff, 0xff, 0xff, 0xf9,
    0x0, 0x0, 0x0, 0x1b, 0xff, 0xff, 0xff, 0x90,
    0xcf, 0xff, 0xff, 0xfc, 0x0, 0x0, 0x0, 0x0,
    0xe, 0xff, 0xff, 0xff, 0xc, 0xff, 0xff, 0xff,
    0x30, 0x0, 0x0, 0x0, 0x0, 0x5f, 0xff, 0xff,
    0xf4, 0xcf, 0xff, 0xff, 0xc0, 0x0, 0x0, 0x0,
    0x0, 0x0, 0xff, 0xff, 0xff, 0x8c, 0xff, 0xff,
    0xf8, 0x0, 0x0, 0x0, 0x0, 0x0, 0xa, 0xff,
    0xff, 0xfa, 0xcf, 0xff, 0xff, 0x50, 0x0, 0x0,
    0x0, 0x0, 0x0, 0x8f, 0xff, 0xff, 0xcc, 0xff,
    0xff, 0xf4, 0x0, 0x0, 0x0, 0x0, 0x0, 0x6,
    0xff, 0xff, 0xfd, 0xcf, 0xff, 0xff, 0x30, 0x0,
    0x0, 0x0, 0x0, 0x0, 0x6f, 0xff, 0xff, 0xec,
    0xff, 0xff, 0xf4, 0x0, 0x0, 0x0, 0x0, 0x0,
    0x6, 0xff, 0xff, 0xfd, 0xcf, 0xff, 0xff, 0x50,
    0x0, 0x0, 0x0, 0x0, 0x0, 0x8f, 0xff, 0xff,
    0xcc, 0xff, 0xff, 0xf8, 0x0, 0x0, 0x0, 0x0,
    0x0, 0xb, 0xff, 0xff, 0xfa, 0xcf, 0xff, 0xff,
    0xd0, 0x0, 0x0, 0x0, 0x0, 0x0, 0xff, 0xff,
    0xff, 0x8c, 0xff, 0xff, 0xff, 0x30, 0x0, 0x0,
    0x0, 0x0, 0x6f, 0xff, 0xff, 0xf4, 0xcf, 0xff,
    0xff, 0xfc, 0x0, 0x0, 0x0, 0x0, 0x1e, 0xff,
    0xff, 0xff, 0xc, 0xff, 0xff, 0xff, 0xfa, 0x0,
    0x0, 0x0, 0x1c, 0xff, 0xff, 0xff, 0x90, 0xcf,
    0xff, 0xff, 0xff, 0xfd, 0x63, 0x23, 0x7e, 0xff,
    0xff, 0xff, 0xf1, 0xc, 0xff, 0xff, 0xf9, 0xff,
    0xff, 0xff, 0xff, 0xff, 0xff, 0xff, 0xf8, 0x0,
    0xcf, 0xff, 0xff, 0x3b, 0xff, 0xff, 0xff, 0xff,
    0xff, 0xff, 0xfb, 0x0, 0xc, 0xff, 0xff, 0xf3,
    0x1d, 0xff, 0xff, 0xff, 0xff, 0xff, 0xfb, 0x0,
    0x0, 0xcf, 0xff, 0xff, 0x30, 0x1b, 0xff, 0xff,
    0xff, 0xff, 0xf7, 0x0, 0x0, 0xc, 0xff, 0xff,
    0xf3, 0x0, 0x4, 0xad, 0xff, 0xeb, 0x61, 0x0,
    0x0, 0x0,

    /* U+0063 "c" */
    0x0, 0x0, 0x0, 0x1, 0x6a, 0xde, 0xff, 0xdb,
    0x71, 0x0, 0x0, 0x0, 0x0, 0x0, 0x1, 0x8f,
    0xff, 0xff, 0xff, 0xff, 0xff, 0xa2, 0x0, 0x0,
    0x0, 0x0, 0x3e, 0xff, 0xff, 0xff, 0xff, 0xff,
    0xff, 0xff, 0x50, 0x0, 0x0, 0x4, 0xff, 0xff,
    0xff, 0xff, 0xff, 0xff, 0xff, 0xff, 0xf6, 0x0,
    0x0, 0x2f, 0xff, 0xff, 0xff, 0xff, 0xff, 0xff,
    0xff, 0xff, 0xff, 0x30, 0x0, 0xcf, 0xff, 0xff,
    0xfd, 0x62, 0x1, 0x5b, 0xff, 0xff, 0xff, 0xd0,
    0x5, 0xff, 0xff, 0xff, 0xb0, 0x0, 0x0, 0x0,
    0x8f, 0xff, 0xff, 0xf5, 0xc, 0xff, 0xff, 0xfd,
    0x0, 0x0, 0x0, 0x0, 0xb, 0xff, 0xff, 0xfa,
    0x2f, 0xff, 0xff, 0xf5, 0x0, 0x0, 0x0, 0x0,
    0x3, 0xff, 0xfe, 0xa6, 0x6f, 0xff, 0xff, 0xf0,
    0x0, 0x0, 0x0, 0x0, 0x0, 0x74, 0x10, 0x0,
    0x9f, 0xff, 0xff, 0xa0, 0x0, 0x0, 0x0, 0x0,
    0x0, 0x0, 0x0, 0x0, 0xcf, 0xff, 0xff, 0x70,
    0x0, 0x0, 0x0, 0x0, 0x0, 0x0, 0x0, 0x0,
    0xdf, 0xff, 0xff, 0x50, 0x0, 0x0, 0x0, 0x0,
    0x0, 0x0, 0x0, 0x0, 0xef, 0xff, 0xff, 0x50,
    0x0, 0x0, 0x0, 0x0, 0x0, 0x0, 0x0, 0x0,
    0xef, 0xff, 0xff, 0x50, 0x0, 0x0, 0x0, 0x0,
    0x0, 0x0, 0x0, 0x0, 0xdf, 0xff, 0xff, 0x60,
    0x0, 0x0, 0x0, 0x0, 0x0, 0x0, 0x0, 0x0,
    0xbf, 0xff, 0xff, 0x90, 0x0, 0x0, 0x0, 0x0,
    0x0, 0x0, 0x0, 0x0, 0x8f, 0xff, 0xff, 0xd0,
    0x0, 0x0, 0x0, 0x0, 0x0, 0x20, 0x0, 0x0,
    0x4f, 0xff, 0xff, 0xf2, 0x0, 0x0, 0x0, 0x0,
    0x0, 0xff, 0xc9, 0x52, 0xf, 0xff, 0xff, 0xfa,
    0x0, 0x0, 0x0, 0x0, 0x6, 0xff, 0xff, 0xfc,
    0x9, 0xff, 0xff, 0xff, 0x60, 0x0, 0x0, 0x0,
    0x2f, 0xff, 0xff, 0xf8, 0x1, 0xff, 0xff, 0xff,
    0xf6, 0x0, 0x0, 0x3, 0xef, 0xff, 0xff, 0xf1,
    0x0, 0x7f, 0xff, 0xff, 0xff, 0xea, 0x89, 0xcf,
    0xff, 0xff, 0xff, 0x80, 0x0, 0xa, 0xff, 0xff,
    0xff, 0xff, 0xff, 0xff, 0xff, 0xff, 0xfc, 0x0,
    0x0, 0x0, 0xaf, 0xff, 0xff, 0xff, 0xff, 0xff,
    0xff, 0xff, 0xc1, 0x0, 0x0, 0x0, 0x7, 0xff,
    0xff, 0xff, 0xff, 0xff, 0xff, 0xf9, 0x0, 0x0,
    0x0, 0x0, 0x0, 0x18, 0xef, 0xff, 0xff, 0xff,
    0xf9, 0x20, 0x0, 0x0, 0x0, 0x0, 0x0, 0x0,
    0x2, 0x57, 0x77, 0x53, 0x0, 0x0, 0x0, 0x0,

    /* U+0064 "d" */
    0x0, 0x0, 0x0, 0x0, 0x0, 0x0, 0x0, 0x0,
    0x0, 0x5f, 0xff, 0xff, 0xc0, 0x0, 0x0, 0x0,
    0x0, 0x0, 0x0, 0x0, 0x0, 0x5, 0xff, 0xff,
    0xfc, 0x0, 0x0, 0x0, 0x0, 0x0, 0x0, 0x0,
    0x0, 0x0, 0x5f, 0xff, 0xff, 0xc0, 0x0, 0x0,
    0x0, 0x0, 0x0, 0x0, 0x0, 0x0, 0x5, 0xff,
    0xff, 0xfc, 0x0, 0x0, 0x0, 0x0, 0x0, 0x0,
    0x0, 0x0, 0x0, 0x5f, 0xff, 0xff, 0xc0, 0x0,
    0x0, 0x0, 0x0, 0x0, 0x0, 0x0, 0x0, 0x5,
    0xff, 0xff, 0xfc, 0x0, 0x0, 0x0, 0x0, 0x0,
    0x0, 0x0, 0x0, 0x0, 0x5f, 0xff, 0xff, 0xc0,
    0x0, 0x0, 0x0, 0x0, 0x0, 0x0, 0x0, 0x0,
    0x5, 0xff, 0xff, 0xfc, 0x0, 0x0, 0x0, 0x0,
    0x0, 0x0, 0x0, 0x0, 0x0, 0x5f, 0xff, 0xff,
    0xc0, 0x0, 0x0, 0x1, 0x6b, 0xef, 0xfd, 0xa4,
    0x0, 0x5, 0xff, 0xff, 0xfc, 0x0, 0x0, 0x7,
    0xff, 0xff, 0xff, 0xff, 0xfa, 0x10, 0x5f, 0xff,
    0xff, 0xc0, 0x0, 0xc, 0xff, 0xff, 0xff, 0xff,
    0xff, 0xfc, 0x5, 0xff, 0xff, 0xfc, 0x0, 0xc,
    0xff, 0xff, 0xff, 0xff, 0xff, 0xff, 0xf9, 0x5f,
    0xff, 0xff, 0xc0, 0x8, 0xff, 0xff, 0xff, 0xff,
    0xff, 0xff, 0xff, 0xfa, 0xff, 0xff, 0xfc, 0x2,
    0xff, 0xff, 0xff, 0xfe, 0x73, 0x23, 0x7d, 0xff,
    0xff, 0xff, 0xff, 0xc0, 0xaf, 0xff, 0xff, 0xfb,
    0x0, 0x0, 0x0, 0xa, 0xff, 0xff, 0xff, 0xfc,
    0xf, 0xff, 0xff, 0xfd, 0x0, 0x0, 0x0, 0x0,
    0xc, 0xff, 0xff, 0xff, 0xc5, 0xff, 0xff, 0xff,
    0x50, 0x0, 0x0, 0x0, 0x0, 0x3f, 0xff, 0xff,
    0xfc, 0x8f, 0xff, 0xff, 0xe0, 0x0, 0x0, 0x0,
    0x0, 0x0, 0xdf, 0xff, 0xff, 0xcb, 0xff, 0xff,
    0xfa, 0x0, 0x0, 0x0, 0x0, 0x0, 0x8, 0xff,
    0xff, 0xfc, 0xdf, 0xff, 0xff, 0x70, 0x0, 0x0,
    0x0, 0x0, 0x0, 0x5f, 0xff, 0xff, 0xcd, 0xff,
    0xff, 0xf6, 0x0, 0x0, 0x0, 0x0, 0x0, 0x4,
    0xff, 0xff, 0xfc, 0xef, 0xff, 0xff, 0x50, 0x0,
    0x0, 0x0, 0x0, 0x0, 0x3f, 0xff, 0xff, 0xcd,
    0xff, 0xff, 0xf6, 0x0, 0x0, 0x0, 0x0, 0x0,
    0x4, 0xff, 0xff, 0xfc, 0xdf, 0xff, 0xff, 0x70,
    0x0, 0x0, 0x0, 0x0, 0x0, 0x6f, 0xff, 0xff,
    0xcb, 0xff, 0xff, 0xfa, 0x0, 0x0, 0x0, 0x0,
    0x0, 0x9, 0xff, 0xff, 0xfc, 0x8f, 0xff, 0xff,
    0xf0, 0x0, 0x0, 0x0, 0x0, 0x0, 0xdf, 0xff,
    0xff, 0xc4, 0xff, 0xff, 0xff, 0x50, 0x0, 0x0,
    0x0, 0x0, 0x4f, 0xff, 0xff, 0xfc, 0xf, 0xff,
    0xff, 0xfe, 0x10, 0x0, 0x0, 0x0, 0xd, 0xff,
    0xff, 0xff, 0xc0, 0x9f, 0xff, 0xff, 0xfb, 0x10,
    0x0, 0x0, 0xa, 0xff, 0xff, 0xff, 0xfc, 0x2,
    0xff, 0xff, 0xff, 0xfe, 0x73, 0x23, 0x7d, 0xff,
    0xff, 0xff, 0xff, 0xc0, 0x8, 0xff, 0xff, 0xff,
    0xff, 0xff, 0xff, 0xff, 0xf9, 0xff, 0xff, 0xfc,
    0x0, 0xc, 0xff, 0xff, 0xff, 0xff, 0xff, 0xff,
    0xfa, 0x3f, 0xff, 0xff, 0xc0, 0x0, 0xc, 0xff,
    0xff, 0xff, 0xff, 0xff, 0xfc, 0x3, 0xff, 0xff,
    0xfc, 0x0, 0x0, 0x7, 0xff, 0xff, 0xff, 0xff,
    0xfa, 0x10, 0x3f, 0xff, 0xff, 0xc0, 0x0, 0x0,
    0x1, 0x7b, 0xef, 0xfd, 0x94, 0x0, 0x3, 0xff,
    0xff, 0xfc,

    /* U+0065 "e" */
    0x0, 0x0, 0x0, 0x1, 0x6a, 0xdf, 0xfe, 0xda,
    0x50, 0x0, 0x0, 0x0, 0x0, 0x0, 0x0, 0x19,
    0xff, 0xff, 0xff, 0xff, 0xff, 0xe7, 0x0, 0x0,
    0x0, 0x0, 0x0, 0x3e, 0xff, 0xff, 0xff, 0xff,
    0xff, 0xff, 0xfd, 0x20, 0x0, 0x0, 0x0, 0x4f,
    0xff, 0xff, 0xff, 0xff, 0xff, 0xff, 0xff, 0xfe,
    0x20, 0x0, 0x0, 0x2f, 0xff, 0xff, 0xff, 0xff,
    0xef, 0xff, 0xff, 0xff, 0xfd, 0x0, 0x0, 0xc,
    0xff, 0xff, 0xff, 0x82, 0x0, 0x2, 0xaf, 0xff,
    0xff, 0xf8, 0x0, 0x5, 0xff, 0xff, 0xff, 0x30,
    0x0, 0x0, 0x0, 0x6f, 0xff, 0xff, 0xf1, 0x0,
    0xcf, 0xff, 0xff, 0x50, 0x0, 0x0, 0x0, 0x0,
    0xaf, 0xff, 0xff, 0x70, 0x2f, 0xff, 0xff, 0xd0,
    0x0, 0x0, 0x0, 0x0, 0x2, 0xff, 0xff, 0xfc,
    0x6, 0xff, 0xff, 0xf7, 0x0, 0x0, 0x0, 0x0,
    0x0, 0xd, 0xff, 0xff, 0xf0, 0x9f, 0xff, 0xff,
    0x40, 0x0, 0x0, 0x0, 0x0, 0x0, 0x9f, 0xff,
    0xff, 0x3c, 0xff, 0xff, 0xff, 0xff, 0xff, 0xff,
    0xff, 0xff, 0xff, 0xff, 0xff, 0xf4, 0xdf, 0xff,
    0xff, 0xff, 0xff, 0xff, 0xff, 0xff, 0xff, 0xff,
    0xff, 0xff, 0x5e, 0xff, 0xff, 0xff, 0xff, 0xff,
    0xff, 0xff, 0xff, 0xff, 0xff, 0xff, 0xf6, 0xef,
    0xff, 0xff, 0xff, 0xff, 0xff, 0xff, 0xff, 0xff,
    0xff, 0xff, 0xff, 0x6d, 0xff, 0xff, 0xf5, 0x33,
    0x33, 0x33, 0x33, 0x33, 0x33, 0x33, 0x33, 0x31,
    0xbf, 0xff, 0xff, 0x40, 0x0, 0x0, 0x0, 0x0,
    0x0, 0x0, 0x0, 0x0, 0x8, 0xff, 0xff, 0xf7,
    0x0, 0x0, 0x0, 0x0, 0x0, 0x0, 0x0, 0x0,
    0x0, 0x4f, 0xff, 0xff, 0xc0, 0x0, 0x0, 0x0,
    0x0, 0x0, 0x0, 0x0, 0x0, 0x0, 0xff, 0xff,
    0xff, 0x30, 0x0, 0x0, 0x0, 0x0, 0xb, 0xa7,
    0x30, 0x0, 0x9, 0xff, 0xff, 0xfd, 0x10, 0x0,
    0x0, 0x0, 0x6, 0xff, 0xff, 0xfb, 0x0, 0x2f,
    0xff, 0xff, 0xfd, 0x30, 0x0, 0x0, 0x6, 0xff,
    0xff, 0xff, 0x80, 0x0, 0x7f, 0xff, 0xff, 0xff,
    0xc7, 0x66, 0x8e, 0xff, 0xff, 0xff, 0xe1, 0x0,
    0x0, 0xbf, 0xff, 0xff, 0xff, 0xff, 0xff, 0xff,
    0xff, 0xff, 0xf4, 0x0, 0x0, 0x0, 0xbf, 0xff,
    0xff, 0xff, 0xff, 0xff, 0xff, 0xff, 0xf6, 0x0,
    0x0, 0x0, 0x0, 0x7f, 0xff, 0xff, 0xff, 0xff,
    0xff, 0xff, 0xd3, 0x0, 0x0, 0x0, 0x0, 0x0,
    0x18, 0xdf, 0xff, 0xff, 0xff, 0xfc, 0x60, 0x0,
    0x0, 0x0, 0x0, 0x0, 0x0, 0x0, 0x25, 0x67,
    0x76, 0x41, 0x0, 0x0, 0x0, 0x0,

    /* U+0066 "f" */
    0x0, 0x0, 0x0, 0x0, 0x0, 0x0, 0x12, 0x10,
    0x0, 0x0, 0x0, 0x0, 0x0, 0x0, 0x5b, 0xff,
    0xff, 0xfd, 0x90, 0x0, 0x0, 0x0, 0x2, 0xcf,
    0xff, 0xff, 0xff, 0xfd, 0x0, 0x0, 0x0, 0x1,
    0xef, 0xff, 0xff, 0xff, 0xff, 0x90, 0x0, 0x0,
    0x0, 0xbf, 0xff, 0xff, 0xff, 0xff, 0xf5, 0x0,
    0x0, 0x0, 0x3f, 0xff, 0xff, 0xff, 0xff, 0xff,
    0x10, 0x0, 0x0, 0x7, 0xff, 0xff, 0xff, 0x82,
    0x1, 0x30, 0x0, 0x0, 0x0, 0xaf, 0xff, 0xff,
    0xb0, 0x0, 0x0, 0x0, 0x0, 0x0, 0xb, 0xff,
    0xff, 0xf6, 0x0, 0x0, 0x0, 0x0, 0x0, 0x0,
    0xbf, 0xff, 0xff, 0x50, 0x0, 0x0, 0x0, 0x0,
    0x0, 0xb, 0xff, 0xff, 0xf5, 0x0, 0x0, 0x0,
    0x8, 0xff, 0xff, 0xff, 0xff, 0xff, 0xff, 0xff,
    0xff, 0x0, 0x8f, 0xff, 0xff, 0xff, 0xff, 0xff,
    0xff, 0xff, 0xf0, 0x8, 0xff, 0xff, 0xff, 0xff,
    0xff, 0xff, 0xff, 0xff, 0x0, 0x8f, 0xff, 0xff,
    0xff, 0xff, 0xff, 0xff, 0xff, 0xf0, 0x7, 0xee,
    0xee, 0xff, 0xff, 0xff, 0xee, 0xee, 0xee, 0x0,
    0x0, 0x0, 0xb, 0xff, 0xff, 0xf5, 0x0, 0x0,
    0x0, 0x0, 0x0, 0x0, 0xbf, 0xff, 0xff, 0x50,
    0x0, 0x0, 0x0, 0x0, 0x0, 0xb, 0xff, 0xff,
    0xf5, 0x0, 0x0, 0x0, 0x0, 0x0, 0x0, 0xbf,
    0xff, 0xff, 0x50, 0x0, 0x0, 0x0, 0x0, 0x0,
    0xb, 0xff, 0xff, 0xf5, 0x0, 0x0, 0x0, 0x0,
    0x0, 0x0, 0xbf, 0xff, 0xff, 0x50, 0x0, 0x0,
    0x0, 0x0, 0x0, 0xb, 0xff, 0xff, 0xf5, 0x0,
    0x0, 0x0, 0x0, 0x0, 0x0, 0xbf, 0xff, 0xff,
    0x50, 0x0, 0x0, 0x0, 0x0, 0x0, 0xb, 0xff,
    0xff, 0xf5, 0x0, 0x0, 0x0, 0x0, 0x0, 0x0,
    0xbf, 0xff, 0xff, 0x50, 0x0, 0x0, 0x0, 0x0,
    0x0, 0xb, 0xff, 0xff, 0xf5, 0x0, 0x0, 0x0,
    0x0, 0x0, 0x0, 0xbf, 0xff, 0xff, 0x50, 0x0,
    0x0, 0x0, 0x0, 0x0, 0xb, 0xff, 0xff, 0xf5,
    0x0, 0x0, 0x0, 0x0, 0x0, 0x0, 0xbf, 0xff,
    0xff, 0x50, 0x0, 0x0, 0x0, 0x0, 0x0, 0xb,
    0xff, 0xff, 0xf5, 0x0, 0x0, 0x0, 0x0, 0x0,
    0x0, 0xbf, 0xff, 0xff, 0x50, 0x0, 0x0, 0x0,
    0x0, 0x0, 0xb, 0xff, 0xff, 0xf5, 0x0, 0x0,
    0x0, 0x0, 0x0, 0x0, 0xbf, 0xff, 0xff, 0x50,
    0x0, 0x0, 0x0, 0x0, 0x0, 0xb, 0xff, 0xff,
    0xf5, 0x0, 0x0, 0x0, 0x0, 0x0, 0x0, 0xbf,
    0xff, 0xff, 0x50, 0x0, 0x0, 0x0, 0x0, 0x0,
    0xb, 0xff, 0xff, 0xf5, 0x0, 0x0, 0x0, 0x0,
    0x0, 0x0, 0xbf, 0xff, 0xff, 0x50, 0x0, 0x0,
    0x0,

    /* U+0067 "g" */
    0x0, 0x0, 0x0, 0x6, 0xbe, 0xff, 0xda, 0x40,
    0x0, 0x3f, 0xff, 0xff, 0xc0, 0x0, 0x0, 0x6e,
    0xff, 0xff, 0xff, 0xff, 0xb1, 0x3, 0xff, 0xff,
    0xfc, 0x0, 0x0, 0xaf, 0xff, 0xff, 0xff, 0xff,
    0xff, 0xd1, 0x3f, 0xff, 0xff, 0xc0, 0x0, 0xbf,
    0xff, 0xff, 0xff, 0xff, 0xff, 0xff, 0xb3, 0xff,
    0xff, 0xfc, 0x0, 0x7f, 0xff, 0xff, 0xff, 0xff,
    0xff, 0xff, 0xff, 0x9f, 0xff, 0xff, 0xc0, 0x1f,
    0xff, 0xff, 0xff, 0xe7, 0x32, 0x36, 0xdf, 0xff,
    0xff, 0xff, 0xfc, 0x8, 0xff, 0xff, 0xff, 0xc1,
    0x0, 0x0, 0x0, 0xaf, 0xff, 0xff, 0xff, 0xc0,
    0xef, 0xff, 0xff, 0xe1, 0x0, 0x0, 0x0, 0x0,
    0xcf, 0xff, 0xff, 0xfc, 0x3f, 0xff, 0xff, 0xf6,
    0x0, 0x0, 0x0, 0x0, 0x4, 0xff, 0xff, 0xff,
    0xc7, 0xff, 0xff, 0xff, 0x0, 0x0, 0x0, 0x0,
    0x0, 0xd, 0xff, 0xff, 0xfc, 0xaf, 0xff, 0xff,
    0xb0, 0x0, 0x0, 0x0, 0x0, 0x0, 0x8f, 0xff,
    0xff, 0xcc, 0xff, 0xff, 0xf8, 0x0, 0x0, 0x0,
    0x0, 0x0, 0x6, 0xff, 0xff, 0xfc, 0xdf, 0xff,
    0xff, 0x60, 0x0, 0x0, 0x0, 0x0, 0x0, 0x4f,
    0xff, 0xff, 0xce, 0xff, 0xff, 0xf5, 0x0, 0x0,
    0x0, 0x0, 0x0, 0x3, 0xff, 0xff, 0xfc, 0xef,
    0xff, 0xff, 0x50, 0x0, 0x0, 0x0, 0x0, 0x0,
    0x3f, 0xff, 0xff, 0xcd, 0xff, 0xff, 0xf6, 0x0,
    0x0, 0x0, 0x0, 0x0, 0x4, 0xff, 0xff, 0xfc,
    0xbf, 0xff, 0xff, 0x90, 0x0, 0x0, 0x0, 0x0,
    0x0, 0x7f, 0xff, 0xff, 0xc9, 0xff, 0xff, 0xfd,
    0x0, 0x0, 0x0, 0x0, 0x0, 0xb, 0xff, 0xff,
    0xfc, 0x6f, 0xff, 0xff, 0xf3, 0x0, 0x0, 0x0,
    0x0, 0x1, 0xff, 0xff, 0xff, 0xc1, 0xff, 0xff,
    0xff, 0xb0, 0x0, 0x0, 0x0, 0x0, 0x9f, 0xff,
    0xff, 0xfc, 0xb, 0xff, 0xff, 0xff, 0x80, 0x0,
    0x0, 0x0, 0x6f, 0xff, 0xff, 0xff, 0xc0, 0x4f,
    0xff, 0xff, 0xff, 0xb3, 0x0, 0x3, 0xaf, 0xff,
    0xff, 0xff, 0xfc, 0x0, 0xaf, 0xff, 0xff, 0xff,
    0xff, 0xef, 0xff, 0xff, 0xcf, 0xff, 0xff, 0xc0,
    0x1, 0xdf, 0xff, 0xff, 0xff, 0xff, 0xff, 0xff,
    0xb3, 0xff, 0xff, 0xfc, 0x0, 0x1, 0xdf, 0xff,
    0xff, 0xff, 0xff, 0xff, 0xe1, 0x3f, 0xff, 0xff,
    0xc0, 0x0, 0x0, 0x8f, 0xff, 0xff, 0xff, 0xff,
    0xc1, 0x3, 0xff, 0xff, 0xfc, 0x0, 0x0, 0x0,
    0x17, 0xbe, 0xff, 0xda, 0x50, 0x0, 0x3f, 0xff,
    0xff, 0xc0, 0x0, 0x0, 0x0, 0x0, 0x0, 0x0,
    0x0, 0x0, 0x4, 0xff, 0xff, 0xfb, 0x0, 0x0,
    0x0, 0x0, 0x0, 0x0, 0x0, 0x0, 0x0, 0x6f,
    0xff, 0xff, 0xa0, 0x0, 0x0, 0x54, 0x0, 0x0,
    0x0, 0x0, 0x0, 0xb, 0xff, 0xff, 0xf7, 0x1,
    0x6b, 0xff, 0xf4, 0x0, 0x0, 0x0, 0x0, 0x6,
    0xff, 0xff, 0xff, 0x20, 0xaf, 0xff, 0xff, 0xf8,
    0x10, 0x0, 0x0, 0x3a, 0xff, 0xff, 0xff, 0xb0,
    0x2, 0xff, 0xff, 0xff, 0xff, 0xec, 0xbc, 0xef,
    0xff, 0xff, 0xff, 0xf2, 0x0, 0x5, 0xff, 0xff,
    0xff, 0xff, 0xff, 0xff, 0xff, 0xff, 0xff, 0xf5,
    0x0, 0x0, 0x4, 0xef, 0xff, 0xff, 0xff, 0xff,
    0xff, 0xff, 0xff, 0xe4, 0x0, 0x0, 0x0, 0x1,
    0x9f, 0xff, 0xff, 0xff, 0xff, 0xff, 0xff, 0x81,
    0x0, 0x0, 0x0, 0x0, 0x0, 0x15, 0x9c, 0xef,
    0xff, 0xec, 0x95, 0x0, 0x0, 0x0, 0x0,

    /* U+0068 "h" */
    0xcf, 0xff, 0xff, 0x30, 0x0, 0x0, 0x0, 0x0,
    0x0, 0x0, 0x0, 0x0, 0xcf, 0xff, 0xff, 0x30,
    0x0, 0x0, 0x0, 0x0, 0x0, 0x0, 0x0, 0x0,
    0xcf, 0xff, 0xff, 0x30, 0x0, 0x0, 0x0, 0x0,
    0x0, 0x0, 0x0, 0x0, 0xcf, 0xff, 0xff, 0x30,
    0x0, 0x0, 0x0, 0x0, 0x0, 0x0, 0x0, 0x0,
    0xcf, 0xff, 0xff, 0x30, 0x0, 0x0, 0x0, 0x0,
    0x0, 0x0, 0x0, 0x0, 0xcf, 0xff, 0xff, 0x30,
    0x0, 0x0, 0x0, 0x0, 0x0, 0x0, 0x0, 0x0,
    0xcf, 0xff, 0xff, 0x30, 0x0, 0x0, 0x0, 0x0,
    0x0, 0x0, 0x0, 0x0, 0xcf, 0xff, 0xff, 0x30,
    0x0, 0x0, 0x0, 0x0, 0x0, 0x0, 0x0, 0x0,
    0xcf, 0xff, 0xff, 0x30, 0x0, 0x0, 0x0, 0x0,
    0x0, 0x0, 0x0, 0x0, 0xcf, 0xff, 0xff, 0x30,
    0x0, 0x49, 0xdf, 0xfe, 0xb6, 0x0, 0x0, 0x0,
    0xcf, 0xff, 0xff, 0x30, 0x1b, 0xff, 0xff, 0xff,
    0xff, 0xe6, 0x0, 0x0, 0xcf, 0xff, 0xff, 0x31,
    0xdf, 0xff, 0xff, 0xff, 0xff, 0xff, 0x80, 0x0,
    0xcf, 0xff, 0xff, 0x3b, 0xff, 0xff, 0xff, 0xff,
    0xff, 0xff, 0xf5, 0x0, 0xcf, 0xff, 0xff, 0x9f,
    0xff, 0xff, 0xff, 0xff, 0xff, 0xff, 0xfe, 0x0,
    0xcf, 0xff, 0xff, 0xff, 0xfc, 0x74, 0x57, 0xdf,
    0xff, 0xff, 0xff, 0x60, 0xcf, 0xff, 0xff, 0xff,
    0x60, 0x0, 0x0, 0xa, 0xff, 0xff, 0xff, 0xb0,
    0xcf, 0xff, 0xff, 0xf6, 0x0, 0x0, 0x0, 0x0,
    0xdf, 0xff, 0xff, 0xe0, 0xcf, 0xff, 0xff, 0xd0,
    0x0, 0x0, 0x0, 0x0, 0x5f, 0xff, 0xff, 0xf0,
    0xcf, 0xff, 0xff, 0x80, 0x0, 0x0, 0x0, 0x0,
    0x1f, 0xff, 0xff, 0xf1, 0xcf, 0xff, 0xff, 0x60,
    0x0, 0x0, 0x0, 0x0, 0xf, 0xff, 0xff, 0xf2,
    0xcf, 0xff, 0xff, 0x50, 0x0, 0x0, 0x0, 0x0,
    0xf, 0xff, 0xff, 0xf2, 0xcf, 0xff, 0xff, 0x50,
    0x0, 0x0, 0x0, 0x0, 0xf, 0xff, 0xff, 0xf2,
    0xcf, 0xff, 0xff, 0x50, 0x0, 0x0, 0x0, 0x0,
    0xf, 0xff, 0xff, 0xf2, 0xcf, 0xff, 0xff, 0x50,
    0x0, 0x0, 0x0, 0x0, 0xf, 0xff, 0xff, 0xf2,
    0xcf, 0xff, 0xff, 0x50, 0x0, 0x0, 0x0, 0x0,
    0xf, 0xff, 0xff, 0xf2, 0xcf, 0xff, 0xff, 0x50,
    0x0, 0x0, 0x0, 0x0, 0xf, 0xff, 0xff, 0xf2,
    0xcf, 0xff, 0xff, 0x50, 0x0, 0x0, 0x0, 0x0,
    0xf, 0xff, 0xff, 0xf2, 0xcf, 0xff, 0xff, 0x50,
    0x0, 0x0, 0x0, 0x0, 0xf, 0xff, 0xff, 0xf2,
    0xcf, 0xff, 0xff, 0x50, 0x0, 0x0, 0x0, 0x0,
    0xf, 0xff, 0xff, 0xf2, 0xcf, 0xff, 0xff, 0x50,
    0x0, 0x0, 0x0, 0x0, 0xf, 0xff, 0xff, 0xf2,
    0xcf, 0xff, 0xff, 0x50, 0x0, 0x0, 0x0, 0x0,
    0xf, 0xff, 0xff, 0xf2, 0xcf, 0xff, 0xff, 0x50,
    0x0, 0x0, 0x0, 0x0, 0xf, 0xff, 0xff, 0xf2,
    0xcf, 0xff, 0xff, 0x50, 0x0, 0x0, 0x0, 0x0,
    0xf, 0xff, 0xff, 0xf2, 0xcf, 0xff, 0xff, 0x50,
    0x0, 0x0, 0x0, 0x0, 0xf, 0xff, 0xff, 0xf2,
    0xcf, 0xff, 0xff, 0x50, 0x0, 0x0, 0x0, 0x0,
    0xf, 0xff, 0xff, 0xf2, 0xcf, 0xff, 0xff, 0x50,
    0x0, 0x0, 0x0, 0x0, 0xf, 0xff, 0xff, 0xf2,

    /* U+0069 "i" */
    0x0, 0x7d, 0xfb, 0x30, 0x9, 0xff, 0xff, 0xf3,
    0x1f, 0xff, 0xff, 0xfb, 0x3f, 0xff, 0xff, 0xfd,
    0x1f, 0xff, 0xff, 0xfa, 0x7, 0xff, 0xff, 0xe2,
    0x0, 0x4a, 0xb8, 0x10, 0x0, 0x0, 0x0, 0x0,
    0x0, 0x0, 0x0, 0x0, 0x0, 0x0, 0x0, 0x0,
    0xc, 0xff, 0xff, 0xf5, 0xc, 0xff, 0xff, 0xf5,
    0xc, 0xff, 0xff, 0xf5, 0xc, 0xff, 0xff, 0xf5,
    0xc, 0xff, 0xff, 0xf5, 0xc, 0xff, 0xff, 0xf5,
    0xc, 0xff, 0xff, 0xf5, 0xc, 0xff, 0xff, 0xf5,
    0xc, 0xff, 0xff, 0xf5, 0xc, 0xff, 0xff, 0xf5,
    0xc, 0xff, 0xff, 0xf5, 0xc, 0xff, 0xff, 0xf5,
    0xc, 0xff, 0xff, 0xf5, 0xc, 0xff, 0xff, 0xf5,
    0xc, 0xff, 0xff, 0xf5, 0xc, 0xff, 0xff, 0xf5,
    0xc, 0xff, 0xff, 0xf5, 0xc, 0xff, 0xff, 0xf5,
    0xc, 0xff, 0xff, 0xf5, 0xc, 0xff, 0xff, 0xf5,
    0xc, 0xff, 0xff, 0xf5, 0xc, 0xff, 0xff, 0xf5,
    0xc, 0xff, 0xff, 0xf5, 0xc, 0xff, 0xff, 0xf5,
    0xc, 0xff, 0xff, 0xf5, 0xc, 0xff, 0xff, 0xf5,
    0xc, 0xff, 0xff, 0xf5,

    /* U+006A "j" */
    0x0, 0x0, 0x7, 0xdf, 0xb3, 0x0, 0x0, 0xa,
    0xff, 0xff, 0xf3, 0x0, 0x2, 0xff, 0xff, 0xff,
    0xa0, 0x0, 0x4f, 0xff, 0xff, 0xfc, 0x0, 0x1,
    0xff, 0xff, 0xff, 0x90, 0x0, 0x7, 0xff, 0xff,
    0xe1, 0x0, 0x0, 0x4, 0xab, 0x81, 0x0, 0x0,
    0x0, 0x0, 0x0, 0x0, 0x0, 0x0, 0x0, 0x0,
    0x0, 0x0, 0x0, 0x0, 0x0, 0x0, 0x0, 0x0,
    0x0, 0xcf, 0xff, 0xff, 0x50, 0x0, 0xc, 0xff,
    0xff, 0xf5, 0x0, 0x0, 0xcf, 0xff, 0xff, 0x50,
    0x0, 0xc, 0xff, 0xff, 0xf5, 0x0, 0x0, 0xcf,
    0xff, 0xff, 0x50, 0x0, 0xc, 0xff, 0xff, 0xf5,
    0x0, 0x0, 0xcf, 0xff, 0xff, 0x50, 0x0, 0xc,
    0xff, 0xff, 0xf5, 0x0, 0x0, 0xcf, 0xff, 0xff,
    0x50, 0x0, 0xc, 0xff, 0xff, 0xf5, 0x0, 0x0,
    0xcf, 0xff, 0xff, 0x50, 0x0, 0xc, 0xff, 0xff,
    0xf5, 0x0, 0x0, 0xcf, 0xff, 0xff, 0x50, 0x0,
    0xc, 0xff, 0xff, 0xf5, 0x0, 0x0, 0xcf, 0xff,
    0xff, 0x50, 0x0, 0xc, 0xff, 0xff, 0xf5, 0x0,
    0x0, 0xcf, 0xff, 0xff, 0x50, 0x0, 0xc, 0xff,
    0xff, 0xf5, 0x0, 0x0, 0xcf, 0xff, 0xff, 0x50,
    0x0, 0xc, 0xff, 0xff, 0xf5, 0x0, 0x0, 0xcf,
    0xff, 0xff, 0x50, 0x0, 0xc, 0xff, 0xff, 0xf5,
    0x0, 0x0, 0xcf, 0xff, 0xff, 0x50, 0x0, 0xc,
    0xff, 0xff, 0xf5, 0x0, 0x0, 0xcf, 0xff, 0xff,
    0x50, 0x0, 0xc, 0xff, 0xff, 0xf5, 0x0, 0x0,
    0xcf, 0xff, 0xff, 0x50, 0x0, 0xc, 0xff, 0xff,
    0xf5, 0x0, 0x0, 0xcf, 0xff, 0xff, 0x50, 0x0,
    0xe, 0xff, 0xff, 0xf4, 0x0, 0x3, 0xff, 0xff,
    0xff, 0x21, 0x15, 0xef, 0xff, 0xff, 0xe0, 0xff,
    0xff, 0xff, 0xff, 0xf9, 0xf, 0xff, 0xff, 0xff,
    0xff, 0x20, 0xff, 0xff, 0xff, 0xff, 0x50, 0xf,
    0xff, 0xff, 0xfd, 0x30, 0x0, 0xff, 0xed, 0x94,
    0x0, 0x0, 0x0,

    /* U+006B "k" */
    0xcf, 0xff, 0xff, 0x50, 0x0, 0x0, 0x0, 0x0,
    0x0, 0x0, 0x0, 0x0, 0xcf, 0xff, 0xff, 0x50,
    0x0, 0x0, 0x0, 0x0, 0x0, 0x0, 0x0, 0x0,
    0xcf, 0xff, 0xff, 0x50, 0x0, 0x0, 0x0, 0x0,
    0x0, 0x0, 0x0, 0x0, 0xcf, 0xff, 0xff, 0x50,
    0x0, 0x0, 0x0, 0x0, 0x0, 0x0, 0x0, 0x0,
    0xcf, 0xff, 0xff, 0x50, 0x0, 0x0, 0x0, 0x0,
    0x0, 0x0, 0x0, 0x0, 0xcf, 0xff, 0xff, 0x50,
    0x0, 0x0, 0x0, 0x0, 0x0, 0x0, 0x0, 0x0,
    0xcf, 0xff, 0xff, 0x50, 0x0, 0x0, 0x0, 0x0,
    0x0, 0x0, 0x0, 0x0, 0xcf, 0xff, 0xff, 0x50,
    0x0, 0x0, 0x0, 0x0, 0x0, 0x0, 0x0, 0x0,
    0xcf, 0xff, 0xff, 0x50, 0x0, 0x0, 0x0, 0x0,
    0x0, 0x0, 0x0, 0x0, 0xcf, 0xff, 0xff, 0x50,
    0x0, 0x0, 0x0, 0x3, 0xff, 0xff, 0xff, 0xd1,
    0xcf, 0xff, 0xff, 0x50, 0x0, 0x0, 0x0, 0x2e,
    0xff, 0xff, 0xfe, 0x20, 0xcf, 0xff, 0xff, 0x50,
    0x0, 0x0, 0x1, 0xdf, 0xff, 0xff, 0xf3, 0x0,
    0xcf, 0xff, 0xff, 0x50, 0x0, 0x0, 0xc, 0xff,
    0xff, 0xff, 0x50, 0x0, 0xcf, 0xff, 0xff, 0x50,
    0x0, 0x0, 0xaf, 0xff, 0xff, 0xf7, 0x0, 0x0,
    0xcf, 0xff, 0xff, 0x50, 0x0, 0x8, 0xff, 0xff,
    0xff, 0x90, 0x0, 0x0, 0xcf, 0xff, 0xff, 0x50,
    0x0, 0x6f, 0xff, 0xff, 0xfb, 0x0, 0x0, 0x0,
    0xcf, 0xff, 0xff, 0x50, 0x4, 0xff, 0xff, 0xff,
    0xc0, 0x0, 0x0, 0x0, 0xcf, 0xff, 0xff, 0x50,
    0x3f, 0xff, 0xff, 0xfe, 0x10, 0x0, 0x0, 0x0,
    0xcf, 0xff, 0xff, 0x51, 0xef, 0xff, 0xff, 0xf2,
    0x0, 0x0, 0x0, 0x0, 0xcf, 0xff, 0xff, 0x6d,
    0xff, 0xff, 0xff, 0x40, 0x0, 0x0, 0x0, 0x0,
    0xcf, 0xff, 0xff, 0xff, 0xff, 0xff, 0xf7, 0x0,
    0x0, 0x0, 0x0, 0x0, 0xcf, 0xff, 0xff, 0xff,
    0xff, 0xff, 0xfc, 0x0, 0x0, 0x0, 0x0, 0x0,
    0xcf, 0xff, 0xff, 0xff, 0xff, 0xff, 0xff, 0x80,
    0x0, 0x0, 0x0, 0x0, 0xcf, 0xff, 0xff, 0xff,
    0xff, 0xff, 0xff, 0xf3, 0x0, 0x0, 0x0, 0x0,
    0xcf, 0xff, 0xff, 0xff, 0xbf, 0xff, 0xff, 0xfd,
    0x0, 0x0, 0x0, 0x0, 0xcf, 0xff, 0xff, 0xf9,
    0xa, 0xff, 0xff, 0xff, 0x90, 0x0, 0x0, 0x0,
    0xcf, 0xff, 0xff, 0xb0, 0x1, 0xef, 0xff, 0xff,
    0xf4, 0x0, 0x0, 0x0, 0xcf, 0xff, 0xff, 0x50,
    0x0, 0x4f, 0xff, 0xff, 0xfe, 0x10, 0x0, 0x0,
    0xcf, 0xff, 0xff, 0x50, 0x0, 0x9, 0xff, 0xff,
    0xff, 0xb0, 0x0, 0x0, 0xcf, 0xff, 0xff, 0x50,
    0x0, 0x0, 0xdf, 0xff, 0xff, 0xf6, 0x0, 0x0,
    0xcf, 0xff, 0xff, 0x50, 0x0, 0x0, 0x3f, 0xff,
    0xff, 0xff, 0x20, 0x0, 0xcf, 0xff, 0xff, 0x50,
    0x0, 0x0, 0x7, 0xff, 0xff, 0xff, 0xc0, 0x0,
    0xcf, 0xff, 0xff, 0x50, 0x0, 0x0, 0x0, 0xcf,
    0xff, 0xff, 0xf8, 0x0, 0xcf, 0xff, 0xff, 0x50,
    0x0, 0x0, 0x0, 0x2f, 0xff, 0xff, 0xff, 0x30,
    0xcf, 0xff, 0xff, 0x50, 0x0, 0x0, 0x0, 0x6,
    0xff, 0xff, 0xff, 0xd0, 0xcf, 0xff, 0xff, 0x50,
    0x0, 0x0, 0x0, 0x0, 0xaf, 0xff, 0xff, 0xfa,

    /* U+006C "l" */
    0xcf, 0xff, 0xff, 0x5c, 0xff, 0xff, 0xf5, 0xcf,
    0xff, 0xff, 0x5c, 0xff, 0xff, 0xf5, 0xcf, 0xff,
    0xff, 0x5c, 0xff, 0xff, 0xf5, 0xcf, 0xff, 0xff,
    0x5c, 0xff, 0xff, 0xf5, 0xcf, 0xff, 0xff, 0x5c,
    0xff, 0xff, 0xf5, 0xcf, 0xff, 0xff, 0x5c, 0xff,
    0xff, 0xf5, 0xcf, 0xff, 0xff, 0x5c, 0xff, 0xff,
    0xf5, 0xcf, 0xff, 0xff, 0x5c, 0xff, 0xff, 0xf5,
    0xcf, 0xff, 0xff, 0x5c, 0xff, 0xff, 0xf5, 0xcf,
    0xff, 0xff, 0x5c, 0xff, 0xff, 0xf5, 0xcf, 0xff,
    0xff, 0x5c, 0xff, 0xff, 0xf5, 0xcf, 0xff, 0xff,
    0x5c, 0xff, 0xff, 0xf5, 0xcf, 0xff, 0xff, 0x5c,
    0xff, 0xff, 0xf5, 0xcf, 0xff, 0xff, 0x5c, 0xff,
    0xff, 0xf5, 0xcf, 0xff, 0xff, 0x5c, 0xff, 0xff,
    0xf5, 0xcf, 0xff, 0xff, 0x5c, 0xff, 0xff, 0xf5,
    0xcf, 0xff, 0xff, 0x5c, 0xff, 0xff, 0xf5, 0xcf,
    0xff, 0xff, 0x5c, 0xff, 0xff, 0xf5,

    /* U+006D "m" */
    0xcf, 0xff, 0xff, 0x0, 0x0, 0x5b, 0xef, 0xeb,
    0x50, 0x0, 0x0, 0x0, 0x17, 0xbe, 0xfe, 0xc8,
    0x20, 0x0, 0xc, 0xff, 0xff, 0xf0, 0x2, 0xcf,
    0xff, 0xff, 0xff, 0xb0, 0x0, 0x0, 0x6f, 0xff,
    0xff, 0xff, 0xff, 0x80, 0x0, 0xcf, 0xff, 0xff,
    0x2, 0xef, 0xff, 0xff, 0xff, 0xff, 0xb0, 0x0,
    0x9f, 0xff, 0xff, 0xff, 0xff, 0xff, 0xb0, 0xc,
    0xff, 0xff, 0xf1, 0xdf, 0xff, 0xff, 0xff, 0xff,
    0xff, 0x50, 0x7f, 0xff, 0xff, 0xff, 0xff, 0xff,
    0xff, 0x80, 0xcf, 0xff, 0xff, 0x8f, 0xff, 0xff,
    0xff, 0xff, 0xff, 0xfd, 0x2f, 0xff, 0xff, 0xff,
    0xff, 0xff, 0xff, 0xff, 0x1c, 0xff, 0xff, 0xff,
    0xff, 0x95, 0x57, 0xdf, 0xff, 0xff, 0xfb, 0xff,
    0xfa, 0x65, 0x7c, 0xff, 0xff, 0xff, 0xf7, 0xcf,
    0xff, 0xff, 0xfd, 0x20, 0x0, 0x0, 0xaf, 0xff,
    0xff, 0xff, 0xe3, 0x0, 0x0, 0x7, 0xff, 0xff,
    0xff, 0xbc, 0xff, 0xff, 0xff, 0x20, 0x0, 0x0,
    0x0, 0xdf, 0xff, 0xff, 0xf4, 0x0, 0x0, 0x0,
    0xa, 0xff, 0xff, 0xfd, 0xcf, 0xff, 0xff, 0xa0,
    0x0, 0x0, 0x0, 0x8, 0xff, 0xff, 0xfd, 0x0,
    0x0, 0x0, 0x0, 0x4f, 0xff, 0xff, 0xfc, 0xff,
    0xff, 0xf6, 0x0, 0x0, 0x0, 0x0, 0x6f, 0xff,
    0xff, 0xa0, 0x0, 0x0, 0x0, 0x2, 0xff, 0xff,
    0xff, 0xcf, 0xff, 0xff, 0x50, 0x0, 0x0, 0x0,
    0x5, 0xff, 0xff, 0xf9, 0x0, 0x0, 0x0, 0x0,
    0x1f, 0xff, 0xff, 0xfc, 0xff, 0xff, 0xf5, 0x0,
    0x0, 0x0, 0x0, 0x5f, 0xff, 0xff, 0x90, 0x0,
    0x0, 0x0, 0x1, 0xff, 0xff, 0xff, 0xcf, 0xff,
    0xff, 0x50, 0x0, 0x0, 0x0, 0x5, 0xff, 0xff,
    0xf9, 0x0, 0x0, 0x0, 0x0, 0x1f, 0xff, 0xff,
    0xfc, 0xff, 0xff, 0xf5, 0x0, 0x0, 0x0, 0x0,
    0x5f, 0xff, 0xff, 0x90, 0x0, 0x0, 0x0, 0x1,
    0xff, 0xff, 0xff, 0xcf, 0xff, 0xff, 0x50, 0x0,
    0x0, 0x0, 0x5, 0xff, 0xff, 0xf9, 0x0, 0x0,
    0x0, 0x0, 0x1f, 0xff, 0xff, 0xfc, 0xff, 0xff,
    0xf5, 0x0, 0x0, 0x0, 0x0, 0x5f, 0xff, 0xff,
    0x90, 0x0, 0x0, 0x0, 0x1, 0xff, 0xff, 0xff,
    0xcf, 0xff, 0xff, 0x50, 0x0, 0x0, 0x0, 0x5,
    0xff, 0xff, 0xf9, 0x0, 0x0, 0x0, 0x0, 0x1f,
    0xff, 0xff, 0xfc, 0xff, 0xff, 0xf5, 0x0, 0x0,
    0x0, 0x0, 0x5f, 0xff, 0xff, 0x90, 0x0, 0x0,
    0x0, 0x1, 0xff, 0xff, 0xff, 0xcf, 0xff, 0xff,
    0x50, 0x0, 0x0, 0x0, 0x5, 0xff, 0xff, 0xf9,
    0x0, 0x0, 0x0, 0x0, 0x1f, 0xff, 0xff, 0xfc,
    0xff, 0xff, 0xf5, 0x0, 0x0, 0x0, 0x0, 0x5f,
    0xff, 0xff, 0x90, 0x0, 0x0, 0x0, 0x1, 0xff,
    0xff, 0xff, 0xcf, 0xff, 0xff, 0x50, 0x0, 0x0,
    0x0, 0x5, 0xff, 0xff, 0xf9, 0x0, 0x0, 0x0,
    0x0, 0x1f, 0xff, 0xff, 0xfc, 0xff, 0xff, 0xf5,
    0x0, 0x0, 0x0, 0x0, 0x5f, 0xff, 0xff, 0x90,
    0x0, 0x0, 0x0, 0x1, 0xff, 0xff, 0xff, 0xcf,
    0xff, 0xff, 0x50, 0x0, 0x0, 0x0, 0x5, 0xff,
    0xff, 0xf9, 0x0, 0x0, 0x0, 0x0, 0x1f, 0xff,
    0xff, 0xfc, 0xff, 0xff, 0xf5, 0x0, 0x0, 0x0,
    0x0, 0x5f, 0xff, 0xff, 0x90, 0x0, 0x0, 0x0,
    0x1, 0xff, 0xff, 0xff, 0xcf, 0xff, 0xff, 0x50,
    0x0, 0x0, 0x0, 0x5, 0xff, 0xff, 0xf9, 0x0,
    0x0, 0x0, 0x0, 0x1f, 0xff, 0xff, 0xfc, 0xff,
    0xff, 0xf5, 0x0, 0x0, 0x0, 0x0, 0x5f, 0xff,
    0xff, 0x90, 0x0, 0x0, 0x0, 0x1, 0xff, 0xff,
    0xff, 0xcf, 0xff, 0xff, 0x50, 0x0, 0x0, 0x0,
    0x5, 0xff, 0xff, 0xf9, 0x0, 0x0, 0x0, 0x0,
    0x1f, 0xff, 0xff, 0xf0,

    /* U+006E "n" */
    0xcf, 0xff, 0xff, 0x0, 0x0, 0x49, 0xdf, 0xfe,
    0xb6, 0x0, 0x0, 0x0, 0xcf, 0xff, 0xff, 0x0,
    0x1b, 0xff, 0xff, 0xff, 0xff, 0xe6, 0x0, 0x0,
    0xcf, 0xff, 0xff, 0x1, 0xdf, 0xff, 0xff, 0xff,
    0xff, 0xff, 0x80, 0x0, 0xcf, 0xff, 0xff, 0xb,
    0xff, 0xff, 0xff, 0xff, 0xff, 0xff, 0xf5, 0x0,
    0xcf, 0xff, 0xff, 0x6f, 0xff, 0xff, 0xff, 0xff,
    0xff, 0xff, 0xfe, 0x0, 0xcf, 0xff, 0xff, 0xef,
    0xfc, 0x74, 0x57, 0xdf, 0xff, 0xff, 0xff, 0x60,
    0xcf, 0xff, 0xff, 0xff, 0x60, 0x0, 0x0, 0xa,
    0xff, 0xff, 0xff, 0xb0, 0xcf, 0xff, 0xff, 0xf6,
    0x0, 0x0, 0x0, 0x0, 0xdf, 0xff, 0xff, 0xe0,
    0xcf, 0xff, 0xff, 0xd0, 0x0, 0x0, 0x0, 0x0,
    0x5f, 0xff, 0xff, 0xf0, 0xcf, 0xff, 0xff, 0x80,
    0x0, 0x0, 0x0, 0x0, 0x1f, 0xff, 0xff, 0xf1,
    0xcf, 0xff, 0xff, 0x60, 0x0, 0x0, 0x0, 0x0,
    0xf, 0xff, 0xff, 0xf2, 0xcf, 0xff, 0xff, 0x50,
    0x0, 0x0, 0x0, 0x0, 0xf, 0xff, 0xff, 0xf2,
    0xcf, 0xff, 0xff, 0x50, 0x0, 0x0, 0x0, 0x0,
    0xf, 0xff, 0xff, 0xf2, 0xcf, 0xff, 0xff, 0x50,
    0x0, 0x0, 0x0, 0x0, 0xf, 0xff, 0xff, 0xf2,
    0xcf, 0xff, 0xff, 0x50, 0x0, 0x0, 0x0, 0x0,
    0xf, 0xff, 0xff, 0xf2, 0xcf, 0xff, 0xff, 0x50,
    0x0, 0x0, 0x0, 0x0, 0xf, 0xff, 0xff, 0xf2,
    0xcf, 0xff, 0xff, 0x50, 0x0, 0x0, 0x0, 0x0,
    0xf, 0xff, 0xff, 0xf2, 0xcf, 0xff, 0xff, 0x50,
    0x0, 0x0, 0x0, 0x0, 0xf, 0xff, 0xff, 0xf2,
    0xcf, 0xff, 0xff, 0x50, 0x0, 0x0, 0x0, 0x0,
    0xf, 0xff, 0xff, 0xf2, 0xcf, 0xff, 0xff, 0x50,
    0x0, 0x0, 0x0, 0x0, 0xf, 0xff, 0xff, 0xf2,
    0xcf, 0xff, 0xff, 0x50, 0x0, 0x0, 0x0, 0x0,
    0xf, 0xff, 0xff, 0xf2, 0xcf, 0xff, 0xff, 0x50,
    0x0, 0x0, 0x0, 0x0, 0xf, 0xff, 0xff, 0xf2,
    0xcf, 0xff, 0xff, 0x50, 0x0, 0x0, 0x0, 0x0,
    0xf, 0xff, 0xff, 0xf2, 0xcf, 0xff, 0xff, 0x50,
    0x0, 0x0, 0x0, 0x0, 0xf, 0xff, 0xff, 0xf2,
    0xcf, 0xff, 0xff, 0x50, 0x0, 0x0, 0x0, 0x0,
    0xf, 0xff, 0xff, 0xf2, 0xcf, 0xff, 0xff, 0x50,
    0x0, 0x0, 0x0, 0x0, 0xf, 0xff, 0xff, 0xf2,
    0xcf, 0xff, 0xff, 0x50, 0x0, 0x0, 0x0, 0x0,
    0xf, 0xff, 0xff, 0xf2,

    /* U+006F "o" */
    0x0, 0x0, 0x0, 0x1, 0x6a, 0xde, 0xff, 0xdb,
    0x71, 0x0, 0x0, 0x0, 0x0, 0x0, 0x0, 0x1,
    0x8f, 0xff, 0xff, 0xff, 0xff, 0xff, 0xa2, 0x0,
    0x0, 0x0, 0x0, 0x0, 0x3e, 0xff, 0xff, 0xff,
    0xff, 0xff, 0xff, 0xff, 0x50, 0x0, 0x0, 0x0,
    0x4, 0xff, 0xff, 0xff, 0xff, 0xff, 0xff, 0xff,
    0xff, 0xf6, 0x0, 0x0, 0x0, 0x2f, 0xff, 0xff,
    0xff, 0xff, 0xff, 0xff, 0xff, 0xff, 0xff, 0x40,
    0x0, 0x0, 0xcf, 0xff, 0xff, 0xfe, 0x62, 0x1,
    0x5c, 0xff, 0xff, 0xff, 0xe1, 0x0, 0x5, 0xff,
    0xff, 0xff, 0xc0, 0x0, 0x0, 0x0, 0x9f, 0xff,
    0xff, 0xf8, 0x0, 0xc, 0xff, 0xff, 0xfe, 0x10,
    0x0, 0x0, 0x0, 0xb, 0xff, 0xff, 0xff, 0x0,
    0x2f, 0xff, 0xff, 0xf6, 0x0, 0x0, 0x0, 0x0,
    0x2, 0xff, 0xff, 0xff, 0x50, 0x6f, 0xff, 0xff,
    0xe0, 0x0, 0x0, 0x0, 0x0, 0x0, 0xbf, 0xff,
    0xff, 0xa0, 0x9f, 0xff, 0xff, 0xb0, 0x0, 0x0,
    0x0, 0x0, 0x0, 0x7f, 0xff, 0xff, 0xd0, 0xcf,
    0xff, 0xff, 0x70, 0x0, 0x0, 0x0, 0x0, 0x0,
    0x3f, 0xff, 0xff, 0xf0, 0xdf, 0xff, 0xff, 0x60,
    0x0, 0x0, 0x0, 0x0, 0x0, 0x2f, 0xff, 0xff,
    0xf1, 0xef, 0xff, 0xff, 0x50, 0x0, 0x0, 0x0,
    0x0, 0x0, 0x1f, 0xff, 0xff, 0xf1, 0xef, 0xff,
    0xff, 0x50, 0x0, 0x0, 0x0, 0x0, 0x0, 0x1f,
    0xff, 0xff, 0xf1, 0xdf, 0xff, 0xff, 0x60, 0x0,
    0x0, 0x0, 0x0, 0x0, 0x2f, 0xff, 0xff, 0xf0,
    0xbf, 0xff, 0xff, 0x90, 0x0, 0x0, 0x0, 0x0,
    0x0, 0x5f, 0xff, 0xff, 0xe0, 0x8f, 0xff, 0xff,
    0xd0, 0x0, 0x0, 0x0, 0x0, 0x0, 0x9f, 0xff,
    0xff, 0xc0, 0x4f, 0xff, 0xff, 0xf2, 0x0, 0x0,
    0x0, 0x0, 0x0, 0xef, 0xff, 0xff, 0x80, 0xf,
    0xff, 0xff, 0xfa, 0x0, 0x0, 0x0, 0x0, 0x6,
    0xff, 0xff, 0xff, 0x30, 0x9, 0xff, 0xff, 0xff,
    0x60, 0x0, 0x0, 0x0, 0x3f, 0xff, 0xff, 0xfc,
    0x0, 0x1, 0xff, 0xff, 0xff, 0xf6, 0x0, 0x0,
    0x4, 0xef, 0xff, 0xff, 0xf4, 0x0, 0x0, 0x7f,
    0xff, 0xff, 0xff, 0xea, 0x89, 0xdf, 0xff, 0xff,
    0xff, 0xa0, 0x0, 0x0, 0xa, 0xff, 0xff, 0xff,
    0xff, 0xff, 0xff, 0xff, 0xff, 0xfd, 0x0, 0x0,
    0x0, 0x0, 0xaf, 0xff, 0xff, 0xff, 0xff, 0xff,
    0xff, 0xff, 0xd1, 0x0, 0x0, 0x0, 0x0, 0x7,
    0xff, 0xff, 0xff, 0xff, 0xff, 0xff, 0xf9, 0x0,
    0x0, 0x0, 0x0, 0x0, 0x0, 0x18, 0xef, 0xff,
    0xff, 0xff, 0xe9, 0x20, 0x0, 0x0, 0x0, 0x0,
    0x0, 0x0, 0x0, 0x2, 0x57, 0x77, 0x53, 0x0,
    0x0, 0x0, 0x0, 0x0,

    /* U+0070 "p" */
    0xcf, 0xff, 0xff, 0x30, 0x0, 0x4a, 0xdf, 0xfe,
    0xb6, 0x10, 0x0, 0x0, 0xc, 0xff, 0xff, 0xf3,
    0x1, 0xbf, 0xff, 0xff, 0xff, 0xff, 0x70, 0x0,
    0x0, 0xcf, 0xff, 0xff, 0x31, 0xdf, 0xff, 0xff,
    0xff, 0xff, 0xff, 0xb0, 0x0, 0xc, 0xff, 0xff,
    0xf3, 0xaf, 0xff, 0xff, 0xff, 0xff, 0xff, 0xff,
    0xc0, 0x0, 0xcf, 0xff, 0xff, 0x9f, 0xff, 0xff,
    0xff, 0xff, 0xff, 0xff, 0xff, 0x80, 0xc, 0xff,
    0xff, 0xff, 0xff, 0xd6, 0x32, 0x37, 0xef, 0xff,
    0xff, 0xff, 0x20, 0xcf, 0xff, 0xff, 0xff, 0x90,
    0x0, 0x0, 0x1, 0xbf, 0xff, 0xff, 0xf9, 0xc,
    0xff, 0xff, 0xff, 0xc0, 0x0, 0x0, 0x0, 0x0,
    0xef, 0xff, 0xff, 0xf0, 0xcf, 0xff, 0xff, 0xf3,
    0x0, 0x0, 0x0, 0x0, 0x5, 0xff, 0xff, 0xff,
    0x4c, 0xff, 0xff, 0xfc, 0x0, 0x0, 0x0, 0x0,
    0x0, 0xf, 0xff, 0xff, 0xf8, 0xcf, 0xff, 0xff,
    0x80, 0x0, 0x0, 0x0, 0x0, 0x0, 0xaf, 0xff,
    0xff, 0xac, 0xff, 0xff, 0xf5, 0x0, 0x0, 0x0,
    0x0, 0x0, 0x8, 0xff, 0xff, 0xfc, 0xcf, 0xff,
    0xff, 0x40, 0x0, 0x0, 0x0, 0x0, 0x0, 0x6f,
    0xff, 0xff, 0xdc, 0xff, 0xff, 0xf3, 0x0, 0x0,
    0x0, 0x0, 0x0, 0x6, 0xff, 0xff, 0xfe, 0xcf,
    0xff, 0xff, 0x40, 0x0, 0x0, 0x0, 0x0, 0x0,
    0x6f, 0xff, 0xff, 0xdc, 0xff, 0xff, 0xf5, 0x0,
    0x0, 0x0, 0x0, 0x0, 0x8, 0xff, 0xff, 0xfc,
    0xcf, 0xff, 0xff, 0x80, 0x0, 0x0, 0x0, 0x0,
    0x0, 0xbf, 0xff, 0xff, 0xac, 0xff, 0xff, 0xfd,
    0x0, 0x0, 0x0, 0x0, 0x0, 0xf, 0xff, 0xff,
    0xf8, 0xcf, 0xff, 0xff, 0xf3, 0x0, 0x0, 0x0,
    0x0, 0x6, 0xff, 0xff, 0xff, 0x4c, 0xff, 0xff,
    0xff, 0xc0, 0x0, 0x0, 0x0, 0x1, 0xef, 0xff,
    0xff, 0xf0, 0xcf, 0xff, 0xff, 0xff, 0xa0, 0x0,
    0x0, 0x1, 0xcf, 0xff, 0xff, 0xf9, 0xc, 0xff,
    0xff, 0xff, 0xff, 0xd6, 0x32, 0x37, 0xef, 0xff,
    0xff, 0xff, 0x10, 0xcf, 0xff, 0xff, 0xaf, 0xff,
    0xff, 0xff, 0xff, 0xff, 0xff, 0xff, 0x80, 0xc,
    0xff, 0xff, 0xf5, 0xaf, 0xff, 0xff, 0xff, 0xff,
    0xff, 0xff, 0xb0, 0x0, 0xcf, 0xff, 0xff, 0x50,
    0xcf, 0xff, 0xff, 0xff, 0xff, 0xff, 0xb0, 0x0,
    0xc, 0xff, 0xff, 0xf5, 0x1, 0xbf, 0xff, 0xff,
    0xff, 0xff, 0x70, 0x0, 0x0, 0xcf, 0xff, 0xff,
    0x50, 0x0, 0x4a, 0xdf, 0xfe, 0xb6, 0x10, 0x0,
    0x0, 0xc, 0xff, 0xff, 0xf5, 0x0, 0x0, 0x0,
    0x0, 0x0, 0x0, 0x0, 0x0, 0x0, 0xcf, 0xff,
    0xff, 0x50, 0x0, 0x0, 0x0, 0x0, 0x0, 0x0,
    0x0, 0x0, 0xc, 0xff, 0xff, 0xf5, 0x0, 0x0,
    0x0, 0x0, 0x0, 0x0, 0x0, 0x0, 0x0, 0xcf,
    0xff, 0xff, 0x50, 0x0, 0x0, 0x0, 0x0, 0x0,
    0x0, 0x0, 0x0, 0xc, 0xff, 0xff, 0xf5, 0x0,
    0x0, 0x0, 0x0, 0x0, 0x0, 0x0, 0x0, 0x0,
    0xcf, 0xff, 0xff, 0x50, 0x0, 0x0, 0x0, 0x0,
    0x0, 0x0, 0x0, 0x0, 0xc, 0xff, 0xff, 0xf5,
    0x0, 0x0, 0x0, 0x0, 0x0, 0x0, 0x0, 0x0,
    0x0, 0xcf, 0xff, 0xff, 0x50, 0x0, 0x0, 0x0,
    0x0, 0x0, 0x0, 0x0, 0x0, 0xc, 0xff, 0xff,
    0xf5, 0x0, 0x0, 0x0, 0x0, 0x0, 0x0, 0x0,
    0x0, 0x0, 0xcf, 0xff, 0xff, 0x50, 0x0, 0x0,
    0x0, 0x0, 0x0, 0x0, 0x0, 0x0, 0x0,

    /* U+0071 "q" */
    0x0, 0x0, 0x0, 0x16, 0xbe, 0xff, 0xda, 0x40,
    0x0, 0x3f, 0xff, 0xff, 0xc0, 0x0, 0x0, 0x7f,
    0xff, 0xff, 0xff, 0xff, 0xa1, 0x3, 0xff, 0xff,
    0xfc, 0x0, 0x0, 0xcf, 0xff, 0xff, 0xff, 0xff,
    0xff, 0xc0, 0x3f, 0xff, 0xff, 0xc0, 0x0, 0xcf,
    0xff, 0xff, 0xff, 0xff, 0xff, 0xff, 0xa3, 0xff,
    0xff, 0xfc, 0x0, 0x8f, 0xff, 0xff, 0xff, 0xff,
    0xff, 0xff, 0xff, 0x9f, 0xff, 0xff, 0xc0, 0x2f,
    0xff, 0xff, 0xff, 0xe7, 0x32, 0x37, 0xdf, 0xff,
    0xff, 0xff, 0xfc, 0xa, 0xff, 0xff, 0xff, 0xb0,
    0x0, 0x0, 0x0, 0xaf, 0xff, 0xff, 0xff, 0xc0,
    0xff, 0xff, 0xff, 0xd0, 0x0, 0x0, 0x0, 0x0,
    0xcf, 0xff, 0xff, 0xfc, 0x5f, 0xff, 0xff, 0xf5,
    0x0, 0x0, 0x0, 0x0, 0x3, 0xff, 0xff, 0xff,
    0xc8, 0xff, 0xff, 0xfe, 0x0, 0x0, 0x0, 0x0,
    0x0, 0xd, 0xff, 0xff, 0xfc, 0xbf, 0xff, 0xff,
    0xa0, 0x0, 0x0, 0x0, 0x0, 0x0, 0x8f, 0xff,
    0xff, 0xcd, 0xff, 0xff, 0xf7, 0x0, 0x0, 0x0,
    0x0, 0x0, 0x5, 0xff, 0xff, 0xfc, 0xdf, 0xff,
    0xff, 0x60, 0x0, 0x0, 0x0, 0x0, 0x0, 0x4f,
    0xff, 0xff, 0xce, 0xff, 0xff, 0xf5, 0x0, 0x0,
    0x0, 0x0, 0x0, 0x3, 0xff, 0xff, 0xfc, 0xdf,
    0xff, 0xff, 0x60, 0x0, 0x0, 0x0, 0x0, 0x0,
    0x4f, 0xff, 0xff, 0xcd, 0xff, 0xff, 0xf7, 0x0,
    0x0, 0x0, 0x0, 0x0, 0x6, 0xff, 0xff, 0xfc,
    0xbf, 0xff, 0xff, 0xa0, 0x0, 0x0, 0x0, 0x0,
    0x0, 0x9f, 0xff, 0xff, 0xc8, 0xff, 0xff, 0xff,
    0x0, 0x0, 0x0, 0x0, 0x0, 0xd, 0xff, 0xff,
    0xfc, 0x4f, 0xff, 0xff, 0xf5, 0x0, 0x0, 0x0,
    0x0, 0x4, 0xff, 0xff, 0xff, 0xc0, 0xff, 0xff,
    0xff, 0xe1, 0x0, 0x0, 0x0, 0x0, 0xdf, 0xff,
    0xff, 0xfc, 0x9, 0xff, 0xff, 0xff, 0xb1, 0x0,
    0x0, 0x0, 0xaf, 0xff, 0xff, 0xff, 0xc0, 0x2f,
    0xff, 0xff, 0xff, 0xe7, 0x32, 0x37, 0xdf, 0xff,
    0xff, 0xff, 0xfc, 0x0, 0x8f, 0xff, 0xff, 0xff,
    0xff, 0xff, 0xff, 0xff, 0xaf, 0xff, 0xff, 0xc0,
    0x0, 0xcf, 0xff, 0xff, 0xff, 0xff, 0xff, 0xff,
    0xa5, 0xff, 0xff, 0xfc, 0x0, 0x0, 0xcf, 0xff,
    0xff, 0xff, 0xff, 0xff, 0xc0, 0x5f, 0xff, 0xff,
    0xc0, 0x0, 0x0, 0x7f, 0xff, 0xff, 0xff, 0xff,
    0xa0, 0x5, 0xff, 0xff, 0xfc, 0x0, 0x0, 0x0,
    0x17, 0xbe, 0xff, 0xd9, 0x30, 0x0, 0x5f, 0xff,
    0xff, 0xc0, 0x0, 0x0, 0x0, 0x0, 0x0, 0x0,
    0x0, 0x0, 0x5, 0xff, 0xff, 0xfc, 0x0, 0x0,
    0x0, 0x0, 0x0, 0x0, 0x0, 0x0, 0x0, 0x5f,
    0xff, 0xff, 0xc0, 0x0, 0x0, 0x0, 0x0, 0x0,
    0x0, 0x0, 0x0, 0x5, 0xff, 0xff, 0xfc, 0x0,
    0x0, 0x0, 0x0, 0x0, 0x0, 0x0, 0x0, 0x0,
    0x5f, 0xff, 0xff, 0xc0, 0x0, 0x0, 0x0, 0x0,
    0x0, 0x0, 0x0, 0x0, 0x5, 0xff, 0xff, 0xfc,
    0x0, 0x0, 0x0, 0x0, 0x0, 0x0, 0x0, 0x0,
    0x0, 0x5f, 0xff, 0xff, 0xc0, 0x0, 0x0, 0x0,
    0x0, 0x0, 0x0, 0x0, 0x0, 0x5, 0xff, 0xff,
    0xfc, 0x0, 0x0, 0x0, 0x0, 0x0, 0x0, 0x0,
    0x0, 0x0, 0x5f, 0xff, 0xff, 0xc0, 0x0, 0x0,
    0x0, 0x0, 0x0, 0x0, 0x0, 0x0, 0x5, 0xff,
    0xff, 0xfc, 0x0, 0x0, 0x0, 0x0, 0x0, 0x0,
    0x0, 0x0, 0x0, 0x5f, 0xff, 0xff, 0xc0,

    /* U+0072 "r" */
    0xcf, 0xff, 0xff, 0x20, 0x2, 0x9d, 0xff, 0xf2,
    0xcf, 0xff, 0xff, 0x20, 0x6f, 0xff, 0xff, 0xf2,
    0xcf, 0xff, 0xff, 0x26, 0xff, 0xff, 0xff, 0xf2,
    0xcf, 0xff, 0xff, 0x3f, 0xff, 0xff, 0xff, 0xf2,
    0xcf, 0xff, 0xff, 0xaf, 0xff, 0xff, 0xff, 0xf2,
    0xcf, 0xff, 0xff, 0xff, 0xff, 0xc9, 0x9a, 0xc1,
    0xcf, 0xff, 0xff, 0xff, 0xc2, 0x0, 0x0, 0x0,
    0xcf, 0xff, 0xff, 0xfb, 0x0, 0x0, 0x0, 0x0,
    0xcf, 0xff, 0xff, 0xf1, 0x0, 0x0, 0x0, 0x0,
    0xcf, 0xff, 0xff, 0x90, 0x0, 0x0, 0x0, 0x0,
    0xcf, 0xff, 0xff, 0x60, 0x0, 0x0, 0x0, 0x0,
    0xcf, 0xff, 0xff, 0x50, 0x0, 0x0, 0x0, 0x0,
    0xcf, 0xff, 0xff, 0x50, 0x0, 0x0, 0x0, 0x0,
    0xcf, 0xff, 0xff, 0x50, 0x0, 0x0, 0x0, 0x0,
    0xcf, 0xff, 0xff, 0x50, 0x0, 0x0, 0x0, 0x0,
    0xcf, 0xff, 0xff, 0x50, 0x0, 0x0, 0x0, 0x0,
    0xcf, 0xff, 0xff, 0x50, 0x0, 0x0, 0x0, 0x0,
    0xcf, 0xff, 0xff, 0x50, 0x0, 0x0, 0x0, 0x0,
    0xcf, 0xff, 0xff, 0x50, 0x0, 0x0, 0x0, 0x0,
    0xcf, 0xff, 0xff, 0x50, 0x0, 0x0, 0x0, 0x0,
    0xcf, 0xff, 0xff, 0x50, 0x0, 0x0, 0x0, 0x0,
    0xcf, 0xff, 0xff, 0x50, 0x0, 0x0, 0x0, 0x0,
    0xcf, 0xff, 0xff, 0x50, 0x0, 0x0, 0x0, 0x0,
    0xcf, 0xff, 0xff, 0x50, 0x0, 0x0, 0x0, 0x0,
    0xcf, 0xff, 0xff, 0x50, 0x0, 0x0, 0x0, 0x0,
    0xcf, 0xff, 0xff, 0x50, 0x0, 0x0, 0x0, 0x0,
    0xcf, 0xff, 0xff, 0x50, 0x0, 0x0, 0x0, 0x0,

    /* U+0073 "s" */
    0x0, 0x0, 0x0, 0x37, 0xbd, 0xef, 0xed, 0xb7,
    0x10, 0x0, 0x0, 0x0, 0x0, 0x4, 0xdf, 0xff,
    0xff, 0xff, 0xff, 0xff, 0xa1, 0x0, 0x0, 0x0,
    0x9, 0xff, 0xff, 0xff, 0xff, 0xff, 0xff, 0xff,
    0xe3, 0x0, 0x0, 0x9, 0xff, 0xff, 0xff, 0xff,
    0xff, 0xff, 0xff, 0xff, 0xe2, 0x0, 0x4, 0xff,
    0xff, 0xff, 0xfe, 0xba, 0xce, 0xff, 0xff, 0xff,
    0xc0, 0x0, 0xcf, 0xff, 0xff, 0xe6, 0x0, 0x0,
    0x8, 0xff, 0xff, 0xff, 0x40, 0xf, 0xff, 0xff,
    0xf4, 0x0, 0x0, 0x0, 0x7, 0xff, 0xff, 0xf9,
    0x2, 0xff, 0xff, 0xfe, 0x0, 0x0, 0x0, 0x0,
    0xc, 0xb8, 0x51, 0x0, 0x2f, 0xff, 0xff, 0xf1,
    0x0, 0x0, 0x0, 0x0, 0x0, 0x0, 0x0, 0x1,
    0xff, 0xff, 0xff, 0xa0, 0x0, 0x0, 0x0, 0x0,
    0x0, 0x0, 0x0, 0xc, 0xff, 0xff, 0xff, 0xd7,
    0x20, 0x0, 0x0, 0x0, 0x0, 0x0, 0x0, 0x5f,
    0xff, 0xff, 0xff, 0xff, 0xfc, 0x85, 0x10, 0x0,
    0x0, 0x0, 0x0, 0xaf, 0xff, 0xff, 0xff, 0xff,
    0xff, 0xff, 0xd7, 0x10, 0x0, 0x0, 0x0, 0x9f,
    0xff, 0xff, 0xff, 0xff, 0xff, 0xff, 0xff, 0x70,
    0x0, 0x0, 0x0, 0x3b, 0xff, 0xff, 0xff, 0xff,
    0xff, 0xff, 0xff, 0xa0, 0x0, 0x0, 0x0, 0x1,
    0x59, 0xdf, 0xff, 0xff, 0xff, 0xff, 0xff, 0x60,
    0x0, 0x0, 0x0, 0x0, 0x0, 0x4, 0x7c, 0xff,
    0xff, 0xff, 0xfe, 0x0, 0x0, 0x0, 0x0, 0x0,
    0x0, 0x0, 0x3, 0xdf, 0xff, 0xff, 0xf3, 0x0,
    0x0, 0x1, 0x0, 0x0, 0x0, 0x0, 0x2, 0xff,
    0xff, 0xff, 0x52, 0x58, 0xbe, 0xf1, 0x0, 0x0,
    0x0, 0x0, 0xe, 0xff, 0xff, 0xf5, 0xcf, 0xff,
    0xff, 0x80, 0x0, 0x0, 0x0, 0x1, 0xff, 0xff,
    0xff, 0x37, 0xff, 0xff, 0xff, 0x60, 0x0, 0x0,
    0x1, 0xbf, 0xff, 0xff, 0xf0, 0x1f, 0xff, 0xff,
    0xff, 0xd7, 0x54, 0x69, 0xff, 0xff, 0xff, 0xf8,
    0x0, 0x6f, 0xff, 0xff, 0xff, 0xff, 0xff, 0xff,
    0xff, 0xff, 0xfd, 0x0, 0x0, 0x8f, 0xff, 0xff,
    0xff, 0xff, 0xff, 0xff, 0xff, 0xfd, 0x10, 0x0,
    0x0, 0x5e, 0xff, 0xff, 0xff, 0xff, 0xff, 0xff,
    0xfa, 0x10, 0x0, 0x0, 0x0, 0x7, 0xdf, 0xff,
    0xff, 0xff, 0xfe, 0x92, 0x0, 0x0, 0x0, 0x0,
    0x0, 0x0, 0x14, 0x67, 0x77, 0x52, 0x0, 0x0,
    0x0, 0x0,

    /* U+0074 "t" */
    0x0, 0x0, 0x68, 0x88, 0x88, 0x20, 0x0, 0x0,
    0x0, 0x0, 0xc, 0xff, 0xff, 0xf4, 0x0, 0x0,
    0x0, 0x0, 0x0, 0xcf, 0xff, 0xff, 0x40, 0x0,
    0x0, 0x0, 0x0, 0xc, 0xff, 0xff, 0xf4, 0x0,
    0x0, 0x0, 0x0, 0x0, 0xcf, 0xff, 0xff, 0x40,
    0x0, 0x0, 0x0, 0x0, 0xc, 0xff, 0xff, 0xf4,
    0x0, 0x0, 0x0, 0x0, 0x0, 0xcf, 0xff, 0xff,
    0x40, 0x0, 0x0, 0x8, 0xff, 0xff, 0xff, 0xff,
    0xff, 0xff, 0xff, 0x50, 0x8f, 0xff, 0xff, 0xff,
    0xff, 0xff, 0xff, 0xf5, 0x8, 0xff, 0xff, 0xff,
    0xff, 0xff, 0xff, 0xff, 0x50, 0x8f, 0xff, 0xff,
    0xff, 0xff, 0xff, 0xff, 0xf5, 0x7, 0xee, 0xef,
    0xff, 0xff, 0xfe, 0xee, 0xee, 0x50, 0x0, 0x0,
    0xcf, 0xff, 0xff, 0x40, 0x0, 0x0, 0x0, 0x0,
    0xc, 0xff, 0xff, 0xf4, 0x0, 0x0, 0x0, 0x0,
    0x0, 0xcf, 0xff, 0xff, 0x40, 0x0, 0x0, 0x0,
    0x0, 0xc, 0xff, 0xff, 0xf4, 0x0, 0x0, 0x0,
    0x0, 0x0, 0xcf, 0xff, 0xff, 0x40, 0x0, 0x0,
    0x0, 0x0, 0xc, 0xff, 0xff, 0xf4, 0x0, 0x0,
    0x0, 0x0, 0x0, 0xcf, 0xff, 0xff, 0x40, 0x0,
    0x0, 0x0, 0x0, 0xc, 0xff, 0xff, 0xf4, 0x0,
    0x0, 0x0, 0x0, 0x0, 0xcf, 0xff, 0xff, 0x40,
    0x0, 0x0, 0x0, 0x0, 0xc, 0xff, 0xff, 0xf4,
    0x0, 0x0, 0x0, 0x0, 0x0, 0xcf, 0xff, 0xff,
    0x40, 0x0, 0x0, 0x0, 0x0, 0xc, 0xff, 0xff,
    0xf4, 0x0, 0x0, 0x0, 0x0, 0x0, 0xcf, 0xff,
    0xff, 0x40, 0x0, 0x0, 0x0, 0x0, 0xc, 0xff,
    0xff, 0xf4, 0x0, 0x0, 0x0, 0x0, 0x0, 0xcf,
    0xff, 0xff, 0x50, 0x0, 0x0, 0x0, 0x0, 0xb,
    0xff, 0xff, 0xf8, 0x0, 0x0, 0x0, 0x0, 0x0,
    0x9f, 0xff, 0xff, 0xf5, 0x11, 0x40, 0x0, 0x0,
    0x5, 0xff, 0xff, 0xff, 0xff, 0xff, 0x40, 0x0,
    0x0, 0xe, 0xff, 0xff, 0xff, 0xff, 0xf7, 0x0,
    0x0, 0x0, 0x4f, 0xff, 0xff, 0xff, 0xff, 0xb0,
    0x0, 0x0, 0x0, 0x4e, 0xff, 0xff, 0xff, 0xfe,
    0x0, 0x0, 0x0, 0x0, 0x6, 0xbe, 0xff, 0xec,
    0x80,

    /* U+0075 "u" */
    0xcf, 0xff, 0xff, 0x50, 0x0, 0x0, 0x0, 0x0,
    0xf, 0xff, 0xff, 0xf2, 0xcf, 0xff, 0xff, 0x50,
    0x0, 0x0, 0x0, 0x0, 0xf, 0xff, 0xff, 0xf2,
    0xcf, 0xff, 0xff, 0x50, 0x0, 0x0, 0x0, 0x0,
    0xf, 0xff, 0xff, 0xf2, 0xcf, 0xff, 0xff, 0x50,
    0x0, 0x0, 0x0, 0x0, 0xf, 0xff, 0xff, 0xf2,
    0xcf, 0xff, 0xff, 0x50, 0x0, 0x0, 0x0, 0x0,
    0xf, 0xff, 0xff, 0xf2, 0xcf, 0xff, 0xff, 0x50,
    0x0, 0x0, 0x0, 0x0, 0xf, 0xff, 0xff, 0xf2,
    0xcf, 0xff, 0xff, 0x50, 0x0, 0x0, 0x0, 0x0,
    0xf, 0xff, 0xff, 0xf2, 0xcf, 0xff, 0xff, 0x50,
    0x0, 0x0, 0x0, 0x0, 0xf, 0xff, 0xff, 0xf2,
    0xcf, 0xff, 0xff, 0x50, 0x0, 0x0, 0x0, 0x0,
    0xf, 0xff, 0xff, 0xf2, 0xcf, 0xff, 0xff, 0x50,
    0x0, 0x0, 0x0, 0x0, 0xf, 0xff, 0xff, 0xf2,
    0xcf, 0xff, 0xff, 0x50, 0x0, 0x0, 0x0, 0x0,
    0xf, 0xff, 0xff, 0xf2, 0xcf, 0xff, 0xff, 0x50,
    0x0, 0x0, 0x0, 0x0, 0xf, 0xff, 0xff, 0xf2,
    0xcf, 0xff, 0xff, 0x50, 0x0, 0x0, 0x0, 0x0,
    0xf, 0xff, 0xff, 0xf2, 0xcf, 0xff, 0xff, 0x50,
    0x0, 0x0, 0x0, 0x0, 0xf, 0xff, 0xff, 0xf2,
    0xcf, 0xff, 0xff, 0x50, 0x0, 0x0, 0x0, 0x0,
    0xf, 0xff, 0xff, 0xf2, 0xcf, 0xff, 0xff, 0x50,
    0x0, 0x0, 0x0, 0x0, 0xf, 0xff, 0xff, 0xf2,
    0xcf, 0xff, 0xff, 0x50, 0x0, 0x0, 0x0, 0x0,
    0xf, 0xff, 0xff, 0xf2, 0xbf, 0xff, 0xff, 0x70,
    0x0, 0x0, 0x0, 0x0, 0x2f, 0xff, 0xff, 0xf2,
    0xaf, 0xff, 0xff, 0xb0, 0x0, 0x0, 0x0, 0x0,
    0x7f, 0xff, 0xff, 0xf2, 0x8f, 0xff, 0xff, 0xf3,
    0x0, 0x0, 0x0, 0x1, 0xef, 0xff, 0xff, 0xf2,
    0x5f, 0xff, 0xff, 0xfe, 0x20, 0x0, 0x0, 0x2d,
    0xff, 0xff, 0xff, 0xf2, 0x1f, 0xff, 0xff, 0xff,
    0xf9, 0x54, 0x59, 0xff, 0xfe, 0xff, 0xff, 0xf2,
    0x9, 0xff, 0xff, 0xff, 0xff, 0xff, 0xff, 0xff,
    0xca, 0xff, 0xff, 0xf2, 0x1, 0xef, 0xff, 0xff,
    0xff, 0xff, 0xff, 0xff, 0x2a, 0xff, 0xff, 0xf2,
    0x0, 0x3e, 0xff, 0xff, 0xff, 0xff, 0xff, 0xf5,
    0xa, 0xff, 0xff, 0xf2, 0x0, 0x2, 0xcf, 0xff,
    0xff, 0xff, 0xfe, 0x40, 0xa, 0xff, 0xff, 0xf2,
    0x0, 0x0, 0x4, 0x9d, 0xff, 0xeb, 0x60, 0x0,
    0xa, 0xff, 0xff, 0xf2,

    /* U+0076 "v" */
    0xe, 0xff, 0xff, 0xf9, 0x0, 0x0, 0x0, 0x0,
    0x0, 0x0, 0x5f, 0xff, 0xff, 0xf1, 0x8, 0xff,
    0xff, 0xfe, 0x0, 0x0, 0x0, 0x0, 0x0, 0x0,
    0xaf, 0xff, 0xff, 0xb0, 0x2, 0xff, 0xff, 0xff,
    0x40, 0x0, 0x0, 0x0, 0x0, 0x0, 0xff, 0xff,
    0xff, 0x50, 0x0, 0xdf, 0xff, 0xff, 0x90, 0x0,
    0x0, 0x0, 0x0, 0x5, 0xff, 0xff, 0xff, 0x0,
    0x0, 0x7f, 0xff, 0xff, 0xe0, 0x0, 0x0, 0x0,
    0x0, 0xa, 0xff, 0xff, 0xfa, 0x0, 0x0, 0x1f,
    0xff, 0xff, 0xf3, 0x0, 0x0, 0x0, 0x0, 0xf,
    0xff, 0xff, 0xf4, 0x0, 0x0, 0xb, 0xff, 0xff,
    0xf8, 0x0, 0x0, 0x0, 0x0, 0x4f, 0xff, 0xff,
    0xe0, 0x0, 0x0, 0x5, 0xff, 0xff, 0xfe, 0x0,
    0x0, 0x0, 0x0, 0x9f, 0xff, 0xff, 0x80, 0x0,
    0x0, 0x0, 0xff, 0xff, 0xff, 0x30, 0x0, 0x0,
    0x0, 0xef, 0xff, 0xff, 0x30, 0x0, 0x0, 0x0,
    0xaf, 0xff, 0xff, 0x80, 0x0, 0x0, 0x4, 0xff,
    0xff, 0xfd, 0x0, 0x0, 0x0, 0x0, 0x4f, 0xff,
    0xff, 0xd0, 0x0, 0x0, 0x9, 0xff, 0xff, 0xf7,
    0x0, 0x0, 0x0, 0x0, 0xe, 0xff, 0xff, 0xf2,
    0x0, 0x0, 0xe, 0xff, 0xff, 0xf1, 0x0, 0x0,
    0x0, 0x0, 0x9, 0xff, 0xff, 0xf8, 0x0, 0x0,
    0x3f, 0xff, 0xff, 0xb0, 0x0, 0x0, 0x0, 0x0,
    0x3, 0xff, 0xff, 0xfd, 0x0, 0x0, 0x8f, 0xff,
    0xff, 0x60, 0x0, 0x0, 0x0, 0x0, 0x0, 0xdf,
    0xff, 0xff, 0x20, 0x0, 0xef, 0xff, 0xff, 0x0,
    0x0, 0x0, 0x0, 0x0, 0x0, 0x7f, 0xff, 0xff,
    0x70, 0x2, 0xff, 0xff, 0xfa, 0x0, 0x0, 0x0,
    0x0, 0x0, 0x0, 0x2f, 0xff, 0xff, 0xb0, 0x7,
    0xff, 0xff, 0xf4, 0x0, 0x0, 0x0, 0x0, 0x0,
    0x0, 0xc, 0xff, 0xff, 0xf0, 0xc, 0xff, 0xff,
    0xe0, 0x0, 0x0, 0x0, 0x0, 0x0, 0x0, 0x6,
    0xff, 0xff, 0xf4, 0xf, 0xff, 0xff, 0x90, 0x0,
    0x0, 0x0, 0x0, 0x0, 0x0, 0x1, 0xff, 0xff,
    0xf8, 0x4f, 0xff, 0xff, 0x30, 0x0, 0x0, 0x0,
    0x0, 0x0, 0x0, 0x0, 0xaf, 0xff, 0xfc, 0x8f,
    0xff, 0xfd, 0x0, 0x0, 0x0, 0x0, 0x0, 0x0,
    0x0, 0x0, 0x5f, 0xff, 0xff, 0xcf, 0xff, 0xf7,
    0x0, 0x0, 0x0, 0x0, 0x0, 0x0, 0x0, 0x0,
    0xe, 0xff, 0xff, 0xff, 0xff, 0xf1, 0x0, 0x0,
    0x0, 0x0, 0x0, 0x0, 0x0, 0x0, 0x9, 0xff,
    0xff, 0xff, 0xff, 0xc0, 0x0, 0x0, 0x0, 0x0,
    0x0, 0x0, 0x0, 0x0, 0x3, 0xff, 0xff, 0xff,
    0xff, 0x60, 0x0, 0x0, 0x0, 0x0, 0x0, 0x0,
    0x0, 0x0, 0x0, 0xdf, 0xff, 0xff, 0xff, 0x0,
    0x0, 0x0, 0x0, 0x0, 0x0, 0x0, 0x0, 0x0,
    0x0, 0x8f, 0xff, 0xff, 0xfa, 0x0, 0x0, 0x0,
    0x0, 0x0,

    /* U+0077 "w" */
    0xdf, 0xff, 0xff, 0x90, 0x0, 0x0, 0x0, 0x0,
    0xdf, 0xff, 0xff, 0x30, 0x0, 0x0, 0x0, 0x5,
    0xff, 0xff, 0xff, 0x18, 0xff, 0xff, 0xfd, 0x0,
    0x0, 0x0, 0x0, 0x1f, 0xff, 0xff, 0xf7, 0x0,
    0x0, 0x0, 0x0, 0x9f, 0xff, 0xff, 0xd0, 0x3f,
    0xff, 0xff, 0xf1, 0x0, 0x0, 0x0, 0x5, 0xff,
    0xff, 0xff, 0xb0, 0x0, 0x0, 0x0, 0xd, 0xff,
    0xff, 0xf8, 0x0, 0xff, 0xff, 0xff, 0x40, 0x0,
    0x0, 0x0, 0x9f, 0xff, 0xff, 0xfe, 0x0, 0x0,
    0x0, 0x1, 0xff, 0xff, 0xff, 0x40, 0xa, 0xff,
    0xff, 0xf8, 0x0, 0x0, 0x0, 0xd, 0xff, 0xff,
    0xff, 0xf3, 0x0, 0x0, 0x0, 0x4f, 0xff, 0xff,
    0xf0, 0x0, 0x6f, 0xff, 0xff, 0xc0, 0x0, 0x0,
    0x1, 0xff, 0xff, 0xff, 0xff, 0x60, 0x0, 0x0,
    0x8, 0xff, 0xff, 0xfa, 0x0, 0x1, 0xff, 0xff,
    0xff, 0x0, 0x0, 0x0, 0x5f, 0xff, 0xff, 0xff,
    0xfa, 0x0, 0x0, 0x0, 0xcf, 0xff, 0xff, 0x60,
    0x0, 0xc, 0xff, 0xff, 0xf4, 0x0, 0x0, 0x9,
    0xff, 0xff, 0xdf, 0xff, 0xe0, 0x0, 0x0, 0xf,
    0xff, 0xff, 0xf1, 0x0, 0x0, 0x8f, 0xff, 0xff,
    0x80, 0x0, 0x0, 0xdf, 0xff, 0xd9, 0xff, 0xff,
    0x20, 0x0, 0x4, 0xff, 0xff, 0xfc, 0x0, 0x0,
    0x3, 0xff, 0xff, 0xfc, 0x0, 0x0, 0x1f, 0xff,
    0xf9, 0x5f, 0xff, 0xf6, 0x0, 0x0, 0x8f, 0xff,
    0xff, 0x80, 0x0, 0x0, 0xe, 0xff, 0xff, 0xf0,
    0x0, 0x5, 0xff, 0xff, 0x62, 0xff, 0xff, 0xa0,
    0x0, 0xc, 0xff, 0xff, 0xf3, 0x0, 0x0, 0x0,
    0xaf, 0xff, 0xff, 0x30, 0x0, 0x9f, 0xff, 0xf2,
    0xe, 0xff, 0xfe, 0x0, 0x0, 0xff, 0xff, 0xfe,
    0x0, 0x0, 0x0, 0x5, 0xff, 0xff, 0xf7, 0x0,
    0xd, 0xff, 0xfe, 0x0, 0xbf, 0xff, 0xf1, 0x0,
    0x3f, 0xff, 0xff, 0xa0, 0x0, 0x0, 0x0, 0x1f,
    0xff, 0xff, 0xb0, 0x1, 0xff, 0xff, 0xb0, 0x7,
    0xff, 0xff, 0x50, 0x7, 0xff, 0xff, 0xf5, 0x0,
    0x0, 0x0, 0x0, 0xcf, 0xff, 0xfe, 0x0, 0x5f,
    0xff, 0xf7, 0x0, 0x3f, 0xff, 0xf9, 0x0, 0xbf,
    0xff, 0xff, 0x10, 0x0, 0x0, 0x0, 0x7, 0xff,
    0xff, 0xf2, 0x8, 0xff, 0xff, 0x30, 0x0, 0xef,
    0xff, 0xc0, 0xe, 0xff, 0xff, 0xc0, 0x0, 0x0,
    0x0, 0x0, 0x3f, 0xff, 0xff, 0x50, 0xcf, 0xff,
    0xe0, 0x0, 0xa, 0xff, 0xff, 0x1, 0xff, 0xff,
    0xf7, 0x0, 0x0, 0x0, 0x0, 0x0, 0xef, 0xff,
    0xf9, 0xf, 0xff, 0xfa, 0x0, 0x0, 0x6f, 0xff,
    0xf4, 0x5f, 0xff, 0xff, 0x30, 0x0, 0x0, 0x0,
    0x0, 0x9, 0xff, 0xff, 0xc3, 0xff, 0xff, 0x50,
    0x0, 0x1, 0xff, 0xff, 0x78, 0xff, 0xff, 0xe0,
    0x0, 0x0, 0x0, 0x0, 0x0, 0x5f, 0xff, 0xff,
    0x6f, 0xff, 0xf1, 0x0, 0x0, 0xd, 0xff, 0xfa,
    0xbf, 0xff, 0xf9, 0x0, 0x0, 0x0, 0x0, 0x0,
    0x0, 0xff, 0xff, 0xfc, 0xff, 0xfd, 0x0, 0x0,
    0x0, 0x8f, 0xff, 0xde, 0xff, 0xff, 0x50, 0x0,
    0x0, 0x0, 0x0, 0x0, 0xc, 0xff, 0xff, 0xff,
    0xff, 0x80, 0x0, 0x0, 0x4, 0xff, 0xff, 0xff,
    0xff, 0xf0, 0x0, 0x0, 0x0, 0x0, 0x0, 0x0,
    0x7f, 0xff, 0xff, 0xff, 0xf4, 0x0, 0x0, 0x0,
    0xf, 0xff, 0xff, 0xff, 0xfb, 0x0, 0x0, 0x0,
    0x0, 0x0, 0x0, 0x2, 0xff, 0xff, 0xff, 0xff,
    0x0, 0x0, 0x0, 0x0, 0xbf, 0xff, 0xff, 0xff,
    0x70, 0x0, 0x0, 0x0, 0x0, 0x0, 0x0, 0xe,
    0xff, 0xff, 0xff, 0xb0, 0x0, 0x0, 0x0, 0x6,
    0xff, 0xff, 0xff, 0xf2, 0x0, 0x0, 0x0, 0x0,
    0x0, 0x0, 0x0, 0x9f, 0xff, 0xff, 0xf6, 0x0,
    0x0, 0x0, 0x0, 0x2f, 0xff, 0xff, 0xfd, 0x0,
    0x0, 0x0, 0x0, 0x0, 0x0, 0x0, 0x4, 0xff,
    0xff, 0xff, 0x20, 0x0, 0x0, 0x0, 0x0, 0xdf,
    0xff, 0xff, 0x90, 0x0, 0x0, 0x0, 0x0,

    /* U+0078 "x" */
    0x1e, 0xff, 0xff, 0xfa, 0x0, 0x0, 0x0, 0x0,
    0x2, 0xff, 0xff, 0xff, 0x60, 0x6, 0xff, 0xff,
    0xff, 0x40, 0x0, 0x0, 0x0, 0xb, 0xff, 0xff,
    0xfc, 0x0, 0x0, 0xcf, 0xff, 0xff, 0xd0, 0x0,
    0x0, 0x0, 0x5f, 0xff, 0xff, 0xf3, 0x0, 0x0,
    0x2f, 0xff, 0xff, 0xf6, 0x0, 0x0, 0x0, 0xef,
    0xff, 0xff, 0x80, 0x0, 0x0, 0x8, 0xff, 0xff,
    0xfe, 0x10, 0x0, 0x8, 0xff, 0xff, 0xfe, 0x0,
    0x0, 0x0, 0x0, 0xdf, 0xff, 0xff, 0x80, 0x0,
    0x1f, 0xff, 0xff, 0xf4, 0x0, 0x0, 0x0, 0x0,
    0x4f, 0xff, 0xff, 0xf1, 0x0, 0x9f, 0xff, 0xff,
    0xa0, 0x0, 0x0, 0x0, 0x0, 0xa, 0xff, 0xff,
    0xf9, 0x2, 0xff, 0xff, 0xff, 0x10, 0x0, 0x0,
    0x0, 0x0, 0x1, 0xff, 0xff, 0xff, 0x19, 0xff,
    0xff, 0xf6, 0x0, 0x0, 0x0, 0x0, 0x0, 0x0,
    0x6f, 0xff, 0xff, 0xaf, 0xff, 0xff, 0xc0, 0x0,
    0x0, 0x0, 0x0, 0x0, 0x0, 0xc, 0xff, 0xff,
    0xff, 0xff, 0xff, 0x30, 0x0, 0x0, 0x0, 0x0,
    0x0, 0x0, 0x3, 0xff, 0xff, 0xff, 0xff, 0xf8,
    0x0, 0x0, 0x0, 0x0, 0x0, 0x0, 0x0, 0x0,
    0x8f, 0xff, 0xff, 0xff, 0xe0, 0x0, 0x0, 0x0,
    0x0, 0x0, 0x0, 0x0, 0x0, 0x6f, 0xff, 0xff,
    0xff, 0x90, 0x0, 0x0, 0x0, 0x0, 0x0, 0x0,
    0x0, 0x1, 0xef, 0xff, 0xff, 0xff, 0xf3, 0x0,
    0x0, 0x0, 0x0, 0x0, 0x0, 0x0, 0xa, 0xff,
    0xff, 0xff, 0xff, 0xfd, 0x0, 0x0, 0x0, 0x0,
    0x0, 0x0, 0x0, 0x4f, 0xff, 0xff, 0xdf, 0xff,
    0xff, 0x70, 0x0, 0x0, 0x0, 0x0, 0x0, 0x0,
    0xdf, 0xff, 0xff, 0x2e, 0xff, 0xff, 0xf2, 0x0,
    0x0, 0x0, 0x0, 0x0, 0x8, 0xff, 0xff, 0xf9,
    0x6, 0xff, 0xff, 0xfb, 0x0, 0x0, 0x0, 0x0,
    0x0, 0x2f, 0xff, 0xff, 0xf2, 0x0, 0xdf, 0xff,
    0xff, 0x60, 0x0, 0x0, 0x0, 0x0, 0xcf, 0xff,
    0xff, 0x90, 0x0, 0x5f, 0xff, 0xff, 0xe1, 0x0,
    0x0, 0x0, 0x6, 0xff, 0xff, 0xff, 0x10, 0x0,
    0xc, 0xff, 0xff, 0xfa, 0x0, 0x0, 0x0, 0x1e,
    0xff, 0xff, 0xf7, 0x0, 0x0, 0x3, 0xff, 0xff,
    0xff, 0x40, 0x0, 0x0, 0xaf, 0xff, 0xff, 0xd0,
    0x0, 0x0, 0x0, 0x9f, 0xff, 0xff, 0xd0, 0x0,
    0x4, 0xff, 0xff, 0xff, 0x40, 0x0, 0x0, 0x0,
    0x1e, 0xff, 0xff, 0xf8, 0x0, 0xd, 0xff, 0xff,
    0xfa, 0x0, 0x0, 0x0, 0x0, 0x6, 0xff, 0xff,
    0xff, 0x30, 0x8f, 0xff, 0xff, 0xf1, 0x0, 0x0,
    0x0, 0x0, 0x0, 0xcf, 0xff, 0xff, 0xc0,

    /* U+0079 "y" */
    0xe, 0xff, 0xff, 0xf9, 0x0, 0x0, 0x0, 0x0,
    0x0, 0x0, 0x4f, 0xff, 0xff, 0xf2, 0x8, 0xff,
    0xff, 0xfe, 0x0, 0x0, 0x0, 0x0, 0x0, 0x0,
    0x9f, 0xff, 0xff, 0xc0, 0x2, 0xff, 0xff, 0xff,
    0x40, 0x0, 0x0, 0x0, 0x0, 0x0, 0xef, 0xff,
    0xff, 0x60, 0x0, 0xcf, 0xff, 0xff, 0x90, 0x0,
    0x0, 0x0, 0x0, 0x4, 0xff, 0xff, 0xff, 0x0,
    0x0, 0x6f, 0xff, 0xff, 0xe0, 0x0, 0x0, 0x0,
    0x0, 0xa, 0xff, 0xff, 0xfa, 0x0, 0x0, 0x1f,
    0xff, 0xff, 0xf3, 0x0, 0x0, 0x0, 0x0, 0xf,
    0xff, 0xff, 0xf4, 0x0, 0x0, 0xb, 0xff, 0xff,
    0xf9, 0x0, 0x0, 0x0, 0x0, 0x5f, 0xff, 0xff,
    0xe0, 0x0, 0x0, 0x5, 0xff, 0xff, 0xfe, 0x0,
    0x0, 0x0, 0x0, 0xaf, 0xff, 0xff, 0x80, 0x0,
    0x0, 0x0, 0xef, 0xff, 0xff, 0x30, 0x0, 0x0,
    0x0, 0xff, 0xff, 0xff, 0x20, 0x0, 0x0, 0x0,
    0x9f, 0xff, 0xff, 0x80, 0x0, 0x0, 0x5, 0xff,
    0xff, 0xfc, 0x0, 0x0, 0x0, 0x0, 0x3f, 0xff,
    0xff, 0xe0, 0x0, 0x0, 0xa, 0xff, 0xff, 0xf6,
    0x0, 0x0, 0x0, 0x0, 0xd, 0xff, 0xff, 0xf3,
    0x0, 0x0, 0xf, 0xff, 0xff, 0xf1, 0x0, 0x0,
    0x0, 0x0, 0x7, 0xff, 0xff, 0xf8, 0x0, 0x0,
    0x5f, 0xff, 0xff, 0xa0, 0x0, 0x0, 0x0, 0x0,
    0x1, 0xff, 0xff, 0xfd, 0x0, 0x0, 0xbf, 0xff,
    0xff, 0x40, 0x0, 0x0, 0x0, 0x0, 0x0, 0xbf,
    0xff, 0xff, 0x30, 0x0, 0xff, 0xff, 0xfe, 0x0,
    0x0, 0x0, 0x0, 0x0, 0x0, 0x6f, 0xff, 0xff,
    0x70, 0x5, 0xff, 0xff, 0xf8, 0x0, 0x0, 0x0,
    0x0, 0x0, 0x0, 0xf, 0xff, 0xff, 0xc0, 0xa,
    0xff, 0xff, 0xf3, 0x0, 0x0, 0x0, 0x0, 0x0,
    0x0, 0xa, 0xff, 0xff, 0xf0, 0xe, 0xff, 0xff,
    0xd0, 0x0, 0x0, 0x0, 0x0, 0x0, 0x0, 0x4,
    0xff, 0xff, 0xf4, 0x3f, 0xff, 0xff, 0x70, 0x0,
    0x0, 0x0, 0x0, 0x0, 0x0, 0x0, 0xef, 0xff,
    0xf8, 0x7f, 0xff, 0xff, 0x10, 0x0, 0x0, 0x0,
    0x0, 0x0, 0x0, 0x0, 0x8f, 0xff, 0xfc, 0xbf,
    0xff, 0xfb, 0x0, 0x0, 0x0, 0x0, 0x0, 0x0,
    0x0, 0x0, 0x2f, 0xff, 0xff, 0xff, 0xff, 0xf5,
    0x0, 0x0, 0x0, 0x0, 0x0, 0x0, 0x0, 0x0,
    0xc, 0xff, 0xff, 0xff, 0xff, 0xe0, 0x0, 0x0,
    0x0, 0x0, 0x0, 0x0, 0x0, 0x0, 0x7, 0xff,
    0xff, 0xff, 0xff, 0x90, 0x0, 0x0, 0x0, 0x0,
    0x0, 0x0, 0x0, 0x0, 0x1, 0xff, 0xff, 0xff,
    0xff, 0x30, 0x0, 0x0, 0x0, 0x0, 0x0, 0x0,
    0x0, 0x0, 0x0, 0xbf, 0xff, 0xff, 0xfd, 0x0,
    0x0, 0x0, 0x0, 0x0, 0x0, 0x0, 0x0, 0x0,
    0x0, 0x5f, 0xff, 0xff, 0xf7, 0x0, 0x0, 0x0,
    0x0, 0x0, 0x0, 0x0, 0x0, 0x0, 0x0, 0x5f,
    0xff, 0xff, 0xf1, 0x0, 0x0, 0x0, 0x0, 0x0,
    0x0, 0x0, 0x0, 0x0, 0x0, 0x8f, 0xff, 0xff,
    0xb0, 0x0, 0x0, 0x0, 0x0, 0x0, 0x0, 0x0,
    0x0, 0x0, 0x0, 0xdf, 0xff, 0xff, 0x50, 0x0,
    0x0, 0x0, 0x0, 0x0, 0x0, 0x0, 0x0, 0x0,
    0x5, 0xff, 0xff, 0xfe, 0x0, 0x0, 0x0, 0x0,
    0x0, 0x0, 0x0, 0x0, 0x44, 0x11, 0x6f, 0xff,
    0xff, 0xf8, 0x0, 0x0, 0x0, 0x0, 0x0, 0x0,
    0x0, 0x0, 0xef, 0xff, 0xff, 0xff, 0xff, 0xe1,
    0x0, 0x0, 0x0, 0x0, 0x0, 0x0, 0x0, 0x2,
    0xff, 0xff, 0xff, 0xff, 0xff, 0x50, 0x0, 0x0,
    0x0, 0x0, 0x0, 0x0, 0x0, 0x7, 0xff, 0xff,
    0xff, 0xff, 0xf7, 0x0, 0x0, 0x0, 0x0, 0x0,
    0x0, 0x0, 0x0, 0xc, 0xff, 0xff, 0xff, 0xff,
    0x60, 0x0, 0x0, 0x0, 0x0, 0x0, 0x0, 0x0,
    0x0, 0x8, 0xce, 0xff, 0xeb, 0x71, 0x0, 0x0,
    0x0, 0x0, 0x0, 0x0, 0x0, 0x0,

    /* U+007A "z" */
    0xb, 0xff, 0xff, 0xff, 0xff, 0xff, 0xff, 0xff,
    0xff, 0xff, 0xfd, 0x0, 0xbf, 0xff, 0xff, 0xff,
    0xff, 0xff, 0xff, 0xff, 0xff, 0xff, 0xd0, 0xb,
    0xff, 0xff, 0xff, 0xff, 0xff, 0xff, 0xff, 0xff,
    0xff, 0xfd, 0x0, 0xbf, 0xff, 0xff, 0xff, 0xff,
    0xff, 0xff, 0xff, 0xff, 0xff, 0xd0, 0xb, 0xff,
    0xff, 0xff, 0xff, 0xff, 0xff, 0xff, 0xff, 0xff,
    0xfa, 0x0, 0x34, 0x44, 0x44, 0x44, 0x44, 0x44,
    0x4e, 0xff, 0xff, 0xfe, 0x10, 0x0, 0x0, 0x0,
    0x0, 0x0, 0x0, 0x8, 0xff, 0xff, 0xff, 0x30,
    0x0, 0x0, 0x0, 0x0, 0x0, 0x0, 0x4, 0xff,
    0xff, 0xff, 0x70, 0x0, 0x0, 0x0, 0x0, 0x0,
    0x0, 0x1, 0xef, 0xff, 0xff, 0xb0, 0x0, 0x0,
    0x0, 0x0, 0x0, 0x0, 0x0, 0xcf, 0xff, 0xff,
    0xe1, 0x0, 0x0, 0x0, 0x0, 0x0, 0x0, 0x0,
    0x9f, 0xff, 0xff, 0xf4, 0x0, 0x0, 0x0, 0x0,
    0x0, 0x0, 0x0, 0x5f, 0xff, 0xff, 0xf8, 0x0,
    0x0, 0x0, 0x0, 0x0, 0x0, 0x0, 0x2f, 0xff,
    0xff, 0xfc, 0x0, 0x0, 0x0, 0x0, 0x0, 0x0,
    0x0, 0xd, 0xff, 0xff, 0xfe, 0x10, 0x0, 0x0,
    0x0, 0x0, 0x0, 0x0, 0xa, 0xff, 0xff, 0xff,
    0x50, 0x0, 0x0, 0x0, 0x0, 0x0, 0x0, 0x6,
    0xff, 0xff, 0xff, 0x90, 0x0, 0x0, 0x0, 0x0,
    0x0, 0x0, 0x2, 0xff, 0xff, 0xff, 0xc0, 0x0,
    0x0, 0x0, 0x0, 0x0, 0x0, 0x0, 0xdf, 0xff,
    0xff, 0xf2, 0x0, 0x0, 0x0, 0x0, 0x0, 0x0,
    0x0, 0xaf, 0xff, 0xff, 0xf5, 0x0, 0x0, 0x0,
    0x0, 0x0, 0x0, 0x0, 0x7f, 0xff, 0xff, 0xf9,
    0x0, 0x0, 0x0, 0x0, 0x0, 0x0, 0x0, 0x3f,
    0xff, 0xff, 0xfd, 0x0, 0x0, 0x0, 0x0, 0x0,
    0x0, 0x0, 0x1e, 0xff, 0xff, 0xff, 0x74, 0x44,
    0x44, 0x44, 0x44, 0x44, 0x41, 0xb, 0xff, 0xff,
    0xff, 0xff, 0xff, 0xff, 0xff, 0xff, 0xff, 0xff,
    0x52, 0xff, 0xff, 0xff, 0xff, 0xff, 0xff, 0xff,
    0xff, 0xff, 0xff, 0xf5, 0x2f, 0xff, 0xff, 0xff,
    0xff, 0xff, 0xff, 0xff, 0xff, 0xff, 0xff, 0x52,
    0xff, 0xff, 0xff, 0xff, 0xff, 0xff, 0xff, 0xff,
    0xff, 0xff, 0xf5, 0x2f, 0xff, 0xff, 0xff, 0xff,
    0xff, 0xff, 0xff, 0xff, 0xff, 0xff, 0x50,

    /* U+007B "{" */
    0x0, 0x0, 0x0, 0x0, 0x0, 0x37, 0xad, 0xef,
    0x40, 0x0, 0x0, 0x0, 0x4, 0xdf, 0xff, 0xff,
    0xf4, 0x0, 0x0, 0x0, 0x5, 0xff, 0xff, 0xff,
    0xff, 0x40, 0x0, 0x0, 0x2, 0xff, 0xff, 0xff,
    0xff, 0xf4, 0x0, 0x0, 0x0, 0xaf, 0xff, 0xff,
    0xff, 0xfd, 0x30, 0x0, 0x0, 0xf, 0xff, 0xff,
    0xfc, 0x30, 0x0, 0x0, 0x0, 0x4, 0xff, 0xff,
    0xfe, 0x0, 0x0, 0x0, 0x0, 0x0, 0x6f, 0xff,
    0xff, 0x70, 0x0, 0x0, 0x0, 0x0, 0x7, 0xff,
    0xff, 0xf4, 0x0, 0x0, 0x0, 0x0, 0x0, 0x8f,
    0xff, 0xff, 0x20, 0x0, 0x0, 0x0, 0x0, 0x8,
    0xff, 0xff, 0xf2, 0x0, 0x0, 0x0, 0x0, 0x0,
    0x8f, 0xff, 0xff, 0x20, 0x0, 0x0, 0x0, 0x0,
    0x8, 0xff, 0xff, 0xf2, 0x0, 0x0, 0x0, 0x0,
    0x0, 0x8f, 0xff, 0xff, 0x20, 0x0, 0x0, 0x0,
    0x0, 0x8, 0xff, 0xff, 0xf2, 0x0, 0x0, 0x0,
    0x0, 0x0, 0xaf, 0xff, 0xff, 0x20, 0x0, 0x0,
    0x0, 0x0, 0xd, 0xff, 0xff, 0xf1, 0x0, 0x0,
    0x0, 0x0, 0x5, 0xff, 0xff, 0xfe, 0x0, 0x0,
    0x0, 0x0, 0x27, 0xff, 0xff, 0xff, 0x80, 0x0,
    0x0, 0xb, 0xff, 0xff, 0xff, 0xff, 0xd0, 0x0,
    0x0, 0x0, 0xbf, 0xff, 0xff, 0xff, 0xb1, 0x0,
    0x0, 0x0, 0xb, 0xff, 0xff, 0xf8, 0x20, 0x0,
    0x0, 0x0, 0x0, 0xbf, 0xff, 0xff, 0x94, 0x0,
    0x0, 0x0, 0x0, 0xb, 0xff, 0xff, 0xff, 0xfc,
    0x10, 0x0, 0x0, 0x0, 0x9f, 0xff, 0xff, 0xff,
    0xfd, 0x10, 0x0, 0x0, 0x0, 0x1, 0x6f, 0xff,
    0xff, 0xf8, 0x0, 0x0, 0x0, 0x0, 0x0, 0x4f,
    0xff, 0xff, 0xe0, 0x0, 0x0, 0x0, 0x0, 0x0,
    0xdf, 0xff, 0xff, 0x10, 0x0, 0x0, 0x0, 0x0,
    0xa, 0xff, 0xff, 0xf2, 0x0, 0x0, 0x0, 0x0,
    0x0, 0x8f, 0xff, 0xff, 0x20, 0x0, 0x0, 0x0,
    0x0, 0x8, 0xff, 0xff, 0xf2, 0x0, 0x0, 0x0,
    0x0, 0x0, 0x8f, 0xff, 0xff, 0x20, 0x0, 0x0,
    0x0, 0x0, 0x8, 0xff, 0xff, 0xf2, 0x0, 0x0,
    0x0, 0x0, 0x0, 0x8f, 0xff, 0xff, 0x20, 0x0,
    0x0, 0x0, 0x0, 0x8, 0xff, 0xff, 0xf2, 0x0,
    0x0, 0x0, 0x0, 0x0, 0x7f, 0xff, 0xff, 0x40,
    0x0, 0x0, 0x0, 0x0, 0x6, 0xff, 0xff, 0xf7,
    0x0, 0x0, 0x0, 0x0, 0x0, 0x4f, 0xff, 0xff,
    0xe0, 0x0, 0x0, 0x0, 0x0, 0x0, 0xff, 0xff,
    0xff, 0xc3, 0x0, 0x0, 0x0, 0x0, 0xa, 0xff,
    0xff, 0xff, 0xfe, 0xc3, 0x0, 0x0, 0x0, 0x2f,
    0xff, 0xff, 0xff, 0xff, 0x40, 0x0, 0x0, 0x0,
    0x5f, 0xff, 0xff, 0xff, 0xf4, 0x0, 0x0, 0x0,
    0x0, 0x3d, 0xff, 0xff, 0xff, 0x40, 0x0, 0x0,
    0x0, 0x0, 0x3, 0x7a, 0xde, 0xf4,

    /* U+007C "|" */
    0x18, 0x88, 0x88, 0x33, 0xff, 0xff, 0xf7, 0x3f,
    0xff, 0xff, 0x73, 0xff, 0xff, 0xf7, 0x3f, 0xff,
    0xff, 0x73, 0xff, 0xff, 0xf7, 0x3f, 0xff, 0xff,
    0x73, 0xff, 0xff, 0xf7, 0x3f, 0xff, 0xff, 0x73,
    0xff, 0xff, 0xf7, 0x3f, 0xff, 0xff, 0x73, 0xff,
    0xff, 0xf7, 0x3f, 0xff, 0xff, 0x73, 0xff, 0xff,
    0xf7, 0x3f, 0xff, 0xff, 0x73, 0xff, 0xff, 0xf7,
    0x3f, 0xff, 0xff, 0x73, 0xff, 0xff, 0xf7, 0x3f,
    0xff, 0xff, 0x73, 0xff, 0xff, 0xf7, 0x3f, 0xff,
    0xff, 0x73, 0xff, 0xff, 0xf7, 0x3f, 0xff, 0xff,
    0x73, 0xff, 0xff, 0xf7, 0x3f, 0xff, 0xff, 0x73,
    0xff, 0xff, 0xf7, 0x3f, 0xff, 0xff, 0x73, 0xff,
    0xff, 0xf7, 0x3f, 0xff, 0xff, 0x73, 0xff, 0xff,
    0xf7, 0x3f, 0xff, 0xff, 0x73, 0xff, 0xff, 0xf7,
    0x3f, 0xff, 0xff, 0x73, 0xff, 0xff, 0xf7, 0x3f,
    0xff, 0xff, 0x73, 0xff, 0xff, 0xf7, 0x3f, 0xff,
    0xff, 0x73, 0xff, 0xff, 0xf7, 0x3f, 0xff, 0xff,
    0x73, 0xff, 0xff, 0xf7, 0x3f, 0xff, 0xff, 0x73,
    0xff, 0xff, 0xf7, 0x3f, 0xff, 0xff, 0x73, 0xff,
    0xff, 0xf7, 0x3f, 0xff, 0xff, 0x73, 0xff, 0xff,
    0xf7, 0x3f, 0xff, 0xff, 0x73, 0xff, 0xff, 0xf7,
    0x3f, 0xff, 0xff, 0x73, 0xff, 0xff, 0xf7, 0x3f,
    0xff, 0xff, 0x73, 0xff, 0xff, 0xf7, 0x3f, 0xff,
    0xff, 0x73, 0xff, 0xff, 0xf7, 0x3f, 0xff, 0xff,
    0x73, 0xff, 0xff, 0xf7, 0x3f, 0xff, 0xff, 0x73,
    0xff, 0xff, 0xf7, 0x3f, 0xff, 0xff, 0x70,

    /* U+007D "}" */
    0x6f, 0xed, 0xa6, 0x20, 0x0, 0x0, 0x0, 0x0,
    0x7, 0xff, 0xff, 0xff, 0xb2, 0x0, 0x0, 0x0,
    0x0, 0x7f, 0xff, 0xff, 0xff, 0xf3, 0x0, 0x0,
    0x0, 0x7, 0xff, 0xff, 0xff, 0xff, 0xe1, 0x0,
    0x0, 0x0, 0x5d, 0xff, 0xff, 0xff, 0xff, 0x70,
    0x0, 0x0, 0x0, 0x0, 0x4d, 0xff, 0xff, 0xfd,
    0x0, 0x0, 0x0, 0x0, 0x0, 0x2f, 0xff, 0xff,
    0xf1, 0x0, 0x0, 0x0, 0x0, 0x0, 0xaf, 0xff,
    0xff, 0x30, 0x0, 0x0, 0x0, 0x0, 0x6, 0xff,
    0xff, 0xf4, 0x0, 0x0, 0x0, 0x0, 0x0, 0x5f,
    0xff, 0xff, 0x40, 0x0, 0x0, 0x0, 0x0, 0x5,
    0xff, 0xff, 0xf5, 0x0, 0x0, 0x0, 0x0, 0x0,
    0x5f, 0xff, 0xff, 0x50, 0x0, 0x0, 0x0, 0x0,
    0x5, 0xff, 0xff, 0xf5, 0x0, 0x0, 0x0, 0x0,
    0x0, 0x5f, 0xff, 0xff, 0x50, 0x0, 0x0, 0x0,
    0x0, 0x5, 0xff, 0xff, 0xf5, 0x0, 0x0, 0x0,
    0x0, 0x0, 0x4f, 0xff, 0xff, 0x70, 0x0, 0x0,
    0x0, 0x0, 0x3, 0xff, 0xff, 0xfb, 0x0, 0x0,
    0x0, 0x0, 0x0, 0x1f, 0xff, 0xff, 0xf3, 0x0,
    0x0, 0x0, 0x0, 0x0, 0xbf, 0xff, 0xff, 0xf8,
    0x30, 0x0, 0x0, 0x0, 0x1, 0xef, 0xff, 0xff,
    0xff, 0xf8, 0x0, 0x0, 0x0, 0x2, 0xbf, 0xff,
    0xff, 0xff, 0x80, 0x0, 0x0, 0x0, 0x0, 0x28,
    0xff, 0xff, 0xf8, 0x0, 0x0, 0x0, 0x0, 0x6,
    0xcf, 0xff, 0xff, 0x80, 0x0, 0x0, 0x0, 0x4e,
    0xff, 0xff, 0xff, 0xf8, 0x0, 0x0, 0x0, 0x3f,
    0xff, 0xff, 0xff, 0xfc, 0x60, 0x0, 0x0, 0xc,
    0xff, 0xff, 0xfd, 0x40, 0x0, 0x0, 0x0, 0x1,
    0xff, 0xff, 0xff, 0x20, 0x0, 0x0, 0x0, 0x0,
    0x4f, 0xff, 0xff, 0xa0, 0x0, 0x0, 0x0, 0x0,
    0x4, 0xff, 0xff, 0xf6, 0x0, 0x0, 0x0, 0x0,
    0x0, 0x5f, 0xff, 0xff, 0x50, 0x0, 0x0, 0x0,
    0x0, 0x5, 0xff, 0xff, 0xf5, 0x0, 0x0, 0x0,
    0x0, 0x0, 0x5f, 0xff, 0xff, 0x50, 0x0, 0x0,
    0x0, 0x0, 0x5, 0xff, 0xff, 0xf5, 0x0, 0x0,
    0x0, 0x0, 0x0, 0x5f, 0xff, 0xff, 0x50, 0x0,
    0x0, 0x0, 0x0, 0x5, 0xff, 0xff, 0xf4, 0x0,
    0x0, 0x0, 0x0, 0x0, 0x6f, 0xff, 0xff, 0x40,
    0x0, 0x0, 0x0, 0x0, 0xa, 0xff, 0xff, 0xf3,
    0x0, 0x0, 0x0, 0x0, 0x2, 0xff, 0xff, 0xff,
    0x0, 0x0, 0x0, 0x0, 0x4, 0xdf, 0xff, 0xff,
    0xd0, 0x0, 0x0, 0x5, 0xdf, 0xff, 0xff, 0xff,
    0xf7, 0x0, 0x0, 0x0, 0x7f, 0xff, 0xff, 0xff,
    0xfe, 0x0, 0x0, 0x0, 0x7, 0xff, 0xff, 0xff,
    0xff, 0x30, 0x0, 0x0, 0x0, 0x7f, 0xff, 0xff,
    0xfb, 0x20, 0x0, 0x0, 0x0, 0x6, 0xfe, 0xda,
    0x62, 0x0, 0x0, 0x0, 0x0, 0x0,

    /* U+007E "~" */
    0x0, 0x0, 0x0, 0x13, 0x31, 0x0, 0x0, 0x0,
    0x0, 0x0, 0x0, 0x0, 0x0, 0x0, 0x0, 0x5d,
    0xff, 0xff, 0xc4, 0x0, 0x0, 0x0, 0x0, 0x26,
    0x66, 0x63, 0x0, 0xa, 0xff, 0xff, 0xff, 0xff,
    0xa0, 0x0, 0x0, 0x0, 0x6f, 0xff, 0xf8, 0x0,
    0x9f, 0xff, 0xff, 0xff, 0xff, 0xfd, 0x20, 0x0,
    0x0, 0x9f, 0xff, 0xf7, 0x3, 0xff, 0xff, 0xff,
    0xff, 0xff, 0xff, 0xe3, 0x0, 0x1, 0xff, 0xff,
    0xf5, 0x9, 0xff, 0xff, 0xff, 0xff, 0xff, 0xff,
    0xff, 0x94, 0x6d, 0xff, 0xff, 0xf2, 0xe, 0xff,
    0xff, 0xd4, 0x2, 0xbf, 0xff, 0xff, 0xff, 0xff,
    0xff, 0xff, 0xc0, 0x1f, 0xff, 0xff, 0x20, 0x0,
    0x8, 0xff, 0xff, 0xff, 0xff, 0xff, 0xff, 0x50,
    0x2f, 0xff, 0xfd, 0x0, 0x0, 0x0, 0x6f, 0xff,
    0xff, 0xff, 0xff, 0xfa, 0x0, 0x3f, 0xff, 0xfb,
    0x0, 0x0, 0x0, 0x3, 0xdf, 0xff, 0xff, 0xff,
    0x90, 0x0, 0x2, 0x22, 0x21, 0x0, 0x0, 0x0,
    0x0, 0x6, 0xbe, 0xfe, 0xa3, 0x0, 0x0,

    /* U+00A0 " " */

    /* U+00A1 "¡" */
    0x0, 0x5d, 0xfe, 0x90, 0x0, 0x6f, 0xff, 0xff,
    0xc0, 0xe, 0xff, 0xff, 0xff, 0x51, 0xff, 0xff,
    0xff, 0xf8, 0xf, 0xff, 0xff, 0xff, 0x70, 0xbf,
    0xff, 0xff, 0xf2, 0x1, 0xdf, 0xff, 0xf6, 0x0,
    0x0, 0x57, 0x62, 0x0, 0x0, 0x0, 0x0, 0x0,
    0x0, 0x0, 0x0, 0x0, 0x0, 0x0, 0x0, 0x0,
    0x0, 0x0, 0x3, 0x33, 0x33, 0x20, 0x2, 0xff,
    0xff, 0xf9, 0x0, 0x2f, 0xff, 0xff, 0x90, 0x3,
    0xff, 0xff, 0xfa, 0x0, 0x3f, 0xff, 0xff, 0xa0,
    0x3, 0xff, 0xff, 0xfa, 0x0, 0x4f, 0xff, 0xff,
    0xb0, 0x4, 0xff, 0xff, 0xfb, 0x0, 0x4f, 0xff,
    0xff, 0xb0, 0x4, 0xff, 0xff, 0xfc, 0x0, 0x5f,
    0xff, 0xff, 0xc0, 0x5, 0xff, 0xff, 0xfc, 0x0,
    0x5f, 0xff, 0xff, 0xc0, 0x6, 0xff, 0xff, 0xfd,
    0x0, 0x6f, 0xff, 0xff, 0xd0, 0x6, 0xff, 0xff,
    0xfd, 0x0, 0x6f, 0xff, 0xff, 0xe0, 0x7, 0xff,
    0xff, 0xfe, 0x0, 0x7f, 0xff, 0xff, 0xe0, 0x7,
    0xff, 0xff, 0xff, 0x0, 0x8f, 0xff, 0xff, 0xf0,
    0x8, 0xff, 0xff, 0xff, 0x0, 0x8f, 0xff, 0xff,
    0xf0, 0x9, 0xff, 0xff, 0xff, 0x0, 0x9f, 0xff,
    0xff, 0xf0,

    /* U+00A2 "¢" */
    0x0, 0x0, 0x0, 0x0, 0x0, 0xe, 0xfd, 0x0,
    0x0, 0x0, 0x0, 0x0, 0x0, 0x0, 0x0, 0x0,
    0x0, 0xe, 0xfd, 0x0, 0x0, 0x0, 0x0, 0x0,
    0x0, 0x0, 0x0, 0x0, 0x0, 0xe, 0xfd, 0x0,
    0x0, 0x0, 0x0, 0x0, 0x0, 0x0, 0x0, 0x0,
    0x0, 0xe, 0xfd, 0x0, 0x0, 0x0, 0x0, 0x0,
    0x0, 0x0, 0x0, 0x0, 0x59, 0xcf, 0xff, 0xca,
    0x61, 0x0, 0x0, 0x0, 0x0, 0x0, 0x0, 0x7e,
    0xff, 0xff, 0xff, 0xff, 0xff, 0x91, 0x0, 0x0,
    0x0, 0x0, 0x2d, 0xff, 0xff, 0xff, 0xff, 0xff,
    0xff, 0xfe, 0x40, 0x0, 0x0, 0x3, 0xef, 0xff,
    0xff, 0xff, 0xff, 0xff, 0xff, 0xff, 0xf5, 0x0,
    0x0, 0x1e, 0xff, 0xff, 0xff, 0xff, 0xff, 0xff,
    0xff, 0xff, 0xff, 0x20, 0x0, 0xbf, 0xff, 0xff,
    0xff, 0x9f, 0xfe, 0x8e, 0xff, 0xff, 0xff, 0xc0,
    0x4, 0xff, 0xff, 0xff, 0xd2, 0xe, 0xfd, 0x0,
    0xaf, 0xff, 0xff, 0xf3, 0xb, 0xff, 0xff, 0xfe,
    0x10, 0xe, 0xfd, 0x0, 0xc, 0xff, 0xff, 0xf9,
    0x1f, 0xff, 0xff, 0xf7, 0x0, 0xe, 0xfd, 0x0,
    0x4, 0xff, 0xff, 0xd8, 0x5f, 0xff, 0xff, 0xf0,
    0x0, 0xe, 0xfd, 0x0, 0x0, 0xa7, 0x41, 0x0,
    0x9f, 0xff, 0xff, 0xb0, 0x0, 0xe, 0xfd, 0x0,
    0x0, 0x0, 0x0, 0x0, 0xbf, 0xff, 0xff, 0x80,
    0x0, 0xe, 0xfd, 0x0, 0x0, 0x0, 0x0, 0x0,
    0xdf, 0xff, 0xff, 0x60, 0x0, 0xe, 0xfd, 0x0,
    0x0, 0x0, 0x0, 0x0, 0xef, 0xff, 0xff, 0x50,
    0x0, 0xe, 0xfd, 0x0, 0x0, 0x0, 0x0, 0x0,
    0xef, 0xff, 0xff, 0x50, 0x0, 0xe, 0xfd, 0x0,
    0x0, 0x0, 0x0, 0x0, 0xdf, 0xff, 0xff, 0x50,
    0x0, 0xe, 0xfd, 0x0, 0x0, 0x0, 0x0, 0x0,
    0xbf, 0xff, 0xff, 0x80, 0x0, 0xe, 0xfd, 0x0,
    0x0, 0x0, 0x0, 0x0, 0x9f, 0xff, 0xff, 0xb0,
    0x0, 0xe, 0xfd, 0x0, 0x0, 0x0, 0x0, 0x0,
    0x6f, 0xff, 0xff, 0xf0, 0x0, 0xe, 0xfd, 0x0,
    0x0, 0xca, 0x73, 0x0, 0x1f, 0xff, 0xff, 0xf6,
    0x0, 0xe, 0xfd, 0x0, 0x3, 0xff, 0xff, 0xfb,
    0xb, 0xff, 0xff, 0xfe, 0x10, 0xe, 0xfd, 0x0,
    0xc, 0xff, 0xff, 0xf9, 0x4, 0xff, 0xff, 0xff,
    0xd1, 0xe, 0xfd, 0x0, 0xaf, 0xff, 0xff, 0xf4,
    0x0, 0xbf, 0xff, 0xff, 0xff, 0x8f, 0xfe, 0x7d,
    0xff, 0xff, 0xff, 0xc0, 0x0, 0x1e, 0xff, 0xff,
    0xff, 0xff, 0xff, 0xff, 0xff, 0xff, 0xff, 0x20,
    0x0, 0x3, 0xff, 0xff, 0xff, 0xff, 0xff, 0xff,
    0xff, 0xff, 0xf5, 0x0, 0x0, 0x0, 0x2d, 0xff,
    0xff, 0xff, 0xff, 0xff, 0xff, 0xfe, 0x40, 0x0,
    0x0, 0x0, 0x0, 0x8f, 0xff, 0xff, 0xff, 0xff,
    0xff, 0x91, 0x0, 0x0, 0x0, 0x0, 0x0, 0x0,
    0x59, 0xcf, 0xff, 0xca, 0x61, 0x0, 0x0, 0x0,
    0x0, 0x0, 0x0, 0x0, 0x0, 0xe, 0xfd, 0x0,
    0x0, 0x0, 0x0, 0x0, 0x0, 0x0, 0x0, 0x0,
    0x0, 0xe, 0xfd, 0x0, 0x0, 0x0, 0x0, 0x0,
    0x0, 0x0, 0x0, 0x0, 0x0, 0xe, 0xfd, 0x0,
    0x0, 0x0, 0x0, 0x0, 0x0, 0x0, 0x0, 0x0,
    0x0, 0xe, 0xfd, 0x0, 0x0, 0x0, 0x0, 0x0,

    /* U+00A3 "£" */
    0x0, 0x0, 0x0, 0x0, 0x0, 0x49, 0xce, 0xff,
    0xdb, 0x71, 0x0, 0x0, 0x0, 0x0, 0x0, 0x0,
    0x0, 0x5d, 0xff, 0xff, 0xff, 0xff, 0xff, 0x90,
    0x0, 0x0, 0x0, 0x0, 0x0, 0xa, 0xff, 0xff,
    0xff, 0xff, 0xff, 0xff, 0xfe, 0x30, 0x0, 0x0,
    0x0, 0x0, 0xbf, 0xff, 0xff, 0xff, 0xff, 0xff,
    0xff, 0xff, 0xe3, 0x0, 0x0, 0x0, 0x8, 0xff,
    0xff, 0xff, 0xff, 0xff, 0xff, 0xff, 0xff, 0xfd,
    0x0, 0x0, 0x0, 0x2f, 0xff, 0xff, 0xff, 0xc8,
    0x66, 0x9e, 0xff, 0xff, 0xff, 0x80, 0x0, 0x0,
    0x9f, 0xff, 0xff, 0xf5, 0x0, 0x0, 0x1, 0xbf,
    0xff, 0xff, 0xf0, 0x0, 0x0, 0xef, 0xff, 0xff,
    0x70, 0x0, 0x0, 0x0, 0xe, 0xff, 0xff, 0xf6,
    0x0, 0x2, 0xff, 0xff, 0xfe, 0x0, 0x0, 0x0,
    0x0, 0x6, 0xff, 0xff, 0xfa, 0x0, 0x5, 0xff,
    0xff, 0xfa, 0x0, 0x0, 0x0, 0x0, 0x1, 0xff,
    0xca, 0x74, 0x0, 0x6, 0xff, 0xff, 0xf8, 0x0,
    0x0, 0x0, 0x0, 0x0, 0x10, 0x0, 0x0, 0x0,
    0x6, 0xff, 0xff, 0xf8, 0x0, 0x0, 0x0, 0x0,
    0x0, 0x0, 0x0, 0x0, 0x0, 0x5, 0xff, 0xff,
    0xf8, 0x0, 0x0, 0x0, 0x0, 0x0, 0x0, 0x0,
    0x0, 0x0, 0x4, 0xff, 0xff, 0xf9, 0x0, 0x0,
    0x0, 0x0, 0x0, 0x0, 0x0, 0x0, 0x0, 0x4,
    0xff, 0xff, 0xf9, 0x0, 0x0, 0x0, 0x0, 0x0,
    0x0, 0x0, 0x0, 0x0, 0x3, 0xff, 0xff, 0xfa,
    0x0, 0x0, 0x0, 0x0, 0x0, 0x0, 0x0, 0x0,
    0xaf, 0xff, 0xff, 0xff, 0xff, 0xff, 0xff, 0xff,
    0xff, 0xf9, 0x0, 0x0, 0x0, 0xaf, 0xff, 0xff,
    0xff, 0xff, 0xff, 0xff, 0xff, 0xff, 0xf9, 0x0,
    0x0, 0x0, 0xaf, 0xff, 0xff, 0xff, 0xff, 0xff,
    0xff, 0xff, 0xff, 0xf9, 0x0, 0x0, 0x0, 0xaf,
    0xff, 0xff, 0xff, 0xff, 0xff, 0xff, 0xff, 0xff,
    0xf9, 0x0, 0x0, 0x0, 0x24, 0x44, 0xff, 0xff,
    0xfd, 0x44, 0x44, 0x44, 0x44, 0x42, 0x0, 0x0,
    0x0, 0x0, 0x0, 0xff, 0xff, 0xfd, 0x0, 0x0,
    0x0, 0x0, 0x0, 0x0, 0x0, 0x0, 0x0, 0x0,
    0xef, 0xff, 0xfd, 0x0, 0x0, 0x0, 0x0, 0x0,
    0x0, 0x0, 0x0, 0x0, 0x0, 0xef, 0xff, 0xfe,
    0x0, 0x0, 0x0, 0x0, 0x0, 0x0, 0x0, 0x0,
    0x0, 0x0, 0xdf, 0xff, 0xff, 0x0, 0x0, 0x0,
    0x0, 0x0, 0x0, 0x0, 0x0, 0x0, 0x0, 0xcf,
    0xff, 0xff, 0x0, 0x0, 0x0, 0x0, 0x0, 0x0,
    0x0, 0x0, 0x0, 0x0, 0xcf, 0xff, 0xfe, 0x0,
    0x0, 0x0, 0x0, 0x0, 0x0, 0x0, 0x0, 0x0,
    0x0, 0xcf, 0xff, 0xfb, 0x0, 0x0, 0x0, 0x0,
    0x0, 0x35, 0x55, 0x55, 0x0, 0x0, 0xff, 0xff,
    0xf4, 0x0, 0x0, 0x0, 0x0, 0x0, 0xbf, 0xff,
    0xff, 0x0, 0x9, 0xff, 0xff, 0x70, 0x0, 0x0,
    0x0, 0x0, 0x0, 0xcf, 0xff, 0xff, 0x47, 0xcf,
    0xff, 0xf9, 0x55, 0x55, 0x55, 0x55, 0x55, 0x58,
    0xff, 0xff, 0xfd, 0xaf, 0xff, 0xff, 0xff, 0xff,
    0xff, 0xff, 0xff, 0xff, 0xff, 0xff, 0xff, 0xfa,
    0xaf, 0xff, 0xff, 0xff, 0xff, 0xff, 0xff, 0xff,
    0xff, 0xff, 0xff, 0xff, 0xf5, 0xaf, 0xff, 0xff,
    0xff, 0xff, 0xff, 0xff, 0xff, 0xff, 0xff, 0xff,
    0xff, 0xc0, 0xaf, 0xff, 0xff, 0xff, 0xff, 0xff,
    0xff, 0xff, 0xff, 0xff, 0xff, 0xfc, 0x10, 0xaf,
    0xff, 0xff, 0xff, 0xff, 0xff, 0xff, 0xff, 0xff,
    0xff, 0xea, 0x50, 0x0,

    /* U+00A4 "¤" */
    0x0, 0x14, 0x0, 0x0, 0x0, 0x0, 0x0, 0x0,
    0x0, 0x0, 0x0, 0x0, 0x0, 0x41, 0x0, 0x1,
    0xdf, 0x40, 0x0, 0x0, 0x38, 0xce, 0xff, 0xdb,
    0x73, 0x0, 0x0, 0x4, 0xfd, 0x10, 0x1d, 0xff,
    0xf4, 0x0, 0x6d, 0xff, 0xff, 0xff, 0xff, 0xff,
    0xc5, 0x0, 0x4f, 0xff, 0xd1, 0xbf, 0xff, 0xff,
    0x5c, 0xff, 0xff, 0xff, 0xff, 0xff, 0xff, 0xff,
    0xb5, 0xff, 0xff, 0xfb, 0x2e, 0xff, 0xff, 0xff,
    0xff, 0xff, 0xff, 0xff, 0xff, 0xff, 0xff, 0xff,
    0xff, 0xff, 0xe2, 0x2, 0xef, 0xff, 0xff, 0xff,
    0xfd, 0x85, 0x44, 0x59, 0xef, 0xff, 0xff, 0xff,
    0xfe, 0x30, 0x0, 0x3f, 0xff, 0xff, 0xfe, 0x50,
    0x0, 0x0, 0x0, 0x6, 0xff, 0xff, 0xff, 0xf3,
    0x0, 0x0, 0xc, 0xff, 0xff, 0xc1, 0x0, 0x0,
    0x0, 0x0, 0x0, 0x2d, 0xff, 0xff, 0xb0, 0x0,
    0x0, 0x6f, 0xff, 0xfb, 0x0, 0x0, 0x0, 0x0,
    0x0, 0x0, 0x1, 0xdf, 0xff, 0xf4, 0x0, 0x0,
    0xdf, 0xff, 0xe1, 0x0, 0x0, 0x0, 0x0, 0x0,
    0x0, 0x0, 0x3f, 0xff, 0xfc, 0x0, 0x4, 0xff,
    0xff, 0x40, 0x0, 0x0, 0x0, 0x0, 0x0, 0x0,
    0x0, 0x7, 0xff, 0xff, 0x20, 0x9, 0xff, 0xfc,
    0x0, 0x0, 0x0, 0x0, 0x0, 0x0, 0x0, 0x0,
    0x0, 0xef, 0xff, 0x80, 0xd, 0xff, 0xf6, 0x0,
    0x0, 0x0, 0x0, 0x0, 0x0, 0x0, 0x0, 0x0,
    0x9f, 0xff, 0xb0, 0xf, 0xff, 0xf2, 0x0, 0x0,
    0x0, 0x0, 0x0, 0x0, 0x0, 0x0, 0x0, 0x5f,
    0xff, 0xf0, 0x2f, 0xff, 0xf0, 0x0, 0x0, 0x0,
    0x0, 0x0, 0x0, 0x0, 0x0, 0x0, 0x2f, 0xff,
    0xf0, 0x3f, 0xff, 0xe0, 0x0, 0x0, 0x0, 0x0,
    0x0, 0x0, 0x0, 0x0, 0x0, 0x1f, 0xff, 0xf1,
    0x3f, 0xff, 0xe0, 0x0, 0x0, 0x0, 0x0, 0x0,
    0x0, 0x0, 0x0, 0x0, 0x1f, 0xff, 0xf1, 0x2f,
    0xff, 0xf0, 0x0, 0x0, 0x0, 0x0, 0x0, 0x0,
    0x0, 0x0, 0x0, 0x2f, 0xff, 0xf0, 0xf, 0xff,
    0xf2, 0x0, 0x0, 0x0, 0x0, 0x0, 0x0, 0x0,
    0x0, 0x0, 0x5f, 0xff, 0xf0, 0xd, 0xff, 0xf6,
    0x0, 0x0, 0x0, 0x0, 0x0, 0x0, 0x0, 0x0,
    0x0, 0x9f, 0xff, 0xb0, 0x9, 0xff, 0xfc, 0x0,
    0x0, 0x0, 0x0, 0x0, 0x0, 0x0, 0x0, 0x0,
    0xef, 0xff, 0x80, 0x4, 0xff, 0xff, 0x40, 0x0,
    0x0, 0x0, 0x0, 0x0, 0x0, 0x0, 0x7, 0xff,
    0xff, 0x20, 0x0, 0xdf, 0xff, 0xe1, 0x0, 0x0,
    0x0, 0x0, 0x0, 0x0, 0x0, 0x3f, 0xff, 0xfc,
    0x0, 0x0, 0x5f, 0xff, 0xfb, 0x0, 0x0, 0x0,
    0x0, 0x0, 0x0, 0x1, 0xdf, 0xff, 0xf3, 0x0,
    0x0, 0xe, 0xff, 0xff, 0xc1, 0x0, 0x0, 0x0,
    0x0, 0x0, 0x3e, 0xff, 0xff, 0xe0, 0x0, 0x0,
    0xbf, 0xff, 0xff, 0xfe, 0x50, 0x0, 0x0, 0x0,
    0x7, 0xff, 0xff, 0xff, 0xfb, 0x0, 0xa, 0xff,
    0xff, 0xff, 0xff, 0xfe, 0x96, 0x45, 0x6a, 0xff,
    0xff, 0xff, 0xff, 0xff, 0xb0, 0xaf, 0xff, 0xff,
    0xff, 0xff, 0xff, 0xff, 0xff, 0xff, 0xff, 0xff,
    0xff, 0xff, 0xff, 0xfa, 0x4f, 0xff, 0xf9, 0x2c,
    0xff, 0xff, 0xff, 0xff, 0xff, 0xff, 0xff, 0xa1,
    0x9f, 0xff, 0xf4, 0x5, 0xff, 0x90, 0x0, 0x5d,
    0xff, 0xff, 0xff, 0xff, 0xff, 0xc4, 0x0, 0x9,
    0xff, 0x50, 0x0, 0x59, 0x0, 0x0, 0x0, 0x38,
    0xce, 0xff, 0xdb, 0x73, 0x0, 0x0, 0x0, 0xa5,
    0x0, 0x0, 0x0, 0x0, 0x0, 0x0, 0x0, 0x0,
    0x0, 0x0, 0x0, 0x0, 0x0, 0x0, 0x0, 0x0,

    /* U+00A5 "¥" */
    0x1f, 0xff, 0xff, 0xf7, 0x0, 0x0, 0x0, 0x0,
    0x0, 0x6, 0xff, 0xff, 0xff, 0x20, 0xaf, 0xff,
    0xff, 0xd0, 0x0, 0x0, 0x0, 0x0, 0x0, 0xcf,
    0xff, 0xff, 0xb0, 0x2, 0xff, 0xff, 0xff, 0x40,
    0x0, 0x0, 0x0, 0x0, 0x3f, 0xff, 0xff, 0xf4,
    0x0, 0xb, 0xff, 0xff, 0xfa, 0x0, 0x0, 0x0,
    0x0, 0x9, 0xff, 0xff, 0xfc, 0x0, 0x0, 0x4f,
    0xff, 0xff, 0xf1, 0x0, 0x0, 0x0, 0x0, 0xff,
    0xff, 0xff, 0x50, 0x0, 0x0, 0xdf, 0xff, 0xff,
    0x70, 0x0, 0x0, 0x0, 0x6f, 0xff, 0xff, 0xe0,
    0x0, 0x0, 0x6, 0xff, 0xff, 0xfe, 0x0, 0x0,
    0x0, 0xd, 0xff, 0xff, 0xf7, 0x0, 0x0, 0x0,
    0xe, 0xff, 0xff, 0xf4, 0x0, 0x0, 0x3, 0xff,
    0xff, 0xff, 0x0, 0x0, 0x0, 0x0, 0x7f, 0xff,
    0xff, 0xb0, 0x0, 0x0, 0xaf, 0xff, 0xff, 0x80,
    0x0, 0x0, 0x0, 0x1, 0xff, 0xff, 0xff, 0x10,
    0x0, 0x1f, 0xff, 0xff, 0xf1, 0x0, 0x0, 0x0,
    0x0, 0x9, 0xff, 0xff, 0xf8, 0x0, 0x7, 0xff,
    0xff, 0xfa, 0x0, 0x0, 0x0, 0x0, 0x0, 0x2f,
    0xff, 0xff, 0xe0, 0x0, 0xdf, 0xff, 0xff, 0x30,
    0x0, 0x0, 0x0, 0x0, 0x0, 0xbf, 0xff, 0xff,
    0x50, 0x4f, 0xff, 0xff, 0xc0, 0x0, 0x0, 0x0,
    0x0, 0x0, 0x4, 0xff, 0xff, 0xfb, 0xa, 0xff,
    0xff, 0xf4, 0x0, 0x0, 0x0, 0x0, 0x0, 0x0,
    0xc, 0xff, 0xff, 0xf4, 0xff, 0xff, 0xfd, 0x0,
    0x0, 0x0, 0x0, 0x0, 0x0, 0x0, 0x5f, 0xff,
    0xff, 0xef, 0xff, 0xff, 0x60, 0x0, 0x0, 0x0,
    0x0, 0x0, 0x0, 0x0, 0xef, 0xff, 0xff, 0xff,
    0xff, 0xe0, 0x0, 0x0, 0x0, 0x0, 0x0, 0x0,
    0x0, 0x7, 0xff, 0xff, 0xff, 0xff, 0xf8, 0x0,
    0x0, 0x0, 0x0, 0x0, 0x2f, 0xff, 0xff, 0xff,
    0xff, 0xff, 0xff, 0xff, 0xff, 0xff, 0xfc, 0x0,
    0x0, 0x2, 0xff, 0xff, 0xff, 0xff, 0xff, 0xff,
    0xff, 0xff, 0xff, 0xff, 0xc0, 0x0, 0x0, 0x2f,
    0xff, 0xff, 0xff, 0xff, 0xff, 0xff, 0xff, 0xff,
    0xff, 0xfc, 0x0, 0x0, 0x2, 0xee, 0xee, 0xee,
    0xef, 0xff, 0xff, 0xff, 0xee, 0xee, 0xee, 0xa0,
    0x0, 0x0, 0x0, 0x0, 0x0, 0x0, 0x9f, 0xff,
    0xff, 0x90, 0x0, 0x0, 0x0, 0x0, 0x0, 0x0,
    0x0, 0x0, 0x0, 0x9, 0xff, 0xff, 0xf9, 0x0,
    0x0, 0x0, 0x0, 0x0, 0x0, 0x0, 0x0, 0x0,
    0x0, 0x9f, 0xff, 0xff, 0x90, 0x0, 0x0, 0x0,
    0x0, 0x0, 0x2, 0xff, 0xff, 0xff, 0xff, 0xff,
    0xff, 0xff, 0xff, 0xff, 0xff, 0xc0, 0x0, 0x0,
    0x2f, 0xff, 0xff, 0xff, 0xff, 0xff, 0xff, 0xff,
    0xff, 0xff, 0xfc, 0x0, 0x0, 0x2, 0xff, 0xff,
    0xff, 0xff, 0xff, 0xff, 0xff, 0xff, 0xff, 0xff,
    0xc0, 0x0, 0x0, 0x2e, 0xee, 0xee, 0xee, 0xff,
    0xff, 0xff, 0xfe, 0xee, 0xee, 0xea, 0x0, 0x0,
    0x0, 0x0, 0x0, 0x0, 0x9, 0xff, 0xff, 0xf9,
    0x0, 0x0, 0x0, 0x0, 0x0, 0x0, 0x0, 0x0,
    0x0, 0x0, 0x9f, 0xff, 0xff, 0x90, 0x0, 0x0,
    0x0, 0x0, 0x0, 0x0, 0x0, 0x0, 0x0, 0x9,
    0xff, 0xff, 0xf9, 0x0, 0x0, 0x0, 0x0, 0x0,
    0x0, 0x0, 0x0, 0x0, 0x0, 0x9f, 0xff, 0xff,
    0x90, 0x0, 0x0, 0x0, 0x0, 0x0, 0x0, 0x0,
    0x0, 0x0, 0x9, 0xff, 0xff, 0xf9, 0x0, 0x0,
    0x0, 0x0, 0x0, 0x0, 0x0, 0x0, 0x0, 0x0,
    0x9f, 0xff, 0xff, 0x90, 0x0, 0x0, 0x0, 0x0,
    0x0, 0x0, 0x0, 0x0, 0x0, 0x9, 0xff, 0xff,
    0xf9, 0x0, 0x0, 0x0, 0x0, 0x0,

    /* U+00A6 "¦" */
    0x2f, 0xff, 0xff, 0x52, 0xff, 0xff, 0xf5, 0x2f,
    0xff, 0xff, 0x52, 0xff, 0xff, 0xf5, 0x2f, 0xff,
    0xff, 0x52, 0xff, 0xff, 0xf5, 0x2f, 0xff, 0xff,
    0x52, 0xff, 0xff, 0xf5, 0x2f, 0xff, 0xff, 0x52,
    0xff, 0xff, 0xf5, 0x2f, 0xff, 0xff, 0x52, 0xff,
    0xff, 0xf5, 0x2f, 0xff, 0xff, 0x52, 0xff, 0xff,
    0xf5, 0x2f, 0xff, 0xff, 0x52, 0xff, 0xff, 0xf5,
    0x16, 0x66, 0x66, 0x20, 0x0, 0x0, 0x0, 0x0,
    0x0, 0x0, 0x0, 0x0, 0x0, 0x0, 0x0, 0x0,
    0x0, 0x0, 0x0, 0x0, 0x0, 0x0, 0x0, 0x0,
    0x0, 0x0, 0x0, 0x0, 0x0, 0x0, 0x0, 0x1,
    0x77, 0x77, 0x72, 0x2f, 0xff, 0xff, 0x52, 0xff,
    0xff, 0xf5, 0x2f, 0xff, 0xff, 0x52, 0xff, 0xff,
    0xf5, 0x2f, 0xff, 0xff, 0x52, 0xff, 0xff, 0xf5,
    0x2f, 0xff, 0xff, 0x52, 0xff, 0xff, 0xf5, 0x2f,
    0xff, 0xff, 0x52, 0xff, 0xff, 0xf5, 0x2f, 0xff,
    0xff, 0x52, 0xff, 0xff, 0xf5, 0x2f, 0xff, 0xff,
    0x52, 0xff, 0xff, 0xf5, 0x2f, 0xff, 0xff, 0x52,
    0xff, 0xff, 0xf5,

    /* U+00A7 "§" */
    0x0, 0x0, 0x0, 0x5, 0xad, 0xef, 0xfd, 0xa6,
    0x0, 0x0, 0x0, 0x0, 0x0, 0x0, 0x5e, 0xff,
    0xff, 0xff, 0xff, 0xfe, 0x50, 0x0, 0x0, 0x0,
    0x0, 0x9f, 0xff, 0xff, 0xff, 0xff, 0xff, 0xff,
    0x80, 0x0, 0x0, 0x0, 0x7f, 0xff, 0xff, 0xff,
    0xff, 0xff, 0xff, 0xff, 0x50, 0x0, 0x0, 0x1f,
    0xff, 0xff, 0xff, 0xff, 0xff, 0xff, 0xff, 0xfe,
    0x10, 0x0, 0x7, 0xff, 0xff, 0xfe, 0x61, 0x0,
    0x3c, 0xff, 0xff, 0xf7, 0x0, 0x0, 0xbf, 0xff,
    0xff, 0x20, 0x0, 0x0, 0x1e, 0xff, 0xff, 0xd0,
    0x0, 0xc, 0xff, 0xff, 0xb0, 0x0, 0x0, 0x0,
    0x6f, 0xff, 0xff, 0x10, 0x0, 0xcf, 0xff, 0xfa,
    0x0, 0x0, 0x0, 0x0, 0xc9, 0x62, 0x0, 0x0,
    0xa, 0xff, 0xff, 0xe0, 0x0, 0x0, 0x0, 0x0,
    0x0, 0x0, 0x0, 0x0, 0x7f, 0xff, 0xff, 0x70,
    0x0, 0x0, 0x0, 0x0, 0x0, 0x0, 0x0, 0x1,
    0xff, 0xff, 0xff, 0xa1, 0x0, 0x0, 0x0, 0x0,
    0x0, 0x0, 0x0, 0x7, 0xff, 0xff, 0xff, 0xf8,
    0x10, 0x0, 0x0, 0x0, 0x0, 0x0, 0x0, 0x9,
    0xff, 0xff, 0xff, 0xff, 0x92, 0x0, 0x0, 0x0,
    0x0, 0x0, 0x0, 0x6, 0xff, 0xff, 0xff, 0xff,
    0xfa, 0x20, 0x0, 0x0, 0x0, 0x0, 0x8d, 0xff,
    0xff, 0xff, 0xff, 0xff, 0xff, 0xa2, 0x0, 0x0,
    0x1, 0xdf, 0xff, 0xe7, 0x6c, 0xff, 0xff, 0xff,
    0xff, 0xf8, 0x0, 0x0, 0xcf, 0xff, 0xe1, 0x0,
    0x4, 0xcf, 0xff, 0xff, 0xff, 0xfa, 0x0, 0x3f,
    0xff, 0xf7, 0x0, 0x0, 0x0, 0x3b, 0xff, 0xff,
    0xff, 0xf7, 0x7, 0xff, 0xff, 0x50, 0x0, 0x0,
    0x0, 0x3, 0xcf, 0xff, 0xff, 0xf2, 0x8f, 0xff,
    0xf6, 0x0, 0x0, 0x0, 0x0, 0x0, 0x7f, 0xff,
    0xff, 0x87, 0xff, 0xff, 0xb0, 0x0, 0x0, 0x0,
    0x0, 0x0, 0xaf, 0xff, 0xfc, 0x3f, 0xff, 0xff,
    0x80, 0x0, 0x0, 0x0, 0x0, 0x3, 0xff, 0xff,
    0xd0, 0xdf, 0xff, 0xff, 0xb2, 0x0, 0x0, 0x0,
    0x0, 0x1f, 0xff, 0xfc, 0x4, 0xff, 0xff, 0xff,
    0xfa, 0x20, 0x0, 0x0, 0x4, 0xff, 0xff, 0x80,
    0x6, 0xff, 0xff, 0xff, 0xff, 0xb3, 0x0, 0x0,
    0xbf, 0xff, 0xf1, 0x0, 0x5, 0xef, 0xff, 0xff,
    0xff, 0xfb, 0x55, 0xcf, 0xff, 0xf4, 0x0, 0x0,
    0x1, 0x9f, 0xff, 0xff, 0xff, 0xff, 0xff, 0xff,
    0xa2, 0x0, 0x0, 0x0, 0x0, 0x29, 0xff, 0xff,
    0xff, 0xff, 0xfb, 0x10, 0x0, 0x0, 0x0, 0x0,
    0x0, 0x1, 0x9f, 0xff, 0xff, 0xff, 0xfd, 0x10,
    0x0, 0x0, 0x0, 0x0, 0x0, 0x0, 0x18, 0xff,
    0xff, 0xff, 0xfc, 0x0, 0x0, 0x0, 0x0, 0x0,
    0x0, 0x0, 0x1, 0x9f, 0xff, 0xff, 0xf6, 0x0,
    0x0, 0x0, 0x0, 0x0, 0x0, 0x0, 0x0, 0x5f,
    0xff, 0xff, 0xc0, 0x0, 0x0, 0x0, 0x0, 0x0,
    0x0, 0x0, 0x0, 0xaf, 0xff, 0xff, 0x0, 0x0,
    0x14, 0x7b, 0x90, 0x0, 0x0, 0x0, 0x6, 0xff,
    0xff, 0xf2, 0x0, 0x8f, 0xff, 0xff, 0x10, 0x0,
    0x0, 0x0, 0x7f, 0xff, 0xff, 0x20, 0x5, 0xff,
    0xff, 0xfb, 0x0, 0x0, 0x0, 0xd, 0xff, 0xff,
    0xf0, 0x0, 0xe, 0xff, 0xff, 0xfb, 0x30, 0x1,
    0x5d, 0xff, 0xff, 0xfb, 0x0, 0x0, 0x7f, 0xff,
    0xff, 0xff, 0xff, 0xff, 0xff, 0xff, 0xff, 0x50,
    0x0, 0x0, 0xcf, 0xff, 0xff, 0xff, 0xff, 0xff,
    0xff, 0xff, 0xb0, 0x0, 0x0, 0x1, 0xcf, 0xff,
    0xff, 0xff, 0xff, 0xff, 0xff, 0xb0, 0x0, 0x0,
    0x0, 0x0, 0x8f, 0xff, 0xff, 0xff, 0xff, 0xfe,
    0x70, 0x0, 0x0, 0x0, 0x0, 0x0, 0x17, 0xbd,
    0xff, 0xed, 0xa6, 0x0, 0x0, 0x0, 0x0,

    /* U+00A8 "¨" */
    0x0, 0x47, 0x50, 0x0, 0x0, 0x0, 0x37, 0x61,
    0x0, 0xa, 0xff, 0xfc, 0x0, 0x0, 0x7, 0xff,
    0xfe, 0x20, 0x6f, 0xff, 0xff, 0x80, 0x0, 0x2f,
    0xff, 0xff, 0xc0, 0x9f, 0xff, 0xff, 0xc0, 0x0,
    0x6f, 0xff, 0xff, 0xf0, 0x8f, 0xff, 0xff, 0xb0,
    0x0, 0x5f, 0xff, 0xff, 0xe0, 0x2f, 0xff, 0xff,
    0x40, 0x0, 0xd, 0xff, 0xff, 0x70, 0x3, 0xcf,
    0xd4, 0x0, 0x0, 0x1, 0xae, 0xd7, 0x0,

    /* U+00A9 "©" */
    0x0, 0x0, 0x0, 0x0, 0x0, 0x0, 0x2, 0x6a,
    0xde, 0xff, 0xec, 0xa6, 0x10, 0x0, 0x0, 0x0,
    0x0, 0x0, 0x0, 0x0, 0x0, 0x0, 0x0, 0x0,
    0x5c, 0xff, 0xff, 0xff, 0xff, 0xff, 0xff, 0xb4,
    0x0, 0x0, 0x0, 0x0, 0x0, 0x0, 0x0, 0x0,
    0x0, 0x3, 0xdf, 0xff, 0xff, 0xff, 0xff, 0xff,
    0xff, 0xff, 0xfc, 0x20, 0x0, 0x0, 0x0, 0x0,
    0x0, 0x0, 0x0, 0x8, 0xff, 0xff, 0xff, 0xff,
    0xff, 0xff, 0xff, 0xff, 0xff, 0xff, 0x70, 0x0,
    0x0, 0x0, 0x0, 0x0, 0x0, 0xb, 0xff, 0xff,
    0xff, 0xff, 0xff, 0xff, 0xff, 0xff, 0xff, 0xff,
    0xff, 0xa0, 0x0, 0x0, 0x0, 0x0, 0x0, 0xc,
    0xff, 0xff, 0xff, 0xff, 0xa6, 0x42, 0x24, 0x6a,
    0xff, 0xff, 0xff, 0xff, 0xb0, 0x0, 0x0, 0x0,
    0x0, 0xb, 0xff, 0xff, 0xff, 0xe6, 0x0, 0x0,
    0x0, 0x0, 0x0, 0x8f, 0xff, 0xff, 0xff, 0x90,
    0x0, 0x0, 0x0, 0x7, 0xff, 0xff, 0xff, 0x91,
    0x0, 0x0, 0x0, 0x0, 0x0, 0x0, 0x1b, 0xff,
    0xff, 0xff, 0x60, 0x0, 0x0, 0x3, 0xff, 0xff,
    0xff, 0x70, 0x0, 0x0, 0x26, 0x88, 0x63, 0x0,
    0x0, 0x8, 0xff, 0xff, 0xff, 0x10, 0x0, 0x0,
    0xcf, 0xff, 0xff, 0x60, 0x0, 0x5, 0xdf, 0xff,
    0xff, 0xfe, 0x70, 0x0, 0x8, 0xff, 0xff, 0xfa,
    0x0, 0x0, 0x4f, 0xff, 0xff, 0xa0, 0x0, 0xa,
    0xff, 0xff, 0xff, 0xff, 0xff, 0xc2, 0x0, 0xb,
    0xff, 0xff, 0xf2, 0x0, 0xb, 0xff, 0xff, 0xe0,
    0x0, 0xd, 0xff, 0xff, 0xff, 0xff, 0xff, 0xff,
    0xe1, 0x0, 0x1f, 0xff, 0xff, 0x90, 0x1, 0xff,
    0xff, 0xf6, 0x0, 0xa, 0xff, 0xff, 0xff, 0xff,
    0xff, 0xff, 0xff, 0xd0, 0x0, 0x9f, 0xff, 0xfe,
    0x0, 0x6f, 0xff, 0xfe, 0x0, 0x6, 0xff, 0xff,
    0xfb, 0x41, 0x13, 0xaf, 0xff, 0xff, 0x70, 0x1,
    0xff, 0xff, 0xf4, 0xa, 0xff, 0xff, 0xa0, 0x0,
    0xef, 0xff, 0xf8, 0x0, 0x0, 0x0, 0x6f, 0xff,
    0xfe, 0x0, 0xb, 0xff, 0xff, 0x80, 0xdf, 0xff,
    0xf5, 0x0, 0x4f, 0xff, 0xfa, 0x0, 0x0, 0x0,
    0x0, 0xbf, 0xff, 0xf3, 0x0, 0x7f, 0xff, 0xfb,
    0xf, 0xff, 0xff, 0x30, 0x8, 0xff, 0xff, 0x20,
    0x0, 0x0, 0x0, 0x3, 0x77, 0x77, 0x20, 0x4,
    0xff, 0xff, 0xd0, 0xff, 0xff, 0xf1, 0x0, 0xaf,
    0xff, 0xe0, 0x0, 0x0, 0x0, 0x0, 0x0, 0x0,
    0x0, 0x0, 0x2f, 0xff, 0xfe, 0xf, 0xff, 0xff,
    0x0, 0xb, 0xff, 0xfc, 0x0, 0x0, 0x0, 0x0,
    0x0, 0x0, 0x0, 0x0, 0x2, 0xff, 0xff, 0xe0,
    0xff, 0xff, 0xf1, 0x0, 0xaf, 0xff, 0xe0, 0x0,
    0x0, 0x0, 0x0, 0x0, 0x0, 0x0, 0x0, 0x2f,
    0xff, 0xfe, 0xf, 0xff, 0xff, 0x20, 0x8, 0xff,
    0xff, 0x20, 0x0, 0x0, 0x0, 0x4, 0x66, 0x66,
    0x0, 0x4, 0xff, 0xff, 0xd0, 0xdf, 0xff, 0xf5,
    0x0, 0x4f, 0xff, 0xfa, 0x0, 0x0, 0x0, 0x0,
    0xef, 0xff, 0xe0, 0x0, 0x7f, 0xff, 0xfb, 0xa,
    0xff, 0xff, 0xa0, 0x0, 0xef, 0xff, 0xf8, 0x0,
    0x0, 0x0, 0x8f, 0xff, 0xfa, 0x0, 0xb, 0xff,
    0xff, 0x80, 0x6f, 0xff, 0xfe, 0x0, 0x6, 0xff,
    0xff, 0xfb, 0x41, 0x3, 0xbf, 0xff, 0xff, 0x30,
    0x1, 0xff, 0xff, 0xf4, 0x1, 0xff, 0xff, 0xf6,
    0x0, 0xb, 0xff, 0xff, 0xff, 0xff, 0xff, 0xff,
    0xff, 0xb0, 0x0, 0x8f, 0xff, 0xff, 0x0, 0xb,
    0xff, 0xff, 0xe0, 0x0, 0x1d, 0xff, 0xff, 0xff,
    0xff, 0xff, 0xff, 0xd1, 0x0, 0x1f, 0xff, 0xff,
    0x90, 0x0, 0x4f, 0xff, 0xff, 0x90, 0x0, 0xb,
    0xff, 0xff, 0xff, 0xff, 0xff, 0xc1, 0x0, 0xb,
    0xff, 0xff, 0xf2, 0x0, 0x0, 0xcf, 0xff, 0xff,
    0x60, 0x0, 0x6, 0xef, 0xff, 0xff, 0xfe, 0x70,
    0x0, 0x8, 0xff, 0xff, 0xfa, 0x0, 0x0, 0x3,
    0xff, 0xff, 0xff, 0x70, 0x0, 0x0, 0x37, 0x88,
    0x74, 0x0, 0x0, 0x8, 0xff, 0xff, 0xff, 0x10,
    0x0, 0x0, 0x8, 0xff, 0xff, 0xff, 0x90, 0x0,
    0x0, 0x0, 0x0, 0x0, 0x0, 0x1b, 0xff, 0xff,
    0xff, 0x60, 0x0, 0x0, 0x0, 0xb, 0xff, 0xff,
    0xff, 0xe6, 0x0, 0x0, 0x0, 0x0, 0x0, 0x7f,
    0xff, 0xff, 0xff, 0x90, 0x0, 0x0, 0x0, 0x0,
    0xc, 0xff, 0xff, 0xff, 0xfe, 0xa6, 0x32, 0x24,
    0x6a, 0xff, 0xff, 0xff, 0xff, 0xb0, 0x0, 0x0,
    0x0, 0x0, 0x0, 0xb, 0xff, 0xff, 0xff, 0xff,
    0xff, 0xff, 0xff, 0xff, 0xff, 0xff, 0xff, 0xa0,
    0x0, 0x0, 0x0, 0x0, 0x0, 0x0, 0x8, 0xff,
    0xff, 0xff, 0xff, 0xff, 0xff, 0xff, 0xff, 0xff,
    0xff, 0x70, 0x0, 0x0, 0x0, 0x0, 0x0, 0x0,
    0x0, 0x3, 0xdf, 0xff, 0xff, 0xff, 0xff, 0xff,
    0xff, 0xff, 0xfc, 0x20, 0x0, 0x0, 0x0, 0x0,
    0x0, 0x0, 0x0, 0x0, 0x0, 0x5c, 0xff, 0xff,
    0xff, 0xff, 0xff, 0xff, 0xb4, 0x0, 0x0, 0x0,
    0x0, 0x0, 0x0, 0x0, 0x0, 0x0, 0x0, 0x0,
    0x2, 0x6a, 0xde, 0xff, 0xec, 0xa6, 0x10, 0x0,
    0x0, 0x0, 0x0, 0x0, 0x0,

    /* U+00AA "ª" */
    0x0, 0x0, 0x3, 0x8c, 0xef, 0xfd, 0xb7, 0x10,
    0x0, 0x0, 0x0, 0x2b, 0xff, 0xff, 0xff, 0xff,
    0xff, 0x90, 0x0, 0x0, 0x4f, 0xff, 0xff, 0xff,
    0xff, 0xff, 0xff, 0xc1, 0x0, 0x2f, 0xff, 0xff,
    0xfe, 0xcd, 0xff, 0xff, 0xff, 0xb0, 0xa, 0xff,
    0xff, 0xd4, 0x0, 0x0, 0x6f, 0xff, 0xff, 0x30,
    0x58, 0xbd, 0xe1, 0x0, 0x0, 0x0, 0xaf, 0xff,
    0xf6, 0x0, 0x0, 0x0, 0x0, 0x0, 0x0, 0x8,
    0xff, 0xff, 0x80, 0x0, 0x0, 0x0, 0x0, 0x0,
    0x4, 0xdf, 0xff, 0xf8, 0x0, 0x0, 0x2, 0x69,
    0xbc, 0xef, 0xff, 0xff, 0xff, 0x80, 0x1, 0x7e,
    0xff, 0xff, 0xff, 0xff, 0xff, 0xff, 0xf8, 0x2,
    0xdf, 0xff, 0xff, 0xff, 0xff, 0xec, 0xff, 0xff,
    0x80, 0xef, 0xff, 0xff, 0xb8, 0x53, 0x0, 0x6f,
    0xff, 0xf8, 0x5f, 0xff, 0xfd, 0x20, 0x0, 0x0,
    0x6, 0xff, 0xff, 0x88, 0xff, 0xff, 0x50, 0x0,
    0x0, 0x0, 0x9f, 0xff, 0xf8, 0x9f, 0xff, 0xf5,
    0x0, 0x0, 0x0, 0x1e, 0xff, 0xff, 0x87, 0xff,
    0xff, 0xd1, 0x0, 0x0, 0x3d, 0xff, 0xff, 0xf8,
    0x2f, 0xff, 0xff, 0xfc, 0xaa, 0xdf, 0xff, 0xff,
    0xff, 0x80, 0x9f, 0xff, 0xff, 0xff, 0xff, 0xff,
    0x6f, 0xff, 0xf8, 0x0, 0x8f, 0xff, 0xff, 0xff,
    0xfe, 0x43, 0xff, 0xff, 0x80, 0x0, 0x28, 0xcf,
    0xfe, 0xc7, 0x10, 0x3f, 0xff, 0xf8,

    /* U+00AB "«" */
    0x0, 0x0, 0x0, 0x0, 0x5, 0x88, 0x88, 0x87,
    0x0, 0x1, 0x88, 0x88, 0x88, 0x30, 0x0, 0x0,
    0x0, 0x4, 0xff, 0xff, 0xff, 0x50, 0x0, 0xbf,
    0xff, 0xff, 0xc0, 0x0, 0x0, 0x0, 0x2, 0xff,
    0xff, 0xff, 0x80, 0x0, 0x9f, 0xff, 0xff, 0xe1,
    0x0, 0x0, 0x0, 0x1, 0xdf, 0xff, 0xff, 0xb0,
    0x0, 0x7f, 0xff, 0xff, 0xf3, 0x0, 0x0, 0x0,
    0x0, 0xcf, 0xff, 0xff, 0xd0, 0x0, 0x4f, 0xff,
    0xff, 0xf6, 0x0, 0x0, 0x0, 0x0, 0x9f, 0xff,
    0xff, 0xe2, 0x0, 0x2f, 0xff, 0xff, 0xf8, 0x0,
    0x0, 0x0, 0x0, 0x7f, 0xff, 0xff, 0xf4, 0x0,
    0x1d, 0xff, 0xff, 0xfb, 0x0, 0x0, 0x0, 0x0,
    0x4f, 0xff, 0xff, 0xf6, 0x0, 0xc, 0xff, 0xff,
    0xfd, 0x10, 0x0, 0x0, 0x0, 0x2f, 0xff, 0xff,
    0xf9, 0x0, 0x9, 0xff, 0xff, 0xff, 0x20, 0x0,
    0x0, 0x0, 0x1d, 0xff, 0xff, 0xfc, 0x0, 0x7,
    0xff, 0xff, 0xff, 0x40, 0x0, 0x0, 0x0, 0xc,
    0xff, 0xff, 0xfd, 0x10, 0x4, 0xff, 0xff, 0xff,
    0x70, 0x0, 0x0, 0x0, 0x8, 0xff, 0xff, 0xff,
    0x30, 0x1, 0xff, 0xff, 0xff, 0xa0, 0x0, 0x0,
    0x0, 0x0, 0x3f, 0xff, 0xff, 0xf9, 0x0, 0xa,
    0xff, 0xff, 0xfe, 0x20, 0x0, 0x0, 0x0, 0x0,
    0x5f, 0xff, 0xff, 0xf6, 0x0, 0xc, 0xff, 0xff,
    0xfd, 0x0, 0x0, 0x0, 0x0, 0x0, 0x8f, 0xff,
    0xff, 0xf3, 0x0, 0x1e, 0xff, 0xff, 0xfb, 0x0,
    0x0, 0x0, 0x0, 0x0, 0xaf, 0xff, 0xff, 0xe1,
    0x0, 0x3f, 0xff, 0xff, 0xf8, 0x0, 0x0, 0x0,
    0x0, 0x0, 0xcf, 0xff, 0xff, 0xc0, 0x0, 0x5f,
    0xff, 0xff, 0xf5, 0x0, 0x0, 0x0, 0x0, 0x1,
    0xef, 0xff, 0xff, 0xa0, 0x0, 0x8f, 0xff, 0xff,
    0xf3, 0x0, 0x0, 0x0, 0x0, 0x3, 0xff, 0xff,
    0xff, 0x70, 0x0, 0xaf, 0xff, 0xff, 0xe1, 0x0,
    0x0, 0x0, 0x0, 0x5, 0xff, 0xff, 0xff, 0x40,
    0x0, 0xcf, 0xff, 0xff, 0xc0, 0x0, 0x0, 0x0,
    0x0, 0x8, 0xff, 0xff, 0xff, 0x20, 0x1, 0xef,
    0xff, 0xff, 0x90, 0x0, 0x0, 0x0, 0x0, 0xa,
    0xff, 0xff, 0xfd, 0x10, 0x3, 0xff, 0xff, 0xff,
    0x70, 0x0, 0x0, 0x0, 0x0, 0xc, 0xff, 0xff,
    0xfb, 0x0, 0x5, 0xff, 0xff, 0xff, 0x40,

    /* U+00AC "¬" */
    0x11, 0x11, 0x11, 0x11, 0x11, 0x11, 0x11, 0x11,
    0x11, 0x11, 0x1e, 0xff, 0xff, 0xff, 0xff, 0xff,
    0xff, 0xff, 0xff, 0xff, 0xfc, 0xef, 0xff, 0xff,
    0xff, 0xff, 0xff, 0xff, 0xff, 0xff, 0xff, 0xce,
    0xff, 0xff, 0xff, 0xff, 0xff, 0xff, 0xff, 0xff,
    0xff, 0xfc, 0xef, 0xff, 0xff, 0xff, 0xff, 0xff,
    0xff, 0xff, 0xff, 0xff, 0xce, 0xff, 0xff, 0xff,
    0xff, 0xff, 0xff, 0xff, 0xff, 0xff, 0xfc, 0x0,
    0x0, 0x0, 0x0, 0x0, 0x0, 0x0, 0x7, 0xff,
    0xff, 0xc0, 0x0, 0x0, 0x0, 0x0, 0x0, 0x0,
    0x0, 0x7f, 0xff, 0xfc, 0x0, 0x0, 0x0, 0x0,
    0x0, 0x0, 0x0, 0x7, 0xff, 0xff, 0xc0, 0x0,
    0x0, 0x0, 0x0, 0x0, 0x0, 0x0, 0x7f, 0xff,
    0xfc, 0x0, 0x0, 0x0, 0x0, 0x0, 0x0, 0x0,
    0x7, 0xff, 0xff, 0xc0, 0x0, 0x0, 0x0, 0x0,
    0x0, 0x0, 0x0, 0x7f, 0xff, 0xfc,

    /* U+00AE "®" */
    0x0, 0x0, 0x0, 0x0, 0x0, 0x15, 0x78, 0x87,
    0x41, 0x0, 0x0, 0x0, 0x0, 0x0, 0x0, 0x0,
    0x0, 0x0, 0x6c, 0xff, 0xff, 0xff, 0xff, 0xb4,
    0x0, 0x0, 0x0, 0x0, 0x0, 0x0, 0x0, 0x4d,
    0xff, 0xff, 0xff, 0xff, 0xff, 0xff, 0xc3, 0x0,
    0x0, 0x0, 0x0, 0x0, 0x8, 0xff, 0xff, 0xff,
    0xff, 0xff, 0xff, 0xff, 0xff, 0x60, 0x0, 0x0,
    0x0, 0x0, 0xaf, 0xff, 0xff, 0x94, 0x10, 0x2,
    0x5a, 0xff, 0xff, 0xf8, 0x0, 0x0, 0x0, 0x8,
    0xff, 0xff, 0xa1, 0x0, 0x0, 0x0, 0x0, 0x2b,
    0xff, 0xff, 0x60, 0x0, 0x0, 0x5f, 0xff, 0xf6,
    0x0, 0x0, 0x0, 0x0, 0x0, 0x0, 0x8f, 0xff,
    0xf3, 0x0, 0x0, 0xef, 0xff, 0x50, 0x4, 0x44,
    0x44, 0x44, 0x10, 0x0, 0x8, 0xff, 0xfc, 0x0,
    0x7, 0xff, 0xf9, 0x0, 0xf, 0xff, 0xff, 0xff,
    0xfa, 0x10, 0x0, 0xbf, 0xff, 0x40, 0xd, 0xff,
    0xe0, 0x0, 0xf, 0xff, 0xff, 0xff, 0xff, 0xc0,
    0x0, 0x1f, 0xff, 0xb0, 0x3f, 0xff, 0x70, 0x0,
    0xf, 0xff, 0x20, 0x7, 0xff, 0xf4, 0x0, 0x9,
    0xff, 0xf0, 0x6f, 0xff, 0x20, 0x0, 0xf, 0xff,
    0x20, 0x0, 0xef, 0xf6, 0x0, 0x4, 0xff, 0xf4,
    0x9f, 0xfe, 0x0, 0x0, 0xf, 0xff, 0x20, 0x0,
    0xef, 0xf6, 0x0, 0x1, 0xff, 0xf7, 0xaf, 0xfc,
    0x0, 0x0, 0xf, 0xff, 0x20, 0x8, 0xff, 0xf2,
    0x0, 0x0, 0xff, 0xf8, 0xbf, 0xfc, 0x0, 0x0,
    0xf, 0xff, 0xff, 0xff, 0xff, 0x90, 0x0, 0x0,
    0xef, 0xf8, 0xaf, 0xfd, 0x0, 0x0, 0xf, 0xff,
    0xff, 0xff, 0xfa, 0x0, 0x0, 0x0, 0xff, 0xf7,
    0x8f, 0xff, 0x0, 0x0, 0xf, 0xff, 0x42, 0x7f,
    0xfe, 0x0, 0x0, 0x2, 0xff, 0xf5, 0x5f, 0xff,
    0x40, 0x0, 0xf, 0xff, 0x20, 0xe, 0xff, 0x70,
    0x0, 0x7, 0xff, 0xf2, 0x1f, 0xff, 0xb0, 0x0,
    0xf, 0xff, 0x20, 0x6, 0xff, 0xe0, 0x0, 0xd,
    0xff, 0xe0, 0xa, 0xff, 0xf4, 0x0, 0xf, 0xff,
    0x20, 0x0, 0xef, 0xf7, 0x0, 0x6f, 0xff, 0x80,
    0x2, 0xff, 0xfe, 0x10, 0x6, 0x77, 0x10, 0x0,
    0x47, 0x75, 0x3, 0xff, 0xfe, 0x10, 0x0, 0x9f,
    0xff, 0xc1, 0x0, 0x0, 0x0, 0x0, 0x0, 0x0,
    0x2d, 0xff, 0xf7, 0x0, 0x0, 0x1d, 0xff, 0xfe,
    0x30, 0x0, 0x0, 0x0, 0x0, 0x4, 0xef, 0xff,
    0xb0, 0x0, 0x0, 0x2, 0xff, 0xff, 0xf9, 0x20,
    0x0, 0x0, 0x3, 0xaf, 0xff, 0xfd, 0x10, 0x0,
    0x0, 0x0, 0x2e, 0xff, 0xff, 0xfd, 0xa9, 0x9b,
    0xef, 0xff, 0xff, 0xc1, 0x0, 0x0, 0x0, 0x0,
    0x1, 0xbf, 0xff, 0xff, 0xff, 0xff, 0xff, 0xff,
    0xfa, 0x0, 0x0, 0x0, 0x0, 0x0, 0x0, 0x4,
    0xdf, 0xff, 0xff, 0xff, 0xff, 0xfc, 0x30, 0x0,
    0x0, 0x0, 0x0, 0x0, 0x0, 0x0, 0x3, 0x8c,
    0xef, 0xfe, 0xb8, 0x30, 0x0, 0x0, 0x0, 0x0,

    /* U+00AF "¯" */
    0x22, 0x22, 0x22, 0x22, 0x22, 0x22, 0x21, 0xdf,
    0xff, 0xff, 0xff, 0xff, 0xff, 0xf8, 0xdf, 0xff,
    0xff, 0xff, 0xff, 0xff, 0xf8, 0xdf, 0xff, 0xff,
    0xff, 0xff, 0xff, 0xf8, 0xdf, 0xff, 0xff, 0xff,
    0xff, 0xff, 0xf8,

    /* U+00B0 "°" */
    0x0, 0x0, 0x0, 0x4, 0x66, 0x41, 0x0, 0x0,
    0x0, 0x0, 0x0, 0x19, 0xff, 0xff, 0xff, 0xa1,
    0x0, 0x0, 0x0, 0x3, 0xef, 0xff, 0xff, 0xff,
    0xfe, 0x30, 0x0, 0x0, 0x3f, 0xff, 0xff, 0xff,
    0xff, 0xff, 0xf3, 0x0, 0x0, 0xdf, 0xff, 0xff,
    0xff, 0xff, 0xff, 0xfd, 0x0, 0x7, 0xff, 0xff,
    0xd5, 0x0, 0x5d, 0xff, 0xff, 0x70, 0xd, 0xff,
    0xfe, 0x10, 0x0, 0x1, 0xef, 0xff, 0xd0, 0x1f,
    0xff, 0xf6, 0x0, 0x0, 0x0, 0x6f, 0xff, 0xf0,
    0x2f, 0xff, 0xf3, 0x0, 0x0, 0x0, 0x2f, 0xff,
    0xf2, 0x2f, 0xff, 0xf4, 0x0, 0x0, 0x0, 0x3f,
    0xff, 0xf2, 0xf, 0xff, 0xf9, 0x0, 0x0, 0x0,
    0x9f, 0xff, 0xf0, 0xb, 0xff, 0xff, 0x60, 0x0,
    0x5, 0xff, 0xff, 0xb0, 0x4, 0xff, 0xff, 0xfb,
    0x77, 0xbf, 0xff, 0xff, 0x40, 0x0, 0xaf, 0xff,
    0xff, 0xff, 0xff, 0xff, 0xf9, 0x0, 0x0, 0xc,
    0xff, 0xff, 0xff, 0xff, 0xff, 0xc0, 0x0, 0x0,
    0x0, 0x9f, 0xff, 0xff, 0xff, 0xf9, 0x0, 0x0,
    0x0, 0x0, 0x3, 0x9d, 0xff, 0xd9, 0x30, 0x0,
    0x0,

    /* U+00B1 "±" */
    0x0, 0x0, 0x0, 0x0, 0x6, 0xee, 0xee, 0xb0,
    0x0, 0x0, 0x0, 0x0, 0x0, 0x0, 0x0, 0x0,
    0x7, 0xff, 0xff, 0xc0, 0x0, 0x0, 0x0, 0x0,
    0x0, 0x0, 0x0, 0x0, 0x7, 0xff, 0xff, 0xc0,
    0x0, 0x0, 0x0, 0x0, 0x0, 0x0, 0x0, 0x0,
    0x7, 0xff, 0xff, 0xc0, 0x0, 0x0, 0x0, 0x0,
    0x0, 0x0, 0x0, 0x0, 0x7, 0xff, 0xff, 0xc0,
    0x0, 0x0, 0x0, 0x0, 0x0, 0x0, 0x0, 0x0,
    0x7, 0xff, 0xff, 0xc0, 0x0, 0x0, 0x0, 0x0,
    0x1, 0x11, 0x11, 0x11, 0x18, 0xff, 0xff, 0xc1,
    0x11, 0x11, 0x11, 0x10, 0x8f, 0xff, 0xff, 0xff,
    0xff, 0xff, 0xff, 0xff, 0xff, 0xff, 0xff, 0xfc,
    0x8f, 0xff, 0xff, 0xff, 0xff, 0xff, 0xff, 0xff,
    0xff, 0xff, 0xff, 0xfc, 0x8f, 0xff, 0xff, 0xff,
    0xff, 0xff, 0xff, 0xff, 0xff, 0xff, 0xff, 0xfc,
    0x8f, 0xff, 0xff, 0xff, 0xff, 0xff, 0xff, 0xff,
    0xff, 0xff, 0xff, 0xfc, 0x8f, 0xff, 0xff, 0xff,
    0xff, 0xff, 0xff, 0xff, 0xff, 0xff, 0xff, 0xfc,
    0x0, 0x0, 0x0, 0x0, 0x7, 0xff, 0xff, 0xc0,
    0x0, 0x0, 0x0, 0x0, 0x0, 0x0, 0x0, 0x0,
    0x7, 0xff, 0xff, 0xc0, 0x0, 0x0, 0x0, 0x0,
    0x0, 0x0, 0x0, 0x0, 0x7, 0xff, 0xff, 0xc0,
    0x0, 0x0, 0x0, 0x0, 0x0, 0x0, 0x0, 0x0,
    0x7, 0xff, 0xff, 0xc0, 0x0, 0x0, 0x0, 0x0,
    0x0, 0x0, 0x0, 0x0, 0x7, 0xff, 0xff, 0xc0,
    0x0, 0x0, 0x0, 0x0, 0x0, 0x0, 0x0, 0x0,
    0x7, 0xff, 0xff, 0xc0, 0x0, 0x0, 0x0, 0x0,
    0x0, 0x0, 0x0, 0x0, 0x0, 0x0, 0x0, 0x0,
    0x0, 0x0, 0x0, 0x0, 0x0, 0x0, 0x0, 0x0,
    0x0, 0x0, 0x0, 0x0, 0x0, 0x0, 0x0, 0x0,
    0x12, 0x22, 0x22, 0x22, 0x22, 0x22, 0x22, 0x22,
    0x22, 0x22, 0x22, 0x22, 0x8f, 0xff, 0xff, 0xff,
    0xff, 0xff, 0xff, 0xff, 0xff, 0xff, 0xff, 0xfc,
    0x8f, 0xff, 0xff, 0xff, 0xff, 0xff, 0xff, 0xff,
    0xff, 0xff, 0xff, 0xfc, 0x8f, 0xff, 0xff, 0xff,
    0xff, 0xff, 0xff, 0xff, 0xff, 0xff, 0xff, 0xfc,
    0x8f, 0xff, 0xff, 0xff, 0xff, 0xff, 0xff, 0xff,
    0xff, 0xff, 0xff, 0xfc, 0x8f, 0xff, 0xff, 0xff,
    0xff, 0xff, 0xff, 0xff, 0xff, 0xff, 0xff, 0xfc,

    /* U+00B2 "²" */
    0x0, 0x0, 0x5a, 0xdf, 0xff, 0xdb, 0x61, 0x0,
    0x0, 0x0, 0x4d, 0xff, 0xff, 0xff, 0xff, 0xff,
    0x70, 0x0, 0x4, 0xff, 0xff, 0xff, 0xff, 0xff,
    0xff, 0xfa, 0x0, 0xe, 0xff, 0xff, 0xfe, 0xde,
    0xff, 0xff, 0xff, 0x50, 0x6f, 0xff, 0xfd, 0x30,
    0x0, 0x3d, 0xff, 0xff, 0xb0, 0x8f, 0xff, 0xf4,
    0x0, 0x0, 0x3, 0xff, 0xff, 0xd0, 0x0, 0x0,
    0x0, 0x0, 0x0, 0x2, 0xff, 0xff, 0xc0, 0x0,
    0x0, 0x0, 0x0, 0x0, 0x9, 0xff, 0xff, 0x80,
    0x0, 0x0, 0x0, 0x0, 0x0, 0x9f, 0xff, 0xfe,
    0x10, 0x0, 0x0, 0x0, 0x0, 0x2c, 0xff, 0xff,
    0xf4, 0x0, 0x0, 0x0, 0x0, 0x5, 0xff, 0xff,
    0xff, 0x40, 0x0, 0x0, 0x0, 0x1, 0xaf, 0xff,
    0xff, 0xc2, 0x0, 0x0, 0x0, 0x0, 0x3e, 0xff,
    0xff, 0xe6, 0x0, 0x0, 0x0, 0x0, 0x8, 0xff,
    0xff, 0xfa, 0x10, 0x0, 0x0, 0x0, 0x2, 0xcf,
    0xff, 0xff, 0x60, 0x0, 0x0, 0x0, 0x0, 0x3f,
    0xff, 0xff, 0xff, 0xff, 0xff, 0xff, 0xff, 0xf6,
    0x4f, 0xff, 0xff, 0xff, 0xff, 0xff, 0xff, 0xff,
    0xf6, 0x4f, 0xff, 0xff, 0xff, 0xff, 0xff, 0xff,
    0xff, 0xf6, 0x4f, 0xff, 0xff, 0xff, 0xff, 0xff,
    0xff, 0xff, 0xf6,

    /* U+00B3 "³" */
    0x0, 0x0, 0x27, 0xbe, 0xff, 0xec, 0x94, 0x0,
    0x0, 0x0, 0x1, 0xaf, 0xff, 0xff, 0xff, 0xff,
    0xfc, 0x20, 0x0, 0x2, 0xef, 0xff, 0xff, 0xff,
    0xff, 0xff, 0xff, 0x30, 0x0, 0xcf, 0xff, 0xff,
    0xff, 0xff, 0xff, 0xff, 0xfd, 0x0, 0x2f, 0xff,
    0xfe, 0x61, 0x0, 0x6, 0xff, 0xff, 0xf1, 0x1,
    0x44, 0x44, 0x20, 0x0, 0x0, 0xc, 0xff, 0xff,
    0x10, 0x0, 0x0, 0x0, 0x0, 0x0, 0x39, 0xff,
    0xff, 0x90, 0x0, 0x0, 0x0, 0x7, 0xff, 0xff,
    0xff, 0xfe, 0x60, 0x0, 0x0, 0x0, 0x0, 0x7f,
    0xff, 0xff, 0xe8, 0x20, 0x0, 0x0, 0x0, 0x0,
    0x7, 0xff, 0xff, 0xff, 0xff, 0xc3, 0x0, 0x0,
    0x0, 0x0, 0x0, 0x2, 0x4b, 0xff, 0xff, 0xf3,
    0x0, 0x0, 0x0, 0x0, 0x0, 0x0, 0xa, 0xff,
    0xff, 0xc0, 0x11, 0x11, 0x10, 0x0, 0x0, 0x0,
    0x5f, 0xff, 0xff, 0xa, 0xff, 0xff, 0x90, 0x0,
    0x0, 0x9, 0xff, 0xff, 0xf0, 0x6f, 0xff, 0xff,
    0xa3, 0x10, 0x39, 0xff, 0xff, 0xfc, 0x0, 0xdf,
    0xff, 0xff, 0xff, 0xff, 0xff, 0xff, 0xff, 0x40,
    0x2, 0xdf, 0xff, 0xff, 0xff, 0xff, 0xff, 0xff,
    0x70, 0x0, 0x1, 0x9f, 0xff, 0xff, 0xff, 0xff,
    0xfd, 0x40, 0x0, 0x0, 0x0, 0x27, 0xbd, 0xff,
    0xec, 0x84, 0x0, 0x0, 0x0,

    /* U+00B4 "´" */
    0x0, 0x0, 0x44, 0x44, 0x44, 0x0, 0x0, 0x2f,
    0xff, 0xff, 0x90, 0x0, 0x9, 0xff, 0xff, 0xe0,
    0x0, 0x1, 0xff, 0xff, 0xf4, 0x0, 0x0, 0x7f,
    0xff, 0xfa, 0x0, 0x0, 0xe, 0xff, 0xfe, 0x10,
    0x0, 0x5, 0xff, 0xff, 0x50, 0x0, 0x0, 0xcf,
    0xff, 0xb0, 0x0, 0x0,

    /* U+00B5 "µ" */
    0xcf, 0xff, 0xff, 0x50, 0x0, 0x0, 0x0, 0x0,
    0xe, 0xff, 0xff, 0xf2, 0x0, 0xc, 0xff, 0xff,
    0xf5, 0x0, 0x0, 0x0, 0x0, 0x0, 0xef, 0xff,
    0xff, 0x20, 0x0, 0xcf, 0xff, 0xff, 0x50, 0x0,
    0x0, 0x0, 0x0, 0xe, 0xff, 0xff, 0xf2, 0x0,
    0xc, 0xff, 0xff, 0xf5, 0x0, 0x0, 0x0, 0x0,
    0x0, 0xef, 0xff, 0xff, 0x20, 0x0, 0xcf, 0xff,
    0xff, 0x50, 0x0, 0x0, 0x0, 0x0, 0xe, 0xff,
    0xff, 0xf2, 0x0, 0xc, 0xff, 0xff, 0xf5, 0x0,
    0x0, 0x0, 0x0, 0x0, 0xef, 0xff, 0xff, 0x20,
    0x0, 0xcf, 0xff, 0xff, 0x50, 0x0, 0x0, 0x0,
    0x0, 0xe, 0xff, 0xff, 0xf2, 0x0, 0xc, 0xff,
    0xff, 0xf5, 0x0, 0x0, 0x0, 0x0, 0x0, 0xef,
    0xff, 0xff, 0x20, 0x0, 0xcf, 0xff, 0xff, 0x50,
    0x0, 0x0, 0x0, 0x0, 0xe, 0xff, 0xff, 0xf2,
    0x0, 0xc, 0xff, 0xff, 0xf5, 0x0, 0x0, 0x0,
    0x0, 0x0, 0xef, 0xff, 0xff, 0x20, 0x0, 0xcf,
    0xff, 0xff, 0x50, 0x0, 0x0, 0x0, 0x0, 0xe,
    0xff, 0xff, 0xf2, 0x0, 0xc, 0xff, 0xff, 0xf5,
    0x0, 0x0, 0x0, 0x0, 0x0, 0xef, 0xff, 0xff,
    0x20, 0x0, 0xcf, 0xff, 0xff, 0x50, 0x0, 0x0,
    0x0, 0x0, 0xe, 0xff, 0xff, 0xf2, 0x0, 0xc,
    0xff, 0xff, 0xf5, 0x0, 0x0, 0x0, 0x0, 0x0,
    0xef, 0xff, 0xff, 0x20, 0x0, 0xcf, 0xff, 0xff,
    0x50, 0x0, 0x0, 0x0, 0x0, 0xe, 0xff, 0xff,
    0xf2, 0x0, 0xc, 0xff, 0xff, 0xf5, 0x0, 0x0,
    0x0, 0x0, 0x0, 0xef, 0xff, 0xff, 0x20, 0x0,
    0xcf, 0xff, 0xff, 0x50, 0x0, 0x0, 0x0, 0x0,
    0xe, 0xff, 0xff, 0xf2, 0x0, 0xc, 0xff, 0xff,
    0xf6, 0x0, 0x0, 0x0, 0x0, 0x0, 0xff, 0xff,
    0xff, 0x20, 0x0, 0xcf, 0xff, 0xff, 0x90, 0x0,
    0x0, 0x0, 0x0, 0x3f, 0xff, 0xff, 0xf2, 0x0,
    0xc, 0xff, 0xff, 0xff, 0x0, 0x0, 0x0, 0x0,
    0x9, 0xff, 0xff, 0xff, 0x20, 0x0, 0xcf, 0xff,
    0xff, 0xfa, 0x0, 0x0, 0x0, 0x4, 0xff, 0xff,
    0xff, 0xf3, 0x0, 0xc, 0xff, 0xff, 0xff, 0xfb,
    0x30, 0x0, 0x7, 0xff, 0xff, 0xff, 0xff, 0xb1,
    0x0, 0xcf, 0xff, 0xff, 0xff, 0xff, 0xec, 0xdf,
    0xff, 0xff, 0xff, 0xff, 0xff, 0xff, 0x3c, 0xff,
    0xff, 0xfe, 0xff, 0xff, 0xff, 0xff, 0xff, 0x7f,
    0xff, 0xff, 0xff, 0xf4, 0xcf, 0xff, 0xff, 0x6e,
    0xff, 0xff, 0xff, 0xff, 0xb0, 0xaf, 0xff, 0xff,
    0xff, 0x4c, 0xff, 0xff, 0xf5, 0x3e, 0xff, 0xff,
    0xff, 0xb0, 0x0, 0xbf, 0xff, 0xff, 0xf4, 0xcf,
    0xff, 0xff, 0x50, 0x17, 0xcf, 0xeb, 0x50, 0x0,
    0x0, 0x5b, 0xef, 0xff, 0x4c, 0xff, 0xff, 0xf5,
    0x0, 0x0, 0x0, 0x0, 0x0, 0x0, 0x0, 0x0,
    0x0, 0x0, 0xcf, 0xff, 0xff, 0x50, 0x0, 0x0,
    0x0, 0x0, 0x0, 0x0, 0x0, 0x0, 0x0, 0xc,
    0xff, 0xff, 0xf5, 0x0, 0x0, 0x0, 0x0, 0x0,
    0x0, 0x0, 0x0, 0x0, 0x0, 0xcf, 0xff, 0xff,
    0x50, 0x0, 0x0, 0x0, 0x0, 0x0, 0x0, 0x0,
    0x0, 0x0, 0xc, 0xff, 0xff, 0xf5, 0x0, 0x0,
    0x0, 0x0, 0x0, 0x0, 0x0, 0x0, 0x0, 0x0,
    0xcf, 0xff, 0xff, 0x50, 0x0, 0x0, 0x0, 0x0,
    0x0, 0x0, 0x0, 0x0, 0x0, 0xc, 0xff, 0xff,
    0xf5, 0x0, 0x0, 0x0, 0x0, 0x0, 0x0, 0x0,
    0x0, 0x0, 0x0, 0xcf, 0xff, 0xff, 0x50, 0x0,
    0x0, 0x0, 0x0, 0x0, 0x0, 0x0, 0x0, 0x0,
    0xc, 0xff, 0xff, 0xf5, 0x0, 0x0, 0x0, 0x0,
    0x0, 0x0, 0x0, 0x0, 0x0, 0x0, 0xcf, 0xff,
    0xff, 0x50, 0x0, 0x0, 0x0, 0x0, 0x0, 0x0,
    0x0, 0x0, 0x0, 0x0,

    /* U+00B6 "¶" */
    0x0, 0x0, 0x0, 0x16, 0xad, 0xef, 0xff, 0xff,
    0xff, 0xff, 0xff, 0xf4, 0x0, 0x0, 0x8, 0xff,
    0xff, 0xff, 0xff, 0xff, 0xff, 0xff, 0xff, 0xf4,
    0x0, 0x2, 0xdf, 0xff, 0xff, 0xff, 0xff, 0xff,
    0xff, 0xff, 0xff, 0xf4, 0x0, 0x2f, 0xff, 0xff,
    0xff, 0xff, 0xff, 0xff, 0xff, 0xff, 0xff, 0xf4,
    0x0, 0xef, 0xff, 0xff, 0xff, 0xff, 0xff, 0xff,
    0xff, 0xff, 0xff, 0xf4, 0x8, 0xff, 0xff, 0xff,
    0xff, 0xff, 0xfd, 0x0, 0x0, 0xff, 0xff, 0xf4,
    0xf, 0xff, 0xff, 0xff, 0xff, 0xff, 0xfd, 0x0,
    0x0, 0xff, 0xff, 0xf4, 0x5f, 0xff, 0xff, 0xff,
    0xff, 0xff, 0xfd, 0x0, 0x0, 0xff, 0xff, 0xf4,
    0x9f, 0xff, 0xff, 0xff, 0xff, 0xff, 0xfd, 0x0,
    0x0, 0xff, 0xff, 0xf4, 0xcf, 0xff, 0xff, 0xff,
    0xff, 0xff, 0xfd, 0x0, 0x0, 0xff, 0xff, 0xf4,
    0xdf, 0xff, 0xff, 0xff, 0xff, 0xff, 0xfd, 0x0,
    0x0, 0xff, 0xff, 0xf4, 0xef, 0xff, 0xff, 0xff,
    0xff, 0xff, 0xfd, 0x0, 0x0, 0xff, 0xff, 0xf4,
    0xdf, 0xff, 0xff, 0xff, 0xff, 0xff, 0xfd, 0x0,
    0x0, 0xff, 0xff, 0xf4, 0xbf, 0xff, 0xff, 0xff,
    0xff, 0xff, 0xfd, 0x0, 0x0, 0xff, 0xff, 0xf4,
    0x8f, 0xff, 0xff, 0xff, 0xff, 0xff, 0xfd, 0x0,
    0x0, 0xff, 0xff, 0xf4, 0x3f, 0xff, 0xff, 0xff,
    0xff, 0xff, 0xfd, 0x0, 0x0, 0xff, 0xff, 0xf4,
    0xd, 0xff, 0xff, 0xff, 0xff, 0xff, 0xfd, 0x0,
    0x0, 0xff, 0xff, 0xf4, 0x5, 0xff, 0xff, 0xff,
    0xff, 0xff, 0xfd, 0x0, 0x0, 0xff, 0xff, 0xf4,
    0x0, 0xaf, 0xff, 0xff, 0xff, 0xff, 0xfd, 0x0,
    0x0, 0xff, 0xff, 0xf4, 0x0, 0xb, 0xff, 0xff,
    0xff, 0xff, 0xfd, 0x0, 0x0, 0xff, 0xff, 0xf4,
    0x0, 0x0, 0x9f, 0xff, 0xff, 0xff, 0xfd, 0x0,
    0x0, 0xff, 0xff, 0xf4, 0x0, 0x0, 0x3, 0xaf,
    0xff, 0xff, 0xfd, 0x0, 0x0, 0xff, 0xff, 0xf4,
    0x0, 0x0, 0x0, 0x0, 0x47, 0x89, 0xa8, 0x0,
    0x0, 0xff, 0xff, 0xf4, 0x0, 0x0, 0x0, 0x0,
    0x0, 0x0, 0x0, 0x0, 0x0, 0xff, 0xff, 0xf4,
    0x0, 0x0, 0x0, 0x0, 0x0, 0x0, 0x0, 0x0,
    0x0, 0xff, 0xff, 0xf4, 0x0, 0x0, 0x0, 0x0,
    0x0, 0x0, 0x0, 0x0, 0x0, 0xff, 0xff, 0xf4,
    0x0, 0x0, 0x0, 0x0, 0x0, 0x0, 0x0, 0x0,
    0x0, 0xff, 0xff, 0xf4, 0x0, 0x0, 0x0, 0x0,
    0x0, 0x0, 0x0, 0x0, 0x0, 0xff, 0xff, 0xf4,
    0x0, 0x0, 0x0, 0x0, 0x0, 0x0, 0x0, 0x0,
    0x0, 0xff, 0xff, 0xf4, 0x0, 0x0, 0x0, 0x0,
    0x0, 0x0, 0x0, 0x0, 0x0, 0xff, 0xff, 0xf4,
    0x0, 0x0, 0x0, 0x0, 0x0, 0x0, 0x0, 0x0,
    0x0, 0xff, 0xff, 0xf4, 0x0, 0x0, 0x0, 0x0,
    0x0, 0x0, 0x0, 0x0, 0x0, 0xff, 0xff, 0xf4,
    0x0, 0x0, 0x0, 0x0, 0x0, 0x0, 0x0, 0x0,
    0x0, 0xff, 0xff, 0xf4, 0x0, 0x0, 0x0, 0x0,
    0x0, 0x0, 0x0, 0x0, 0x0, 0xff, 0xff, 0xf4,
    0x0, 0x0, 0x0, 0x0, 0x0, 0x0, 0x0, 0x0,
    0x0, 0xff, 0xff, 0xf4, 0x0, 0x0, 0x0, 0x0,
    0x0, 0x0, 0x0, 0x0, 0x0, 0xff, 0xff, 0xf4,

    /* U+00B7 "·" */
    0x0, 0x6, 0x97, 0x20, 0x0, 0x1d, 0xff, 0xff,
    0x50, 0xb, 0xff, 0xff, 0xff, 0x10, 0xff, 0xff,
    0xff, 0xf5, 0x1f, 0xff, 0xff, 0xff, 0x60, 0xef,
    0xff, 0xff, 0xf2, 0x5, 0xff, 0xff, 0xfa, 0x0,
    0x5, 0xcf, 0xe8, 0x0,

    /* U+00B8 "¸" */
    0x0, 0x8f, 0xf1, 0x0, 0x0, 0x0, 0xaf, 0xf1,
    0x0, 0x0, 0x0, 0xdf, 0xf0, 0x0, 0x0, 0x0,
    0xff, 0xfd, 0xb6, 0x0, 0x2, 0xff, 0xff, 0xff,
    0xc0, 0x1, 0x55, 0x6b, 0xff, 0xf4, 0x0, 0x0,
    0x1, 0xff, 0xf8, 0x0, 0x0, 0x3, 0xff, 0xf8,
    0x1b, 0xbb, 0xcf, 0xff, 0xf4, 0x1f, 0xff, 0xff,
    0xff, 0xb0, 0x1f, 0xff, 0xfe, 0xb6, 0x0,

    /* U+00B9 "¹" */
    0x0, 0x0, 0x7f, 0xff, 0xff, 0xc0, 0x4, 0xdf,
    0xff, 0xff, 0xfc, 0x2b, 0xff, 0xff, 0xff, 0xff,
    0xc7, 0xff, 0xff, 0xff, 0xff, 0xfc, 0x7f, 0xff,
    0xb6, 0xff, 0xff, 0xc7, 0xfd, 0x50, 0x3f, 0xff,
    0xfc, 0x77, 0x0, 0x3, 0xff, 0xff, 0xc0, 0x0,
    0x0, 0x3f, 0xff, 0xfc, 0x0, 0x0, 0x3, 0xff,
    0xff, 0xc0, 0x0, 0x0, 0x3f, 0xff, 0xfc, 0x0,
    0x0, 0x3, 0xff, 0xff, 0xc0, 0x0, 0x0, 0x3f,
    0xff, 0xfc, 0x0, 0x0, 0x3, 0xff, 0xff, 0xc0,
    0x0, 0x0, 0x3f, 0xff, 0xfc, 0x0, 0x0, 0x3,
    0xff, 0xff, 0xc0, 0x0, 0x0, 0x3f, 0xff, 0xfc,
    0x0, 0x0, 0x3, 0xff, 0xff, 0xc0, 0x0, 0x0,
    0x3f, 0xff, 0xfc, 0x0, 0x0, 0x3, 0xff, 0xff,
    0xc0,

    /* U+00BA "º" */
    0x0, 0x0, 0x0, 0x39, 0xce, 0xff, 0xda, 0x60,
    0x0, 0x0, 0x0, 0x0, 0x3, 0xcf, 0xff, 0xff,
    0xff, 0xff, 0xe6, 0x0, 0x0, 0x0, 0x5, 0xff,
    0xff, 0xff, 0xff, 0xff, 0xff, 0xfa, 0x0, 0x0,
    0x4, 0xff, 0xff, 0xff, 0xff, 0xff, 0xff, 0xff,
    0xfa, 0x0, 0x0, 0xef, 0xff, 0xff, 0x72, 0x0,
    0x4c, 0xff, 0xff, 0xf5, 0x0, 0x7f, 0xff, 0xff,
    0x30, 0x0, 0x0, 0xc, 0xff, 0xff, 0xd0, 0xd,
    0xff, 0xff, 0x80, 0x0, 0x0, 0x0, 0x2f, 0xff,
    0xff, 0x31, 0xff, 0xff, 0xf1, 0x0, 0x0, 0x0,
    0x0, 0xbf, 0xff, 0xf7, 0x4f, 0xff, 0xfe, 0x0,
    0x0, 0x0, 0x0, 0x7, 0xff, 0xff, 0xa5, 0xff,
    0xff, 0xc0, 0x0, 0x0, 0x0, 0x0, 0x5f, 0xff,
    0xfb, 0x5f, 0xff, 0xfc, 0x0, 0x0, 0x0, 0x0,
    0x5, 0xff, 0xff, 0xb4, 0xff, 0xff, 0xe0, 0x0,
    0x0, 0x0, 0x0, 0x7f, 0xff, 0xfa, 0x1f, 0xff,
    0xff, 0x10, 0x0, 0x0, 0x0, 0xb, 0xff, 0xff,
    0x70, 0xdf, 0xff, 0xf8, 0x0, 0x0, 0x0, 0x2,
    0xff, 0xff, 0xf3, 0x7, 0xff, 0xff, 0xf3, 0x0,
    0x0, 0x0, 0xbf, 0xff, 0xfd, 0x0, 0xe, 0xff,
    0xff, 0xf7, 0x20, 0x14, 0xcf, 0xff, 0xff, 0x50,
    0x0, 0x4f, 0xff, 0xff, 0xff, 0xff, 0xff, 0xff,
    0xff, 0xa0, 0x0, 0x0, 0x5f, 0xff, 0xff, 0xff,
    0xff, 0xff, 0xff, 0xb0, 0x0, 0x0, 0x0, 0x3d,
    0xff, 0xff, 0xff, 0xff, 0xff, 0x70, 0x0, 0x0,
    0x0, 0x0, 0x4, 0x9c, 0xff, 0xfd, 0xb6, 0x10,
    0x0, 0x0,

    /* U+00BB "»" */
    0x7, 0x88, 0x88, 0x84, 0x0, 0x4, 0x88, 0x88,
    0x88, 0x0, 0x0, 0x0, 0x0, 0x0, 0x6, 0xff,
    0xff, 0xff, 0x30, 0x0, 0xdf, 0xff, 0xff, 0xb0,
    0x0, 0x0, 0x0, 0x0, 0x0, 0x9f, 0xff, 0xff,
    0xe2, 0x0, 0x2e, 0xff, 0xff, 0xf8, 0x0, 0x0,
    0x0, 0x0, 0x0, 0xb, 0xff, 0xff, 0xfd, 0x0,
    0x4, 0xff, 0xff, 0xff, 0x60, 0x0, 0x0, 0x0,
    0x0, 0x1, 0xdf, 0xff, 0xff, 0xb0, 0x0, 0x6f,
    0xff, 0xff, 0xf3, 0x0, 0x0, 0x0, 0x0, 0x0,
    0x2f, 0xff, 0xff, 0xf8, 0x0, 0x9, 0xff, 0xff,
    0xfe, 0x20, 0x0, 0x0, 0x0, 0x0, 0x4, 0xff,
    0xff, 0xff, 0x60, 0x0, 0xcf, 0xff, 0xff, 0xd0,
    0x0, 0x0, 0x0, 0x0, 0x0, 0x7f, 0xff, 0xff,
    0xf4, 0x0, 0x1e, 0xff, 0xff, 0xfb, 0x0, 0x0,
    0x0, 0x0, 0x0, 0xa, 0xff, 0xff, 0xfe, 0x20,
    0x2, 0xff, 0xff, 0xff, 0x90, 0x0, 0x0, 0x0,
    0x0, 0x0, 0xcf, 0xff, 0xff, 0xd0, 0x0, 0x5f,
    0xff, 0xff, 0xf6, 0x0, 0x0, 0x0, 0x0, 0x0,
    0x1e, 0xff, 0xff, 0xfb, 0x0, 0x8, 0xff, 0xff,
    0xff, 0x40, 0x0, 0x0, 0x0, 0x0, 0x3, 0xff,
    0xff, 0xff, 0x80, 0x0, 0xbf, 0xff, 0xff, 0xe1,
    0x0, 0x0, 0x0, 0x0, 0x9, 0xff, 0xff, 0xff,
    0x20, 0x2, 0xff, 0xff, 0xff, 0xa0, 0x0, 0x0,
    0x0, 0x0, 0x6f, 0xff, 0xff, 0xf4, 0x0, 0x1d,
    0xff, 0xff, 0xfc, 0x0, 0x0, 0x0, 0x0, 0x4,
    0xff, 0xff, 0xff, 0x70, 0x0, 0xbf, 0xff, 0xff,
    0xe1, 0x0, 0x0, 0x0, 0x0, 0x2e, 0xff, 0xff,
    0xfa, 0x0, 0x9, 0xff, 0xff, 0xff, 0x20, 0x0,
    0x0, 0x0, 0x0, 0xdf, 0xff, 0xff, 0xc0, 0x0,
    0x6f, 0xff, 0xff, 0xf4, 0x0, 0x0, 0x0, 0x0,
    0xb, 0xff, 0xff, 0xfd, 0x10, 0x3, 0xff, 0xff,
    0xff, 0x70, 0x0, 0x0, 0x0, 0x0, 0x8f, 0xff,
    0xff, 0xf2, 0x0, 0x1e, 0xff, 0xff, 0xfa, 0x0,
    0x0, 0x0, 0x0, 0x5, 0xff, 0xff, 0xff, 0x40,
    0x0, 0xcf, 0xff, 0xff, 0xc0, 0x0, 0x0, 0x0,
    0x0, 0x3f, 0xff, 0xff, 0xf7, 0x0, 0xa, 0xff,
    0xff, 0xfd, 0x10, 0x0, 0x0, 0x0, 0x1, 0xef,
    0xff, 0xff, 0x90, 0x0, 0x7f, 0xff, 0xff, 0xf2,
    0x0, 0x0, 0x0, 0x0, 0xc, 0xff, 0xff, 0xfc,
    0x0, 0x5, 0xff, 0xff, 0xff, 0x40, 0x0, 0x0,
    0x0, 0x0,

    /* U+00BC "¼" */
    0x0, 0x0, 0x6a, 0xaa, 0xa8, 0x0, 0x0, 0x0,
    0x0, 0x0, 0x0, 0x0, 0x0, 0x3, 0xaa, 0xa9,
    0x10, 0x0, 0x0, 0x0, 0xa, 0xff, 0xff, 0xfe,
    0x0, 0x0, 0x0, 0x0, 0x0, 0x0, 0x0, 0x0,
    0xe, 0xff, 0xf9, 0x0, 0x0, 0x0, 0x2, 0xdf,
    0xff, 0xff, 0xfe, 0x0, 0x0, 0x0, 0x0, 0x0,
    0x0, 0x0, 0x0, 0x9f, 0xff, 0xe0, 0x0, 0x0,
    0x0, 0x1f, 0xff, 0xff, 0xff, 0xfe, 0x0, 0x0,
    0x0, 0x0, 0x0, 0x0, 0x0, 0x4, 0xff, 0xff,
    0x40, 0x0, 0x0, 0x0, 0x2f, 0xff, 0xba, 0xff,
    0xfe, 0x0, 0x0, 0x0, 0x0, 0x0, 0x0, 0x0,
    0x1e, 0xff, 0xf9, 0x0, 0x0, 0x0, 0x0, 0x2f,
    0xf7, 0x9, 0xff, 0xfe, 0x0, 0x0, 0x0, 0x0,
    0x0, 0x0, 0x0, 0xaf, 0xff, 0xd0, 0x0, 0x0,
    0x0, 0x0, 0x2e, 0x40, 0x9, 0xff, 0xfe, 0x0,
    0x0, 0x0, 0x0, 0x0, 0x0, 0x5, 0xff, 0xff,
    0x40, 0x0, 0x0, 0x0, 0x0, 0x11, 0x0, 0x9,
    0xff, 0xfe, 0x0, 0x0, 0x0, 0x0, 0x0, 0x0,
    0x1e, 0xff, 0xf9, 0x0, 0x0, 0x0, 0x0, 0x0,
    0x0, 0x0, 0x9, 0xff, 0xfe, 0x0, 0x0, 0x0,
    0x0, 0x0, 0x0, 0xaf, 0xff, 0xd0, 0x0, 0x0,
    0x0, 0x0, 0x0, 0x0, 0x0, 0x9, 0xff, 0xfe,
    0x0, 0x0, 0x0, 0x0, 0x0, 0x5, 0xff, 0xff,
    0x30, 0x0, 0x0, 0x0, 0x0, 0x0, 0x0, 0x0,
    0x9, 0xff, 0xfe, 0x0, 0x0, 0x0, 0x0, 0x0,
    0x1e, 0xff, 0xf8, 0x0, 0x0, 0x0, 0x0, 0x0,
    0x0, 0x0, 0x0, 0x9, 0xff, 0xfe, 0x0, 0x0,
    0x0, 0x0, 0x0, 0xaf, 0xff, 0xd0, 0x0, 0x0,
    0x0, 0x0, 0x0, 0x0, 0x0, 0x0, 0x9, 0xff,
    0xfe, 0x0, 0x0, 0x0, 0x0, 0x5, 0xff, 0xff,
    0x30, 0x0, 0x0, 0x0, 0x0, 0x0, 0x0, 0x0,
    0x0, 0x9, 0xff, 0xfe, 0x0, 0x0, 0x0, 0x0,
    0x1e, 0xff, 0xf8, 0x0, 0x0, 0x0, 0x0, 0x0,
    0x0, 0x0, 0x0, 0x0, 0x9, 0xff, 0xfe, 0x0,
    0x0, 0x0, 0x0, 0xbf, 0xff, 0xd0, 0x0, 0x0,
    0x0, 0x0, 0x0, 0x0, 0x0, 0x0, 0x0, 0x9,
    0xff, 0xfe, 0x0, 0x0, 0x0, 0x6, 0xff, 0xff,
    0x30, 0x0, 0x0, 0x0, 0x0, 0x0, 0x0, 0x0,
    0x0, 0x0, 0x9, 0xff, 0xfe, 0x0, 0x0, 0x0,
    0x1f, 0xff, 0xf8, 0x0, 0x0, 0x0, 0x9, 0xbb,
    0xbb, 0xa0, 0x0, 0x0, 0x0, 0x9, 0xff, 0xfe,
    0x0, 0x0, 0x0, 0xbf, 0xff, 0xd0, 0x0, 0x0,
    0x0, 0x5f, 0xff, 0xff, 0xe0, 0x0, 0x0, 0x0,
    0x9, 0xff, 0xfe, 0x0, 0x0, 0x6, 0xff, 0xff,
    0x20, 0x0, 0x0, 0x0, 0xdf, 0xff, 0xff, 0xe0,
    0x0, 0x0, 0x0, 0x9, 0xff, 0xfe, 0x0, 0x0,
    0x1f, 0xff, 0xf7, 0x0, 0x0, 0x0, 0x7, 0xff,
    0xff, 0xff, 0xe0, 0x0, 0x0, 0x0, 0x0, 0x0,
    0x0, 0x0, 0x0, 0xbf, 0xff, 0xc0, 0x0, 0x0,
    0x0, 0x1f, 0xff, 0xff, 0xff, 0xe0, 0x0, 0x0,
    0x0, 0x0, 0x0, 0x0, 0x0, 0x6, 0xff, 0xff,
    0x20, 0x0, 0x0, 0x0, 0xaf, 0xff, 0xcf, 0xff,
    0xe0, 0x0, 0x0, 0x0, 0x0, 0x0, 0x0, 0x0,
    0x2f, 0xff, 0xf7, 0x0, 0x0, 0x0, 0x3, 0xff,
    0xff, 0x4f, 0xff, 0xe0, 0x0, 0x0, 0x0, 0x0,
    0x0, 0x0, 0x0, 0xcf, 0xff, 0xc0, 0x0, 0x0,
    0x0, 0xc, 0xff, 0xf7, 0x2f, 0xff, 0xe0, 0x0,
    0x0, 0x0, 0x0, 0x0, 0x0, 0x7, 0xff, 0xff,
    0x20, 0x0, 0x0, 0x0, 0x5f, 0xff, 0xe0, 0x2f,
    0xff, 0xe0, 0x0, 0x0, 0x0, 0x0, 0x0, 0x0,
    0x2f, 0xff, 0xf7, 0x0, 0x0, 0x0, 0x0, 0xef,
    0xff, 0x50, 0x2f, 0xff, 0xe0, 0x0, 0x0, 0x0,
    0x0, 0x0, 0x0, 0xcf, 0xff, 0xc0, 0x0, 0x0,
    0x0, 0x8, 0xff, 0xfd, 0x0, 0x2f, 0xff, 0xe0,
    0x0, 0x0, 0x0, 0x0, 0x0, 0x7, 0xff, 0xff,
    0x20, 0x0, 0x0, 0x0, 0x2f, 0xff, 0xf4, 0x0,
    0x2f, 0xff, 0xe0, 0x0, 0x0, 0x0, 0x0, 0x0,
    0x2f, 0xff, 0xf6, 0x0, 0x0, 0x0, 0x0, 0xaf,
    0xff, 0xb0, 0x0, 0x2f, 0xff, 0xe0, 0x0, 0x0,
    0x0, 0x0, 0x0, 0xcf, 0xff, 0xb0, 0x0, 0x0,
    0x0, 0x2, 0xff, 0xff, 0xca, 0xaa, 0xbf, 0xff,
    0xfa, 0xa2, 0x0, 0x0, 0x0, 0x7, 0xff, 0xff,
    0x20, 0x0, 0x0, 0x0, 0x3, 0xff, 0xff, 0xff,
    0xff, 0xff, 0xff, 0xff, 0xf3, 0x0, 0x0, 0x0,
    0x2f, 0xff, 0xf6, 0x0, 0x0, 0x0, 0x0, 0x3,
    0xff, 0xff, 0xff, 0xff, 0xff, 0xff, 0xff, 0xf3,
    0x0, 0x0, 0x0, 0xcf, 0xff, 0xb0, 0x0, 0x0,
    0x0, 0x0, 0x3, 0xff, 0xff, 0xff, 0xff, 0xff,
    0xff, 0xff, 0xf3, 0x0, 0x0, 0x8, 0xff, 0xff,
    0x10, 0x0, 0x0, 0x0, 0x0, 0x0, 0x0, 0x0,
    0x0, 0x0, 0x5f, 0xff, 0xe0, 0x0, 0x0, 0x0,
    0x3f, 0xff, 0xf6, 0x0, 0x0, 0x0, 0x0, 0x0,
    0x0, 0x0, 0x0, 0x0, 0x0, 0x5f, 0xff, 0xe0,
    0x0, 0x0, 0x0, 0xdf, 0xff, 0xb0, 0x0, 0x0,
    0x0, 0x0, 0x0, 0x0, 0x0, 0x0, 0x0, 0x0,
    0x5f, 0xff, 0xe0, 0x0,

    /* U+00BD "½" */
    0x0, 0x0, 0x6a, 0xaa, 0xa8, 0x0, 0x0, 0x0,
    0x0, 0x0, 0x0, 0x0, 0x0, 0x3, 0xaa, 0xa9,
    0x10, 0x0, 0x0, 0x0, 0x0, 0xaf, 0xff, 0xff,
    0xe0, 0x0, 0x0, 0x0, 0x0, 0x0, 0x0, 0x0,
    0x0, 0xef, 0xff, 0x90, 0x0, 0x0, 0x0, 0x2,
    0xdf, 0xff, 0xff, 0xfe, 0x0, 0x0, 0x0, 0x0,
    0x0, 0x0, 0x0, 0x0, 0x9f, 0xff, 0xe0, 0x0,
    0x0, 0x0, 0x1, 0xff, 0xff, 0xff, 0xff, 0xe0,
    0x0, 0x0, 0x0, 0x0, 0x0, 0x0, 0x0, 0x4f,
    0xff, 0xf4, 0x0, 0x0, 0x0, 0x0, 0x2f, 0xff,
    0xaa, 0xff, 0xfe, 0x0, 0x0, 0x0, 0x0, 0x0,
    0x0, 0x0, 0x1e, 0xff, 0xf9, 0x0, 0x0, 0x0,
    0x0, 0x2, 0xff, 0x70, 0x9f, 0xff, 0xe0, 0x0,
    0x0, 0x0, 0x0, 0x0, 0x0, 0xa, 0xff, 0xfd,
    0x0, 0x0, 0x0, 0x0, 0x0, 0x2e, 0x40, 0x9,
    0xff, 0xfe, 0x0, 0x0, 0x0, 0x0, 0x0, 0x0,
    0x5, 0xff, 0xff, 0x40, 0x0, 0x0, 0x0, 0x0,
    0x1, 0x10, 0x0, 0x9f, 0xff, 0xe0, 0x0, 0x0,
    0x0, 0x0, 0x0, 0x1, 0xef, 0xff, 0x90, 0x0,
    0x0, 0x0, 0x0, 0x0, 0x0, 0x0, 0x9, 0xff,
    0xfe, 0x0, 0x0, 0x0, 0x0, 0x0, 0x0, 0xaf,
    0xff, 0xd0, 0x0, 0x0, 0x0, 0x0, 0x0, 0x0,
    0x0, 0x0, 0x9f, 0xff, 0xe0, 0x0, 0x0, 0x0,
    0x0, 0x0, 0x5f, 0xff, 0xf3, 0x0, 0x0, 0x0,
    0x0, 0x0, 0x0, 0x0, 0x0, 0x9, 0xff, 0xfe,
    0x0, 0x0, 0x0, 0x0, 0x0, 0x1e, 0xff, 0xf8,
    0x0, 0x0, 0x0, 0x0, 0x0, 0x0, 0x0, 0x0,
    0x0, 0x9f, 0xff, 0xe0, 0x0, 0x0, 0x0, 0x0,
    0xa, 0xff, 0xfd, 0x0, 0x0, 0x0, 0x0, 0x0,
    0x0, 0x0, 0x0, 0x0, 0x9, 0xff, 0xfe, 0x0,
    0x0, 0x0, 0x0, 0x5, 0xff, 0xff, 0x30, 0x0,
    0x0, 0x0, 0x0, 0x0, 0x0, 0x0, 0x0, 0x0,
    0x9f, 0xff, 0xe0, 0x0, 0x0, 0x0, 0x1, 0xef,
    0xff, 0x80, 0x0, 0x0, 0x0, 0x0, 0x0, 0x0,
    0x0, 0x0, 0x0, 0x9, 0xff, 0xfe, 0x0, 0x0,
    0x0, 0x0, 0xbf, 0xff, 0xd0, 0x0, 0x0, 0x0,
    0x0, 0x0, 0x0, 0x0, 0x0, 0x0, 0x0, 0x9f,
    0xff, 0xe0, 0x0, 0x0, 0x0, 0x6f, 0xff, 0xf3,
    0x0, 0x0, 0x0, 0x0, 0x0, 0x0, 0x0, 0x0,
    0x0, 0x0, 0x9, 0xff, 0xfe, 0x0, 0x0, 0x0,
    0x1f, 0xff, 0xf8, 0x0, 0x0, 0x0, 0x6b, 0xef,
    0xfc, 0x82, 0x0, 0x0, 0x0, 0x0, 0x9f, 0xff,
    0xe0, 0x0, 0x0, 0xb, 0xff, 0xfd, 0x0, 0x0,
    0x2, 0xdf, 0xff, 0xff, 0xff, 0xf7, 0x0, 0x0,
    0x0, 0x9, 0xff, 0xfe, 0x0, 0x0, 0x6, 0xff,
    0xff, 0x20, 0x0, 0x1, 0xef, 0xff, 0xff, 0xff,
    0xff, 0xf7, 0x0, 0x0, 0x0, 0x9f, 0xff, 0xe0,
    0x0, 0x1, 0xff, 0xff, 0x70, 0x0, 0x0, 0xaf,
    0xff, 0xfc, 0x9b, 0xff, 0xff, 0xf1, 0x0, 0x0,
    0x0, 0x0, 0x0, 0x0, 0x0, 0xbf, 0xff, 0xc0,
    0x0, 0x0, 0xf, 0xff, 0xf8, 0x0, 0x4, 0xff,
    0xff, 0x60, 0x0, 0x0, 0x0, 0x0, 0x0, 0x0,
    0x6f, 0xff, 0xf2, 0x0, 0x0, 0x1, 0xee, 0xee,
    0x20, 0x0, 0xd, 0xff, 0xf8, 0x0, 0x0, 0x0,
    0x0, 0x0, 0x0, 0x2f, 0xff, 0xf7, 0x0, 0x0,
    0x0, 0x0, 0x0, 0x0, 0x0, 0x0, 0xdf, 0xff,
    0x70, 0x0, 0x0, 0x0, 0x0, 0x0, 0xc, 0xff,
    0xfc, 0x0, 0x0, 0x0, 0x0, 0x0, 0x0, 0x0,
    0x0, 0x2f, 0xff, 0xf3, 0x0, 0x0, 0x0, 0x0,
    0x0, 0x7, 0xff, 0xff, 0x20, 0x0, 0x0, 0x0,
    0x0, 0x0, 0x0, 0x0, 0xc, 0xff, 0xfc, 0x0,
    0x0, 0x0, 0x0, 0x0, 0x2, 0xff, 0xff, 0x70,
    0x0, 0x0, 0x0, 0x0, 0x0, 0x0, 0x0, 0x9,
    0xff, 0xff, 0x20, 0x0, 0x0, 0x0, 0x0, 0x0,
    0xcf, 0xff, 0xc0, 0x0, 0x0, 0x0, 0x0, 0x0,
    0x0, 0x0, 0x9, 0xff, 0xff, 0x60, 0x0, 0x0,
    0x0, 0x0, 0x0, 0x7f, 0xff, 0xf2, 0x0, 0x0,
    0x0, 0x0, 0x0, 0x0, 0x0, 0x8, 0xff, 0xff,
    0x90, 0x0, 0x0, 0x0, 0x0, 0x0, 0x2f, 0xff,
    0xf6, 0x0, 0x0, 0x0, 0x0, 0x0, 0x0, 0x0,
    0x8, 0xff, 0xff, 0xb0, 0x0, 0x0, 0x0, 0x0,
    0x0, 0xc, 0xff, 0xfb, 0x0, 0x0, 0x0, 0x0,
    0x0, 0x0, 0x0, 0x8, 0xff, 0xff, 0xb0, 0x0,
    0x0, 0x0, 0x0, 0x0, 0x7, 0xff, 0xff, 0x20,
    0x0, 0x0, 0x0, 0x0, 0x0, 0x0, 0x8, 0xff,
    0xff, 0xc0, 0x0, 0x0, 0x0, 0x0, 0x0, 0x2,
    0xff, 0xff, 0x60, 0x0, 0x0, 0x0, 0x0, 0x0,
    0x0, 0x7, 0xff, 0xff, 0xd1, 0x0, 0x0, 0x0,
    0x0, 0x0, 0x0, 0xcf, 0xff, 0xb0, 0x0, 0x0,
    0x0, 0x0, 0x0, 0x0, 0x7, 0xff, 0xff, 0xfe,
    0xcc, 0xcc, 0xcc, 0xa0, 0x0, 0x0, 0x8f, 0xff,
    0xf1, 0x0, 0x0, 0x0, 0x0, 0x0, 0x0, 0x0,
    0xdf, 0xff, 0xff, 0xff, 0xff, 0xff, 0xfd, 0x0,
    0x0, 0x3f, 0xff, 0xf6, 0x0, 0x0, 0x0, 0x0,
    0x0, 0x0, 0x0, 0xd, 0xff, 0xff, 0xff, 0xff,
    0xff, 0xff, 0xd0, 0x0, 0xd, 0xff, 0xfb, 0x0,
    0x0, 0x0, 0x0, 0x0, 0x0, 0x0, 0x0, 0xdf,
    0xff, 0xff, 0xff, 0xff, 0xff, 0xfd,

    /* U+00BE "¾" */
    0x0, 0x0, 0x17, 0xce, 0xfe, 0xc7, 0x0, 0x0,
    0x0, 0x0, 0x0, 0x0, 0x0, 0x0, 0x0, 0xd,
    0xff, 0xfa, 0x0, 0x0, 0x0, 0x0, 0x7f, 0xff,
    0xff, 0xff, 0xfd, 0x20, 0x0, 0x0, 0x0, 0x0,
    0x0, 0x0, 0x0, 0x9, 0xff, 0xfe, 0x10, 0x0,
    0x0, 0x0, 0x9f, 0xff, 0xff, 0xff, 0xff, 0xfe,
    0x10, 0x0, 0x0, 0x0, 0x0, 0x0, 0x0, 0x3,
    0xff, 0xff, 0x50, 0x0, 0x0, 0x0, 0x3f, 0xff,
    0xff, 0xca, 0xdf, 0xff, 0xf9, 0x0, 0x0, 0x0,
    0x0, 0x0, 0x0, 0x0, 0xdf, 0xff, 0xa0, 0x0,
    0x0, 0x0, 0x8, 0xff, 0xfe, 0x20, 0x0, 0xbf,
    0xff, 0xe0, 0x0, 0x0, 0x0, 0x0, 0x0, 0x0,
    0x9f, 0xff, 0xe1, 0x0, 0x0, 0x0, 0x0, 0x24,
    0x44, 0x20, 0x0, 0x5, 0xff, 0xff, 0x0, 0x0,
    0x0, 0x0, 0x0, 0x0, 0x3f, 0xff, 0xf5, 0x0,
    0x0, 0x0, 0x0, 0x0, 0x0, 0x0, 0x0, 0x0,
    0x8f, 0xff, 0xd0, 0x0, 0x0, 0x0, 0x0, 0x0,
    0xd, 0xff, 0xfa, 0x0, 0x0, 0x0, 0x0, 0x0,
    0x0, 0x0, 0x0, 0x1, 0x6f, 0xff, 0xf7, 0x0,
    0x0, 0x0, 0x0, 0x0, 0x9, 0xff, 0xfe, 0x10,
    0x0, 0x0, 0x0, 0x0, 0x0, 0x0, 0x0, 0xff,
    0xff, 0xff, 0xf9, 0x0, 0x0, 0x0, 0x0, 0x0,
    0x3, 0xff, 0xff, 0x50, 0x0, 0x0, 0x0, 0x0,
    0x0, 0x0, 0x0, 0xf, 0xff, 0xff, 0xd4, 0x0,
    0x0, 0x0, 0x0, 0x0, 0x0, 0xdf, 0xff, 0xa0,
    0x0, 0x0, 0x0, 0x0, 0x0, 0x0, 0x0, 0x0,
    0xff, 0xff, 0xff, 0xfb, 0x20, 0x0, 0x0, 0x0,
    0x0, 0x9f, 0xff, 0xe1, 0x0, 0x0, 0x0, 0x0,
    0x0, 0x0, 0x0, 0x0, 0x5, 0x56, 0xaf, 0xff,
    0xfe, 0x10, 0x0, 0x0, 0x0, 0x3f, 0xff, 0xf5,
    0x0, 0x0, 0x0, 0x0, 0x0, 0x0, 0x0, 0x0,
    0x0, 0x0, 0x0, 0x5f, 0xff, 0xf8, 0x0, 0x0,
    0x0, 0xd, 0xff, 0xfa, 0x0, 0x0, 0x0, 0x0,
    0x0, 0x0, 0x0, 0x0, 0x0, 0x0, 0x0, 0x0,
    0xff, 0xff, 0xc0, 0x0, 0x0, 0x9, 0xff, 0xfe,
    0x10, 0x0, 0x0, 0x0, 0x0, 0x0, 0x0, 0x0,
    0x0, 0x0, 0x0, 0x0, 0xf, 0xff, 0xfc, 0x0,
    0x0, 0x3, 0xff, 0xff, 0x50, 0x0, 0x0, 0x0,
    0x0, 0x0, 0x0, 0x0, 0xef, 0xff, 0xc2, 0x0,
    0xa, 0xff, 0xff, 0xa0, 0x0, 0x0, 0xdf, 0xff,
    0xa0, 0x0, 0x0, 0x0, 0x0, 0x0, 0x0, 0x0,
    0xa, 0xff, 0xff, 0xfe, 0xdf, 0xff, 0xff, 0xf4,
    0x0, 0x0, 0x9f, 0xff, 0xe1, 0x0, 0x0, 0x0,
    0x2c, 0xcc, 0xcc, 0x60, 0x0, 0x1e, 0xff, 0xff,
    0xff, 0xff, 0xff, 0xf9, 0x0, 0x0, 0x3f, 0xff,
    0xf5, 0x0, 0x0, 0x0, 0xb, 0xff, 0xff, 0xf8,
    0x0, 0x0, 0x2c, 0xff, 0xff, 0xff, 0xff, 0xf7,
    0x0, 0x0, 0xd, 0xff, 0xfa, 0x0, 0x0, 0x0,
    0x4, 0xff, 0xff, 0xff, 0x80, 0x0, 0x0, 0x4,
    0x9d, 0xff, 0xec, 0x81, 0x0, 0x0, 0x9, 0xff,
    0xfe, 0x10, 0x0, 0x0, 0x0, 0xdf, 0xff, 0xff,
    0xf8, 0x0, 0x0, 0x0, 0x0, 0x0, 0x0, 0x0,
    0x0, 0x0, 0x3, 0xff, 0xff, 0x50, 0x0, 0x0,
    0x0, 0x7f, 0xff, 0xff, 0xff, 0x80, 0x0, 0x0,
    0x0, 0x0, 0x0, 0x0, 0x0, 0x0, 0x0, 0xdf,
    0xff, 0xa0, 0x0, 0x0, 0x0, 0x1f, 0xff, 0xfb,
    0xff, 0xf8, 0x0, 0x0, 0x0, 0x0, 0x0, 0x0,
    0x0, 0x0, 0x0, 0x9f, 0xff, 0xe1, 0x0, 0x0,
    0x0, 0x9, 0xff, 0xf9, 0x8f, 0xff, 0x80, 0x0,
    0x0, 0x0, 0x0, 0x0, 0x0, 0x0, 0x0, 0x3f,
    0xff, 0xf5, 0x0, 0x0, 0x0, 0x2, 0xff, 0xff,
    0x18, 0xff, 0xf8, 0x0, 0x0, 0x0, 0x0, 0x0,
    0x0, 0x0, 0x0, 0xd, 0xff, 0xfa, 0x0, 0x0,
    0x0, 0x0, 0xbf, 0xff, 0x70, 0x8f, 0xff, 0x80,
    0x0, 0x0, 0x0, 0x0, 0x0, 0x0, 0x0, 0x9,
    0xff, 0xfe, 0x10, 0x0, 0x0, 0x0, 0x5f, 0xff,
    0xe0, 0x8, 0xff, 0xf8, 0x0, 0x0, 0x0, 0x0,
    0x0, 0x0, 0x0, 0x3, 0xff, 0xff, 0x50, 0x0,
    0x0, 0x0, 0xd, 0xff, 0xf6, 0x0, 0x8f, 0xff,
    0x80, 0x0, 0x0, 0x0, 0x0, 0x0, 0x0, 0x0,
    0xdf, 0xff, 0xa0, 0x0, 0x0, 0x0, 0x7, 0xff,
    0xfd, 0x0, 0x8, 0xff, 0xf8, 0x0, 0x0, 0x0,
    0x0, 0x0, 0x0, 0x0, 0x9f, 0xff, 0xe1, 0x0,
    0x0, 0x0, 0x1, 0xff, 0xff, 0x50, 0x0, 0x8f,
    0xff, 0x80, 0x0, 0x0, 0x0, 0x0, 0x0, 0x0,
    0x3f, 0xff, 0xf5, 0x0, 0x0, 0x0, 0x0, 0x8f,
    0xff, 0xfa, 0xaa, 0xad, 0xff, 0xfd, 0xa9, 0x0,
    0x0, 0x0, 0x0, 0x0, 0xd, 0xff, 0xfa, 0x0,
    0x0, 0x0, 0x0, 0x9, 0xff, 0xff, 0xff, 0xff,
    0xff, 0xff, 0xff, 0xd0, 0x0, 0x0, 0x0, 0x0,
    0x9, 0xff, 0xfe, 0x10, 0x0, 0x0, 0x0, 0x0,
    0x9f, 0xff, 0xff, 0xff, 0xff, 0xff, 0xff, 0xfd,
    0x0, 0x0, 0x0, 0x0, 0x3, 0xff, 0xff, 0x50,
    0x0, 0x0, 0x0, 0x0, 0x9, 0xff, 0xff, 0xff,
    0xff, 0xff, 0xff, 0xff, 0xd0, 0x0, 0x0, 0x0,
    0x0, 0xdf, 0xff, 0xa0, 0x0, 0x0, 0x0, 0x0,
    0x0, 0x0, 0x0, 0x0, 0x0, 0xa, 0xff, 0xf8,
    0x0, 0x0, 0x0, 0x0, 0x0, 0x9f, 0xff, 0xe1,
    0x0, 0x0, 0x0, 0x0, 0x0, 0x0, 0x0, 0x0,
    0x0, 0x0, 0xaf, 0xff, 0x80, 0x0, 0x0, 0x0,
    0x0, 0x3f, 0xff, 0xf5, 0x0, 0x0, 0x0, 0x0,
    0x0, 0x0, 0x0, 0x0, 0x0, 0x0, 0xa, 0xff,
    0xf8, 0x0,

    /* U+00BF "¿" */
    0x0, 0x0, 0x0, 0x0, 0x1, 0xae, 0xfc, 0x40,
    0x0, 0x0, 0x0, 0x0, 0x0, 0x0, 0x0, 0x0,
    0xdf, 0xff, 0xff, 0x40, 0x0, 0x0, 0x0, 0x0,
    0x0, 0x0, 0x0, 0x7f, 0xff, 0xff, 0xfc, 0x0,
    0x0, 0x0, 0x0, 0x0, 0x0, 0x0, 0xa, 0xff,
    0xff, 0xff, 0xf0, 0x0, 0x0, 0x0, 0x0, 0x0,
    0x0, 0x0, 0x9f, 0xff, 0xff, 0xfe, 0x0, 0x0,
    0x0, 0x0, 0x0, 0x0, 0x0, 0x4, 0xff, 0xff,
    0xff, 0x90, 0x0, 0x0, 0x0, 0x0, 0x0, 0x0,
    0x0, 0x7, 0xff, 0xff, 0xc0, 0x0, 0x0, 0x0,
    0x0, 0x0, 0x0, 0x0, 0x0, 0x2, 0x77, 0x40,
    0x0, 0x0, 0x0, 0x0, 0x0, 0x0, 0x0, 0x0,
    0x0, 0x0, 0x0, 0x0, 0x0, 0x0, 0x0, 0x0,
    0x0, 0x0, 0x0, 0x0, 0x0, 0x0, 0x0, 0x0,
    0x0, 0x0, 0x0, 0x0, 0x0, 0x0, 0x0, 0x0,
    0x0, 0x0, 0x0, 0x0, 0x0, 0x0, 0x0, 0x0,
    0x0, 0x0, 0x0, 0x7c, 0xcc, 0xcc, 0x0, 0x0,
    0x0, 0x0, 0x0, 0x0, 0x0, 0x0, 0xa, 0xff,
    0xff, 0xf0, 0x0, 0x0, 0x0, 0x0, 0x0, 0x0,
    0x0, 0x0, 0xcf, 0xff, 0xfe, 0x0, 0x0, 0x0,
    0x0, 0x0, 0x0, 0x0, 0x0, 0xf, 0xff, 0xff,
    0xd0, 0x0, 0x0, 0x0, 0x0, 0x0, 0x0, 0x0,
    0x7, 0xff, 0xff, 0xfa, 0x0, 0x0, 0x0, 0x0,
    0x0, 0x0, 0x0, 0x4, 0xff, 0xff, 0xff, 0x60,
    0x0, 0x0, 0x0, 0x0, 0x0, 0x0, 0x7, 0xff,
    0xff, 0xff, 0xe0, 0x0, 0x0, 0x0, 0x0, 0x0,
    0x0, 0x2c, 0xff, 0xff, 0xff, 0xf5, 0x0, 0x0,
    0x0, 0x0, 0x0, 0x0, 0x5f, 0xff, 0xff, 0xff,
    0xf7, 0x0, 0x0, 0x0, 0x0, 0x0, 0x0, 0x5f,
    0xff, 0xff, 0xff, 0xe4, 0x0, 0x0, 0x0, 0x0,
    0x0, 0x0, 0x3f, 0xff, 0xff, 0xff, 0xb1, 0x0,
    0x0, 0x0, 0x0, 0x0, 0x0, 0xc, 0xff, 0xff,
    0xff, 0x80, 0x0, 0x0, 0x0, 0x0, 0x0, 0x0,
    0x3, 0xff, 0xff, 0xff, 0x90, 0x0, 0x0, 0x0,
    0x0, 0x0, 0x0, 0x0, 0x7f, 0xff, 0xff, 0xf0,
    0x0, 0x0, 0x0, 0x0, 0x0, 0x0, 0x0, 0xa,
    0xff, 0xff, 0xfa, 0x0, 0x0, 0x0, 0x0, 0x0,
    0x0, 0x0, 0x0, 0xaf, 0xff, 0xff, 0x90, 0x0,
    0x0, 0x0, 0x0, 0xac, 0xcc, 0xcc, 0x2a, 0xff,
    0xff, 0xfa, 0x0, 0x0, 0x0, 0x0, 0xf, 0xff,
    0xff, 0xf1, 0x8f, 0xff, 0xff, 0xe0, 0x0, 0x0,
    0x0, 0x5, 0xff, 0xff, 0xff, 0x4, 0xff, 0xff,
    0xff, 0xa0, 0x0, 0x0, 0x2, 0xef, 0xff, 0xff,
    0xb0, 0xe, 0xff, 0xff, 0xff, 0xc5, 0x10, 0x28,
    0xff, 0xff, 0xff, 0xf4, 0x0, 0x6f, 0xff, 0xff,
    0xff, 0xff, 0xff, 0xff, 0xff, 0xff, 0xfc, 0x0,
    0x0, 0xaf, 0xff, 0xff, 0xff, 0xff, 0xff, 0xff,
    0xff, 0xfe, 0x10, 0x0, 0x0, 0xaf, 0xff, 0xff,
    0xff, 0xff, 0xff, 0xff, 0xfd, 0x20, 0x0, 0x0,
    0x0, 0x5e, 0xff, 0xff, 0xff, 0xff, 0xff, 0xf9,
    0x0, 0x0, 0x0, 0x0, 0x0, 0x5, 0x9d, 0xff,
    0xff, 0xeb, 0x71, 0x0, 0x0, 0x0, 0x0, 0x0,
    0x0, 0x0, 0x0, 0x1, 0x0, 0x0, 0x0, 0x0,
    0x0, 0x0,

    /* U+00C0 "À" */
    0x0, 0x0, 0x0, 0x0, 0x1, 0x44, 0x44, 0x42,
    0x0, 0x0, 0x0, 0x0, 0x0, 0x0, 0x0, 0x0,
    0x0, 0x0, 0x0, 0x0, 0x0, 0xe, 0xff, 0xff,
    0xc0, 0x0, 0x0, 0x0, 0x0, 0x0, 0x0, 0x0,
    0x0, 0x0, 0x0, 0x0, 0x0, 0x0, 0x4f, 0xff,
    0xff, 0x40, 0x0, 0x0, 0x0, 0x0, 0x0, 0x0,
    0x0, 0x0, 0x0, 0x0, 0x0, 0x0, 0x0, 0xaf,
    0xff, 0xfb, 0x0, 0x0, 0x0, 0x0, 0x0, 0x0,
    0x0, 0x0, 0x0, 0x0, 0x0, 0x0, 0x0, 0x1,
    0xef, 0xff, 0xf2, 0x0, 0x0, 0x0, 0x0, 0x0,
    0x0, 0x0, 0x0, 0x0, 0x0, 0x0, 0x0, 0x0,
    0x5, 0xff, 0xff, 0x90, 0x0, 0x0, 0x0, 0x0,
    0x0, 0x0, 0x0, 0x0, 0x0, 0x0, 0x0, 0x0,
    0x0, 0xb, 0xff, 0xff, 0x10, 0x0, 0x0, 0x0,
    0x0, 0x0, 0x0, 0x0, 0x0, 0x0, 0x0, 0x0,
    0x0, 0x0, 0x1f, 0xff, 0xf7, 0x0, 0x0, 0x0,
    0x0, 0x0, 0x0, 0x0, 0x0, 0x0, 0x0, 0x0,
    0x0, 0x0, 0x0, 0x0, 0x0, 0x0, 0x0, 0x0,
    0x0, 0x0, 0x0, 0x0, 0x0, 0x0, 0x0, 0x0,
    0x0, 0x0, 0x0, 0x0, 0x0, 0x0, 0x0, 0x0,
    0x0, 0x0, 0x0, 0x0, 0x0, 0x0, 0x0, 0x0,
    0x0, 0x0, 0x0, 0x0, 0x0, 0x0, 0x0, 0x0,
    0x0, 0x0, 0x0, 0x0, 0x0, 0x0, 0x0, 0x0,
    0x0, 0x0, 0x0, 0xd, 0xff, 0xff, 0xff, 0xf7,
    0x0, 0x0, 0x0, 0x0, 0x0, 0x0, 0x0, 0x0,
    0x0, 0x0, 0x0, 0x2, 0xff, 0xff, 0xff, 0xff,
    0xd0, 0x0, 0x0, 0x0, 0x0, 0x0, 0x0, 0x0,
    0x0, 0x0, 0x0, 0x0, 0x7f, 0xff, 0xff, 0xff,
    0xff, 0x20, 0x0, 0x0, 0x0, 0x0, 0x0, 0x0,
    0x0, 0x0, 0x0, 0x0, 0xd, 0xff, 0xff, 0xff,
    0xff, 0xf8, 0x0, 0x0, 0x0, 0x0, 0x0, 0x0,
    0x0, 0x0, 0x0, 0x0, 0x2, 0xff, 0xff, 0xff,
    0xff, 0xff, 0xd0, 0x0, 0x0, 0x0, 0x0, 0x0,
    0x0, 0x0, 0x0, 0x0, 0x0, 0x8f, 0xff, 0xff,
    0xcf, 0xff, 0xff, 0x30, 0x0, 0x0, 0x0, 0x0,
    0x0, 0x0, 0x0, 0x0, 0x0, 0xd, 0xff, 0xff,
    0xe5, 0xff, 0xff, 0xf8, 0x0, 0x0, 0x0, 0x0,
    0x0, 0x0, 0x0, 0x0, 0x0, 0x2, 0xff, 0xff,
    0xfa, 0x1f, 0xff, 0xff, 0xe0, 0x0, 0x0, 0x0,
    0x0, 0x0, 0x0, 0x0, 0x0, 0x0, 0x8f, 0xff,
    0xff, 0x60, 0xcf, 0xff, 0xff, 0x40, 0x0, 0x0,
    0x0, 0x0, 0x0, 0x0, 0x0, 0x0, 0xd, 0xff,
    0xff, 0xf2, 0x8, 0xff, 0xff, 0xf9, 0x0, 0x0,
    0x0, 0x0, 0x0, 0x0, 0x0, 0x0, 0x3, 0xff,
    0xff, 0xfe, 0x0, 0x4f, 0xff, 0xff, 0xe0, 0x0,
    0x0, 0x0, 0x0, 0x0, 0x0, 0x0, 0x0, 0x8f,
    0xff, 0xff, 0xa0, 0x0, 0xff, 0xff, 0xff, 0x40,
    0x0, 0x0, 0x0, 0x0, 0x0, 0x0, 0x0, 0xd,
    0xff, 0xff, 0xf6, 0x0, 0xb, 0xff, 0xff, 0xfa,
    0x0, 0x0, 0x0, 0x0, 0x0, 0x0, 0x0, 0x3,
    0xff, 0xff, 0xff, 0x10, 0x0, 0x7f, 0xff, 0xff,
    0xf0, 0x0, 0x0, 0x0, 0x0, 0x0, 0x0, 0x0,
    0x8f, 0xff, 0xff, 0xd0, 0x0, 0x2, 0xff, 0xff,
    0xff, 0x50, 0x0, 0x0, 0x0, 0x0, 0x0, 0x0,
    0xe, 0xff, 0xff, 0xf8, 0x0, 0x0, 0xd, 0xff,
    0xff, 0xfa, 0x0, 0x0, 0x0, 0x0, 0x0, 0x0,
    0x3, 0xff, 0xff, 0xff, 0x40, 0x0, 0x0, 0x9f,
    0xff, 0xff, 0xf0, 0x0, 0x0, 0x0, 0x0, 0x0,
    0x0, 0x9f, 0xff, 0xff, 0xf0, 0x0, 0x0, 0x4,
    0xff, 0xff, 0xff, 0x50, 0x0, 0x0, 0x0, 0x0,
    0x0, 0xe, 0xff, 0xff, 0xfa, 0x0, 0x0, 0x0,
    0xe, 0xff, 0xff, 0xfb, 0x0, 0x0, 0x0, 0x0,
    0x0, 0x3, 0xff, 0xff, 0xff, 0x50, 0x0, 0x0,
    0x0, 0x9f, 0xff, 0xff, 0xf1, 0x0, 0x0, 0x0,
    0x0, 0x0, 0x9f, 0xff, 0xff, 0xf0, 0x0, 0x0,
    0x0, 0x4, 0xff, 0xff, 0xff, 0x60, 0x0, 0x0,
    0x0, 0x0, 0xe, 0xff, 0xff, 0xfb, 0x0, 0x0,
    0x0, 0x0, 0xe, 0xff, 0xff, 0xfc, 0x0, 0x0,
    0x0, 0x0, 0x4, 0xff, 0xff, 0xff, 0xff, 0xff,
    0xff, 0xff, 0xff, 0xff, 0xff, 0xff, 0xf1, 0x0,
    0x0, 0x0, 0x0, 0x9f, 0xff, 0xff, 0xff, 0xff,
    0xff, 0xff, 0xff, 0xff, 0xff, 0xff, 0xff, 0x70,
    0x0, 0x0, 0x0, 0xe, 0xff, 0xff, 0xff, 0xff,
    0xff, 0xff, 0xff, 0xff, 0xff, 0xff, 0xff, 0xfc,
    0x0, 0x0, 0x0, 0x4, 0xff, 0xff, 0xff, 0xff,
    0xff, 0xff, 0xff, 0xff, 0xff, 0xff, 0xff, 0xff,
    0xf2, 0x0, 0x0, 0x0, 0x9f, 0xff, 0xff, 0xff,
    0xff, 0xff, 0xff, 0xff, 0xff, 0xff, 0xff, 0xff,
    0xff, 0x70, 0x0, 0x0, 0xe, 0xff, 0xff, 0xfc,
    0x22, 0x22, 0x22, 0x22, 0x22, 0x22, 0x2e, 0xff,
    0xff, 0xfd, 0x0, 0x0, 0x4, 0xff, 0xff, 0xff,
    0x60, 0x0, 0x0, 0x0, 0x0, 0x0, 0x0, 0x9f,
    0xff, 0xff, 0xf2, 0x0, 0x0, 0xaf, 0xff, 0xff,
    0xf1, 0x0, 0x0, 0x0, 0x0, 0x0, 0x0, 0x4,
    0xff, 0xff, 0xff, 0x80, 0x0, 0xf, 0xff, 0xff,
    0xfc, 0x0, 0x0, 0x0, 0x0, 0x0, 0x0, 0x0,
    0xe, 0xff, 0xff, 0xfd, 0x0, 0x4, 0xff, 0xff,
    0xff, 0x70, 0x0, 0x0, 0x0, 0x0, 0x0, 0x0,
    0x0, 0x9f, 0xff, 0xff, 0xf3, 0x0, 0xaf, 0xff,
    0xff, 0xf2, 0x0, 0x0, 0x0, 0x0, 0x0, 0x0,
    0x0, 0x4, 0xff, 0xff, 0xff, 0x90, 0xf, 0xff,
    0xff, 0xfd, 0x0, 0x0, 0x0, 0x0, 0x0, 0x0,
    0x0, 0x0, 0xe, 0xff, 0xff, 0xfe, 0x5, 0xff,
    0xff, 0xff, 0x70, 0x0, 0x0, 0x0, 0x0, 0x0,
    0x0, 0x0, 0x0, 0x9f, 0xff, 0xff, 0xf4, 0xaf,
    0xff, 0xff, 0xf2, 0x0, 0x0, 0x0, 0x0, 0x0,
    0x0, 0x0, 0x0, 0x4, 0xff, 0xff, 0xff, 0x90,

    /* U+00C1 "Á" */
    0x0, 0x0, 0x0, 0x0, 0x0, 0x0, 0x0, 0x0,
    0x3, 0x44, 0x44, 0x40, 0x0, 0x0, 0x0, 0x0,
    0x0, 0x0, 0x0, 0x0, 0x0, 0x0, 0x0, 0x0,
    0x0, 0xef, 0xff, 0xfc, 0x0, 0x0, 0x0, 0x0,
    0x0, 0x0, 0x0, 0x0, 0x0, 0x0, 0x0, 0x0,
    0x0, 0x6f, 0xff, 0xff, 0x20, 0x0, 0x0, 0x0,
    0x0, 0x0, 0x0, 0x0, 0x0, 0x0, 0x0, 0x0,
    0x0, 0xd, 0xff, 0xff, 0x70, 0x0, 0x0, 0x0,
    0x0, 0x0, 0x0, 0x0, 0x0, 0x0, 0x0, 0x0,
    0x0, 0x5, 0xff, 0xff, 0xc0, 0x0, 0x0, 0x0,
    0x0, 0x0, 0x0, 0x0, 0x0, 0x0, 0x0, 0x0,
    0x0, 0x0, 0xcf, 0xff, 0xf2, 0x0, 0x0, 0x0,
    0x0, 0x0, 0x0, 0x0, 0x0, 0x0, 0x0, 0x0,
    0x0, 0x0, 0x3f, 0xff, 0xf8, 0x0, 0x0, 0x0,
    0x0, 0x0, 0x0, 0x0, 0x0, 0x0, 0x0, 0x0,
    0x0, 0x0, 0xa, 0xff, 0xfd, 0x0, 0x0, 0x0,
    0x0, 0x0, 0x0, 0x0, 0x0, 0x0, 0x0, 0x0,
    0x0, 0x0, 0x0, 0x0, 0x0, 0x0, 0x0, 0x0,
    0x0, 0x0, 0x0, 0x0, 0x0, 0x0, 0x0, 0x0,
    0x0, 0x0, 0x0, 0x0, 0x0, 0x0, 0x0, 0x0,
    0x0, 0x0, 0x0, 0x0, 0x0, 0x0, 0x0, 0x0,
    0x0, 0x0, 0x0, 0x0, 0x0, 0x0, 0x0, 0x0,
    0x0, 0x0, 0x0, 0x0, 0x0, 0x0, 0x0, 0x0,
    0x0, 0x0, 0x0, 0xd, 0xff, 0xff, 0xff, 0xf7,
    0x0, 0x0, 0x0, 0x0, 0x0, 0x0, 0x0, 0x0,
    0x0, 0x0, 0x0, 0x2, 0xff, 0xff, 0xff, 0xff,
    0xd0, 0x0, 0x0, 0x0, 0x0, 0x0, 0x0, 0x0,
    0x0, 0x0, 0x0, 0x0, 0x7f, 0xff, 0xff, 0xff,
    0xff, 0x20, 0x0, 0x0, 0x0, 0x0, 0x0, 0x0,
    0x0, 0x0, 0x0, 0x0, 0xd, 0xff, 0xff, 0xff,
    0xff, 0xf8, 0x0, 0x0, 0x0, 0x0, 0x0, 0x0,
    0x0, 0x0, 0x0, 0x0, 0x2, 0xff, 0xff, 0xff,
    0xff, 0xff, 0xd0, 0x0, 0x0, 0x0, 0x0, 0x0,
    0x0, 0x0, 0x0, 0x0, 0x0, 0x8f, 0xff, 0xff,
    0xcf, 0xff, 0xff, 0x30, 0x0, 0x0, 0x0, 0x0,
    0x0, 0x0, 0x0, 0x0, 0x0, 0xd, 0xff, 0xff,
    0xe5, 0xff, 0xff, 0xf8, 0x0, 0x0, 0x0, 0x0,
    0x0, 0x0, 0x0, 0x0, 0x0, 0x2, 0xff, 0xff,
    0xfa, 0x1f, 0xff, 0xff, 0xe0, 0x0, 0x0, 0x0,
    0x0, 0x0, 0x0, 0x0, 0x0, 0x0, 0x8f, 0xff,
    0xff, 0x60, 0xcf, 0xff, 0xff, 0x40, 0x0, 0x0,
    0x0, 0x0, 0x0, 0x0, 0x0, 0x0, 0xd, 0xff,
    0xff, 0xf2, 0x8, 0xff, 0xff, 0xf9, 0x0, 0x0,
    0x0, 0x0, 0x0, 0x0, 0x0, 0x0, 0x3, 0xff,
    0xff, 0xfe, 0x0, 0x4f, 0xff, 0xff, 0xe0, 0x0,
    0x0, 0x0, 0x0, 0x0, 0x0, 0x0, 0x0, 0x8f,
    0xff, 0xff, 0xa0, 0x0, 0xff, 0xff, 0xff, 0x40,
    0x0, 0x0, 0x0, 0x0, 0x0, 0x0, 0x0, 0xd,
    0xff, 0xff, 0xf6, 0x0, 0xb, 0xff, 0xff, 0xfa,
    0x0, 0x0, 0x0, 0x0, 0x0, 0x0, 0x0, 0x3,
    0xff, 0xff, 0xff, 0x10, 0x0, 0x7f, 0xff, 0xff,
    0xf0, 0x0, 0x0, 0x0, 0x0, 0x0, 0x0, 0x0,
    0x8f, 0xff, 0xff, 0xd0, 0x0, 0x2, 0xff, 0xff,
    0xff, 0x50, 0x0, 0x0, 0x0, 0x0, 0x0, 0x0,
    0xe, 0xff, 0xff, 0xf8, 0x0, 0x0, 0xd, 0xff,
    0xff, 0xfa, 0x0, 0x0, 0x0, 0x0, 0x0, 0x0,
    0x3, 0xff, 0xff, 0xff, 0x40, 0x0, 0x0, 0x9f,
    0xff, 0xff, 0xf0, 0x0, 0x0, 0x0, 0x0, 0x0,
    0x0, 0x9f, 0xff, 0xff, 0xf0, 0x0, 0x0, 0x4,
    0xff, 0xff, 0xff, 0x50, 0x0, 0x0, 0x0, 0x0,
    0x0, 0xe, 0xff, 0xff, 0xfa, 0x0, 0x0, 0x0,
    0xe, 0xff, 0xff, 0xfb, 0x0, 0x0, 0x0, 0x0,
    0x0, 0x3, 0xff, 0xff, 0xff, 0x50, 0x0, 0x0,
    0x0, 0x9f, 0xff, 0xff, 0xf1, 0x0, 0x0, 0x0,
    0x0, 0x0, 0x9f, 0xff, 0xff, 0xf0, 0x0, 0x0,
    0x0, 0x4, 0xff, 0xff, 0xff, 0x60, 0x0, 0x0,
    0x0, 0x0, 0xe, 0xff, 0xff, 0xfb, 0x0, 0x0,
    0x0, 0x0, 0xe, 0xff, 0xff, 0xfc, 0x0, 0x0,
    0x0, 0x0, 0x4, 0xff, 0xff, 0xff, 0xff, 0xff,
    0xff, 0xff, 0xff, 0xff, 0xff, 0xff, 0xf1, 0x0,
    0x0, 0x0, 0x0, 0x9f, 0xff, 0xff, 0xff, 0xff,
    0xff, 0xff, 0xff, 0xff, 0xff, 0xff, 0xff, 0x70,
    0x0, 0x0, 0x0, 0xe, 0xff, 0xff, 0xff, 0xff,
    0xff, 0xff, 0xff, 0xff, 0xff, 0xff, 0xff, 0xfc,
    0x0, 0x0, 0x0, 0x4, 0xff, 0xff, 0xff, 0xff,
    0xff, 0xff, 0xff, 0xff, 0xff, 0xff, 0xff, 0xff,
    0xf2, 0x0, 0x0, 0x0, 0x9f, 0xff, 0xff, 0xff,
    0xff, 0xff, 0xff, 0xff, 0xff, 0xff, 0xff, 0xff,
    0xff, 0x70, 0x0, 0x0, 0xe, 0xff, 0xff, 0xfc,
    0x22, 0x22, 0x22, 0x22, 0x22, 0x22, 0x2e, 0xff,
    0xff, 0xfd, 0x0, 0x0, 0x4, 0xff, 0xff, 0xff,
    0x60, 0x0, 0x0, 0x0, 0x0, 0x0, 0x0, 0x9f,
    0xff, 0xff, 0xf2, 0x0, 0x0, 0xaf, 0xff, 0xff,
    0xf1, 0x0, 0x0, 0x0, 0x0, 0x0, 0x0, 0x4,
    0xff, 0xff, 0xff, 0x80, 0x0, 0xf, 0xff, 0xff,
    0xfc, 0x0, 0x0, 0x0, 0x0, 0x0, 0x0, 0x0,
    0xe, 0xff, 0xff, 0xfd, 0x0, 0x4, 0xff, 0xff,
    0xff, 0x70, 0x0, 0x0, 0x0, 0x0, 0x0, 0x0,
    0x0, 0x9f, 0xff, 0xff, 0xf3, 0x0, 0xaf, 0xff,
    0xff, 0xf2, 0x0, 0x0, 0x0, 0x0, 0x0, 0x0,
    0x0, 0x4, 0xff, 0xff, 0xff, 0x90, 0xf, 0xff,
    0xff, 0xfd, 0x0, 0x0, 0x0, 0x0, 0x0, 0x0,
    0x0, 0x0, 0xe, 0xff, 0xff, 0xfe, 0x5, 0xff,
    0xff, 0xff, 0x70, 0x0, 0x0, 0x0, 0x0, 0x0,
    0x0, 0x0, 0x0, 0x9f, 0xff, 0xff, 0xf4, 0xaf,
    0xff, 0xff, 0xf2, 0x0, 0x0, 0x0, 0x0, 0x0,
    0x0, 0x0, 0x0, 0x4, 0xff, 0xff, 0xff, 0x90,

    /* U+00C2 "Â" */
    0x0, 0x0, 0x0, 0x0, 0x0, 0x0, 0x2, 0x88,
    0x88, 0x70, 0x0, 0x0, 0x0, 0x0, 0x0, 0x0,
    0x0, 0x0, 0x0, 0x0, 0x0, 0x0, 0x1, 0xdf,
    0xff, 0xff, 0xb0, 0x0, 0x0, 0x0, 0x0, 0x0,
    0x0, 0x0, 0x0, 0x0, 0x0, 0x0, 0x0, 0xcf,
    0xff, 0xff, 0xff, 0x90, 0x0, 0x0, 0x0, 0x0,
    0x0, 0x0, 0x0, 0x0, 0x0, 0x0, 0x0, 0xaf,
    0xff, 0xfe, 0xff, 0xff, 0x60, 0x0, 0x0, 0x0,
    0x0, 0x0, 0x0, 0x0, 0x0, 0x0, 0x0, 0x8f,
    0xff, 0xfb, 0x1d, 0xff, 0xff, 0x40, 0x0, 0x0,
    0x0, 0x0, 0x0, 0x0, 0x0, 0x0, 0x0, 0x6f,
    0xff, 0xfe, 0x10, 0x3f, 0xff, 0xff, 0x20, 0x0,
    0x0, 0x0, 0x0, 0x0, 0x0, 0x0, 0x0, 0x4f,
    0xff, 0xff, 0x30, 0x0, 0x6f, 0xff, 0xfd, 0x10,
    0x0, 0x0, 0x0, 0x0, 0x0, 0x0, 0x0, 0x2f,
    0xff, 0xff, 0x70, 0x0, 0x0, 0xaf, 0xff, 0xfc,
    0x0, 0x0, 0x0, 0x0, 0x0, 0x0, 0x0, 0x0,
    0x0, 0x0, 0x0, 0x0, 0x0, 0x0, 0x0, 0x0,
    0x0, 0x0, 0x0, 0x0, 0x0, 0x0, 0x0, 0x0,
    0x0, 0x0, 0x0, 0x0, 0x0, 0x0, 0x0, 0x0,
    0x0, 0x0, 0x0, 0x0, 0x0, 0x0, 0x0, 0x0,
    0x0, 0x0, 0x0, 0x0, 0x0, 0x0, 0x0, 0x0,
    0x0, 0x0, 0x0, 0x0, 0x0, 0x0, 0x0, 0x0,
    0x0, 0x0, 0x0, 0xd, 0xff, 0xff, 0xff, 0xf7,
    0x0, 0x0, 0x0, 0x0, 0x0, 0x0, 0x0, 0x0,
    0x0, 0x0, 0x0, 0x2, 0xff, 0xff, 0xff, 0xff,
    0xd0, 0x0, 0x0, 0x0, 0x0, 0x0, 0x0, 0x0,
    0x0, 0x0, 0x0, 0x0, 0x7f, 0xff, 0xff, 0xff,
    0xff, 0x20, 0x0, 0x0, 0x0, 0x0, 0x0, 0x0,
    0x0, 0x0, 0x0, 0x0, 0xd, 0xff, 0xff, 0xff,
    0xff, 0xf8, 0x0, 0x0, 0x0, 0x0, 0x0, 0x0,
    0x0, 0x0, 0x0, 0x0, 0x2, 0xff, 0xff, 0xff,
    0xff, 0xff, 0xd0, 0x0, 0x0, 0x0, 0x0, 0x0,
    0x0, 0x0, 0x0, 0x0, 0x0, 0x8f, 0xff, 0xff,
    0xcf, 0xff, 0xff, 0x30, 0x0, 0x0, 0x0, 0x0,
    0x0, 0x0, 0x0, 0x0, 0x0, 0xd, 0xff, 0xff,
    0xe5, 0xff, 0xff, 0xf8, 0x0, 0x0, 0x0, 0x0,
    0x0, 0x0, 0x0, 0x0, 0x0, 0x2, 0xff, 0xff,
    0xfa, 0x1f, 0xff, 0xff, 0xe0, 0x0, 0x0, 0x0,
    0x0, 0x0, 0x0, 0x0, 0x0, 0x0, 0x8f, 0xff,
    0xff, 0x60, 0xcf, 0xff, 0xff, 0x40, 0x0, 0x0,
    0x0, 0x0, 0x0, 0x0, 0x0, 0x0, 0xd, 0xff,
    0xff, 0xf2, 0x8, 0xff, 0xff, 0xf9, 0x0, 0x0,
    0x0, 0x0, 0x0, 0x0, 0x0, 0x0, 0x3, 0xff,
    0xff, 0xfe, 0x0, 0x4f, 0xff, 0xff, 0xe0, 0x0,
    0x0, 0x0, 0x0, 0x0, 0x0, 0x0, 0x0, 0x8f,
    0xff, 0xff, 0xa0, 0x0, 0xff, 0xff, 0xff, 0x40,
    0x0, 0x0, 0x0, 0x0, 0x0, 0x0, 0x0, 0xd,
    0xff, 0xff, 0xf6, 0x0, 0xb, 0xff, 0xff, 0xfa,
    0x0, 0x0, 0x0, 0x0, 0x0, 0x0, 0x0, 0x3,
    0xff, 0xff, 0xff, 0x10, 0x0, 0x7f, 0xff, 0xff,
    0xf0, 0x0, 0x0, 0x0, 0x0, 0x0, 0x0, 0x0,
    0x8f, 0xff, 0xff, 0xd0, 0x0, 0x2, 0xff, 0xff,
    0xff, 0x50, 0x0, 0x0, 0x0, 0x0, 0x0, 0x0,
    0xe, 0xff, 0xff, 0xf8, 0x0, 0x0, 0xd, 0xff,
    0xff, 0xfa, 0x0, 0x0, 0x0, 0x0, 0x0, 0x0,
    0x3, 0xff, 0xff, 0xff, 0x40, 0x0, 0x0, 0x9f,
    0xff, 0xff, 0xf0, 0x0, 0x0, 0x0, 0x0, 0x0,
    0x0, 0x9f, 0xff, 0xff, 0xf0, 0x0, 0x0, 0x4,
    0xff, 0xff, 0xff, 0x50, 0x0, 0x0, 0x0, 0x0,
    0x0, 0xe, 0xff, 0xff, 0xfa, 0x0, 0x0, 0x0,
    0xe, 0xff, 0xff, 0xfb, 0x0, 0x0, 0x0, 0x0,
    0x0, 0x3, 0xff, 0xff, 0xff, 0x50, 0x0, 0x0,
    0x0, 0x9f, 0xff, 0xff, 0xf1, 0x0, 0x0, 0x0,
    0x0, 0x0, 0x9f, 0xff, 0xff, 0xf0, 0x0, 0x0,
    0x0, 0x4, 0xff, 0xff, 0xff, 0x60, 0x0, 0x0,
    0x0, 0x0, 0xe, 0xff, 0xff, 0xfb, 0x0, 0x0,
    0x0, 0x0, 0xe, 0xff, 0xff, 0xfc, 0x0, 0x0,
    0x0, 0x0, 0x4, 0xff, 0xff, 0xff, 0xff, 0xff,
    0xff, 0xff, 0xff, 0xff, 0xff, 0xff, 0xf1, 0x0,
    0x0, 0x0, 0x0, 0x9f, 0xff, 0xff, 0xff, 0xff,
    0xff, 0xff, 0xff, 0xff, 0xff, 0xff, 0xff, 0x70,
    0x0, 0x0, 0x0, 0xe, 0xff, 0xff, 0xff, 0xff,
    0xff, 0xff, 0xff, 0xff, 0xff, 0xff, 0xff, 0xfc,
    0x0, 0x0, 0x0, 0x4, 0xff, 0xff, 0xff, 0xff,
    0xff, 0xff, 0xff, 0xff, 0xff, 0xff, 0xff, 0xff,
    0xf2, 0x0, 0x0, 0x0, 0x9f, 0xff, 0xff, 0xff,
    0xff, 0xff, 0xff, 0xff, 0xff, 0xff, 0xff, 0xff,
    0xff, 0x70, 0x0, 0x0, 0xe, 0xff, 0xff, 0xfc,
    0x22, 0x22, 0x22, 0x22, 0x22, 0x22, 0x2e, 0xff,
    0xff, 0xfd, 0x0, 0x0, 0x4, 0xff, 0xff, 0xff,
    0x60, 0x0, 0x0, 0x0, 0x0, 0x0, 0x0, 0x9f,
    0xff, 0xff, 0xf2, 0x0, 0x0, 0xaf, 0xff, 0xff,
    0xf1, 0x0, 0x0, 0x0, 0x0, 0x0, 0x0, 0x4,
    0xff, 0xff, 0xff, 0x80, 0x0, 0xf, 0xff, 0xff,
    0xfc, 0x0, 0x0, 0x0, 0x0, 0x0, 0x0, 0x0,
    0xe, 0xff, 0xff, 0xfd, 0x0, 0x4, 0xff, 0xff,
    0xff, 0x70, 0x0, 0x0, 0x0, 0x0, 0x0, 0x0,
    0x0, 0x9f, 0xff, 0xff, 0xf3, 0x0, 0xaf, 0xff,
    0xff, 0xf2, 0x0, 0x0, 0x0, 0x0, 0x0, 0x0,
    0x0, 0x4, 0xff, 0xff, 0xff, 0x90, 0xf, 0xff,
    0xff, 0xfd, 0x0, 0x0, 0x0, 0x0, 0x0, 0x0,
    0x0, 0x0, 0xe, 0xff, 0xff, 0xfe, 0x5, 0xff,
    0xff, 0xff, 0x70, 0x0, 0x0, 0x0, 0x0, 0x0,
    0x0, 0x0, 0x0, 0x9f, 0xff, 0xff, 0xf4, 0xaf,
    0xff, 0xff, 0xf2, 0x0, 0x0, 0x0, 0x0, 0x0,
    0x0, 0x0, 0x0, 0x4, 0xff, 0xff, 0xff, 0x90,

    /* U+00C3 "Ã" */
    0x0, 0x0, 0x0, 0x0, 0x0, 0x4, 0x9a, 0x83,
    0x0, 0x0, 0x4a, 0xaa, 0x10, 0x0, 0x0, 0x0,
    0x0, 0x0, 0x0, 0x0, 0x0, 0xa, 0xff, 0xff,
    0xfb, 0x30, 0xb, 0xff, 0xf0, 0x0, 0x0, 0x0,
    0x0, 0x0, 0x0, 0x0, 0x0, 0x6, 0xff, 0xff,
    0xff, 0xff, 0xdc, 0xff, 0xfc, 0x0, 0x0, 0x0,
    0x0, 0x0, 0x0, 0x0, 0x0, 0x0, 0xdf, 0xff,
    0xff, 0xff, 0xff, 0xff, 0xff, 0x60, 0x0, 0x0,
    0x0, 0x0, 0x0, 0x0, 0x0, 0x0, 0x2f, 0xff,
    0xc1, 0x2a, 0xff, 0xff, 0xff, 0xc0, 0x0, 0x0,
    0x0, 0x0, 0x0, 0x0, 0x0, 0x0, 0x4, 0xff,
    0xf5, 0x0, 0x2, 0x9e, 0xfe, 0x80, 0x0, 0x0,
    0x0, 0x0, 0x0, 0x0, 0x0, 0x0, 0x0, 0x0,
    0x0, 0x0, 0x0, 0x0, 0x0, 0x0, 0x0, 0x0,
    0x0, 0x0, 0x0, 0x0, 0x0, 0x0, 0x0, 0x0,
    0x0, 0x0, 0x0, 0x0, 0x0, 0x0, 0x0, 0x0,
    0x0, 0x0, 0x0, 0x0, 0x0, 0x0, 0x0, 0x0,
    0x0, 0x0, 0x0, 0x0, 0x0, 0x0, 0x0, 0x0,
    0x0, 0x0, 0x0, 0x0, 0x0, 0x0, 0x0, 0x0,
    0x0, 0x0, 0x0, 0x0, 0x0, 0x0, 0x0, 0x0,
    0x0, 0x0, 0x0, 0x0, 0x0, 0x0, 0x0, 0x0,
    0x0, 0x0, 0x0, 0xdf, 0xff, 0xff, 0xff, 0x70,
    0x0, 0x0, 0x0, 0x0, 0x0, 0x0, 0x0, 0x0,
    0x0, 0x0, 0x0, 0x2f, 0xff, 0xff, 0xff, 0xfd,
    0x0, 0x0, 0x0, 0x0, 0x0, 0x0, 0x0, 0x0,
    0x0, 0x0, 0x0, 0x7, 0xff, 0xff, 0xff, 0xff,
    0xf2, 0x0, 0x0, 0x0, 0x0, 0x0, 0x0, 0x0,
    0x0, 0x0, 0x0, 0x0, 0xdf, 0xff, 0xff, 0xff,
    0xff, 0x80, 0x0, 0x0, 0x0, 0x0, 0x0, 0x0,
    0x0, 0x0, 0x0, 0x0, 0x2f, 0xff, 0xff, 0xff,
    0xff, 0xfd, 0x0, 0x0, 0x0, 0x0, 0x0, 0x0,
    0x0, 0x0, 0x0, 0x0, 0x8, 0xff, 0xff, 0xfc,
    0xff, 0xff, 0xf3, 0x0, 0x0, 0x0, 0x0, 0x0,
    0x0, 0x0, 0x0, 0x0, 0x0, 0xdf, 0xff, 0xfe,
    0x5f, 0xff, 0xff, 0x80, 0x0, 0x0, 0x0, 0x0,
    0x0, 0x0, 0x0, 0x0, 0x0, 0x2f, 0xff, 0xff,
    0xa1, 0xff, 0xff, 0xfe, 0x0, 0x0, 0x0, 0x0,
    0x0, 0x0, 0x0, 0x0, 0x0, 0x8, 0xff, 0xff,
    0xf6, 0xc, 0xff, 0xff, 0xf4, 0x0, 0x0, 0x0,
    0x0, 0x0, 0x0, 0x0, 0x0, 0x0, 0xdf, 0xff,
    0xff, 0x20, 0x8f, 0xff, 0xff, 0x90, 0x0, 0x0,
    0x0, 0x0, 0x0, 0x0, 0x0, 0x0, 0x3f, 0xff,
    0xff, 0xe0, 0x4, 0xff, 0xff, 0xfe, 0x0, 0x0,
    0x0, 0x0, 0x0, 0x0, 0x0, 0x0, 0x8, 0xff,
    0xff, 0xfa, 0x0, 0xf, 0xff, 0xff, 0xf4, 0x0,
    0x0, 0x0, 0x0, 0x0, 0x0, 0x0, 0x0, 0xdf,
    0xff, 0xff, 0x60, 0x0, 0xbf, 0xff, 0xff, 0xa0,
    0x0, 0x0, 0x0, 0x0, 0x0, 0x0, 0x0, 0x3f,
    0xff, 0xff, 0xf1, 0x0, 0x7, 0xff, 0xff, 0xff,
    0x0, 0x0, 0x0, 0x0, 0x0, 0x0, 0x0, 0x8,
    0xff, 0xff, 0xfd, 0x0, 0x0, 0x2f, 0xff, 0xff,
    0xf5, 0x0, 0x0, 0x0, 0x0, 0x0, 0x0, 0x0,
    0xef, 0xff, 0xff, 0x80, 0x0, 0x0, 0xdf, 0xff,
    0xff, 0xa0, 0x0, 0x0, 0x0, 0x0, 0x0, 0x0,
    0x3f, 0xff, 0xff, 0xf4, 0x0, 0x0, 0x9, 0xff,
    0xff, 0xff, 0x0, 0x0, 0x0, 0x0, 0x0, 0x0,
    0x9, 0xff, 0xff, 0xff, 0x0, 0x0, 0x0, 0x4f,
    0xff, 0xff, 0xf5, 0x0, 0x0, 0x0, 0x0, 0x0,
    0x0, 0xef, 0xff, 0xff, 0xa0, 0x0, 0x0, 0x0,
    0xef, 0xff, 0xff, 0xb0, 0x0, 0x0, 0x0, 0x0,
    0x0, 0x3f, 0xff, 0xff, 0xf5, 0x0, 0x0, 0x0,
    0x9, 0xff, 0xff, 0xff, 0x10, 0x0, 0x0, 0x0,
    0x0, 0x9, 0xff, 0xff, 0xff, 0x0, 0x0, 0x0,
    0x0, 0x4f, 0xff, 0xff, 0xf6, 0x0, 0x0, 0x0,
    0x0, 0x0, 0xef, 0xff, 0xff, 0xb0, 0x0, 0x0,
    0x0, 0x0, 0xef, 0xff, 0xff, 0xc0, 0x0, 0x0,
    0x0, 0x0, 0x4f, 0xff, 0xff, 0xff, 0xff, 0xff,
    0xff, 0xff, 0xff, 0xff, 0xff, 0xff, 0x10, 0x0,
    0x0, 0x0, 0x9, 0xff, 0xff, 0xff, 0xff, 0xff,
    0xff, 0xff, 0xff, 0xff, 0xff, 0xff, 0xf7, 0x0,
    0x0, 0x0, 0x0, 0xef, 0xff, 0xff, 0xff, 0xff,
    0xff, 0xff, 0xff, 0xff, 0xff, 0xff, 0xff, 0xc0,
    0x0, 0x0, 0x0, 0x4f, 0xff, 0xff, 0xff, 0xff,
    0xff, 0xff, 0xff, 0xff, 0xff, 0xff, 0xff, 0xff,
    0x20, 0x0, 0x0, 0x9, 0xff, 0xff, 0xff, 0xff,
    0xff, 0xff, 0xff, 0xff, 0xff, 0xff, 0xff, 0xff,
    0xf7, 0x0, 0x0, 0x0, 0xef, 0xff, 0xff, 0xc2,
    0x22, 0x22, 0x22, 0x22, 0x22, 0x22, 0xef, 0xff,
    0xff, 0xd0, 0x0, 0x0, 0x4f, 0xff, 0xff, 0xf6,
    0x0, 0x0, 0x0, 0x0, 0x0, 0x0, 0x9, 0xff,
    0xff, 0xff, 0x20, 0x0, 0xa, 0xff, 0xff, 0xff,
    0x10, 0x0, 0x0, 0x0, 0x0, 0x0, 0x0, 0x4f,
    0xff, 0xff, 0xf8, 0x0, 0x0, 0xff, 0xff, 0xff,
    0xc0, 0x0, 0x0, 0x0, 0x0, 0x0, 0x0, 0x0,
    0xef, 0xff, 0xff, 0xd0, 0x0, 0x4f, 0xff, 0xff,
    0xf7, 0x0, 0x0, 0x0, 0x0, 0x0, 0x0, 0x0,
    0x9, 0xff, 0xff, 0xff, 0x30, 0xa, 0xff, 0xff,
    0xff, 0x20, 0x0, 0x0, 0x0, 0x0, 0x0, 0x0,
    0x0, 0x4f, 0xff, 0xff, 0xf9, 0x0, 0xff, 0xff,
    0xff, 0xd0, 0x0, 0x0, 0x0, 0x0, 0x0, 0x0,
    0x0, 0x0, 0xef, 0xff, 0xff, 0xe0, 0x5f, 0xff,
    0xff, 0xf7, 0x0, 0x0, 0x0, 0x0, 0x0, 0x0,
    0x0, 0x0, 0x9, 0xff, 0xff, 0xff, 0x4a, 0xff,
    0xff, 0xff, 0x20, 0x0, 0x0, 0x0, 0x0, 0x0,
    0x0, 0x0, 0x0, 0x4f, 0xff, 0xff, 0xf9,

    /* U+00C4 "Ä" */
    0x0, 0x0, 0x0, 0x0, 0x5, 0xdf, 0xb2, 0x0,
    0x0, 0x3, 0xcf, 0xc4, 0x0, 0x0, 0x0, 0x0,
    0x0, 0x0, 0x0, 0x0, 0x5, 0xff, 0xff, 0xe1,
    0x0, 0x2, 0xff, 0xff, 0xf3, 0x0, 0x0, 0x0,
    0x0, 0x0, 0x0, 0x0, 0x0, 0xcf, 0xff, 0xff,
    0x70, 0x0, 0x9f, 0xff, 0xff, 0xa0, 0x0, 0x0,
    0x0, 0x0, 0x0, 0x0, 0x0, 0xd, 0xff, 0xff,
    0xf8, 0x0, 0xa, 0xff, 0xff, 0xfc, 0x0, 0x0,
    0x0, 0x0, 0x0, 0x0, 0x0, 0x0, 0xaf, 0xff,
    0xff, 0x40, 0x0, 0x7f, 0xff, 0xff, 0x80, 0x0,
    0x0, 0x0, 0x0, 0x0, 0x0, 0x0, 0x1, 0xdf,
    0xff, 0x90, 0x0, 0x0, 0xbf, 0xff, 0xc0, 0x0,
    0x0, 0x0, 0x0, 0x0, 0x0, 0x0, 0x0, 0x0,
    0x57, 0x30, 0x0, 0x0, 0x0, 0x47, 0x50, 0x0,
    0x0, 0x0, 0x0, 0x0, 0x0, 0x0, 0x0, 0x0,
    0x0, 0x0, 0x0, 0x0, 0x0, 0x0, 0x0, 0x0,
    0x0, 0x0, 0x0, 0x0, 0x0, 0x0, 0x0, 0x0,
    0x0, 0x0, 0x0, 0x0, 0x0, 0x0, 0x0, 0x0,
    0x0, 0x0, 0x0, 0x0, 0x0, 0x0, 0x0, 0x0,
    0x0, 0x0, 0x0, 0x0, 0x0, 0x0, 0x0, 0x0,
    0x0, 0x0, 0x0, 0x0, 0x0, 0x0, 0x0, 0x0,
    0x0, 0x0, 0x0, 0xdf, 0xff, 0xff, 0xff, 0x70,
    0x0, 0x0, 0x0, 0x0, 0x0, 0x0, 0x0, 0x0,
    0x0, 0x0, 0x0, 0x2f, 0xff, 0xff, 0xff, 0xfd,
    0x0, 0x0, 0x0, 0x0, 0x0, 0x0, 0x0, 0x0,
    0x0, 0x0, 0x0, 0x7, 0xff, 0xff, 0xff, 0xff,
    0xf2, 0x0, 0x0, 0x0, 0x0, 0x0, 0x0, 0x0,
    0x0, 0x0, 0x0, 0x0, 0xdf, 0xff, 0xff, 0xff,
    0xff, 0x80, 0x0, 0x0, 0x0, 0x0, 0x0, 0x0,
    0x0, 0x0, 0x0, 0x0, 0x2f, 0xff, 0xff, 0xff,
    0xff, 0xfd, 0x0, 0x0, 0x0, 0x0, 0x0, 0x0,
    0x0, 0x0, 0x0, 0x0, 0x8, 0xff, 0xff, 0xfc,
    0xff, 0xff, 0xf3, 0x0, 0x0, 0x0, 0x0, 0x0,
    0x0, 0x0, 0x0, 0x0, 0x0, 0xdf, 0xff, 0xfe,
    0x5f, 0xff, 0xff, 0x80, 0x0, 0x0, 0x0, 0x0,
    0x0, 0x0, 0x0, 0x0, 0x0, 0x2f, 0xff, 0xff,
    0xa1, 0xff, 0xff, 0xfe, 0x0, 0x0, 0x0, 0x0,
    0x0, 0x0, 0x0, 0x0, 0x0, 0x8, 0xff, 0xff,
    0xf6, 0xc, 0xff, 0xff, 0xf4, 0x0, 0x0, 0x0,
    0x0, 0x0, 0x0, 0x0, 0x0, 0x0, 0xdf, 0xff,
    0xff, 0x20, 0x8f, 0xff, 0xff, 0x90, 0x0, 0x0,
    0x0, 0x0, 0x0, 0x0, 0x0, 0x0, 0x3f, 0xff,
    0xff, 0xe0, 0x4, 0xff, 0xff, 0xfe, 0x0, 0x0,
    0x0, 0x0, 0x0, 0x0, 0x0, 0x0, 0x8, 0xff,
    0xff, 0xfa, 0x0, 0xf, 0xff, 0xff, 0xf4, 0x0,
    0x0, 0x0, 0x0, 0x0, 0x0, 0x0, 0x0, 0xdf,
    0xff, 0xff, 0x60, 0x0, 0xbf, 0xff, 0xff, 0xa0,
    0x0, 0x0, 0x0, 0x0, 0x0, 0x0, 0x0, 0x3f,
    0xff, 0xff, 0xf1, 0x0, 0x7, 0xff, 0xff, 0xff,
    0x0, 0x0, 0x0, 0x0, 0x0, 0x0, 0x0, 0x8,
    0xff, 0xff, 0xfd, 0x0, 0x0, 0x2f, 0xff, 0xff,
    0xf5, 0x0, 0x0, 0x0, 0x0, 0x0, 0x0, 0x0,
    0xef, 0xff, 0xff, 0x80, 0x0, 0x0, 0xdf, 0xff,
    0xff, 0xa0, 0x0, 0x0, 0x0, 0x0, 0x0, 0x0,
    0x3f, 0xff, 0xff, 0xf4, 0x0, 0x0, 0x9, 0xff,
    0xff, 0xff, 0x0, 0x0, 0x0, 0x0, 0x0, 0x0,
    0x9, 0xff, 0xff, 0xff, 0x0, 0x0, 0x0, 0x4f,
    0xff, 0xff, 0xf5, 0x0, 0x0, 0x0, 0x0, 0x0,
    0x0, 0xef, 0xff, 0xff, 0xa0, 0x0, 0x0, 0x0,
    0xef, 0xff, 0xff, 0xb0, 0x0, 0x0, 0x0, 0x0,
    0x0, 0x3f, 0xff, 0xff, 0xf5, 0x0, 0x0, 0x0,
    0x9, 0xff, 0xff, 0xff, 0x10, 0x0, 0x0, 0x0,
    0x0, 0x9, 0xff, 0xff, 0xff, 0x0, 0x0, 0x0,
    0x0, 0x4f, 0xff, 0xff, 0xf6, 0x0, 0x0, 0x0,
    0x0, 0x0, 0xef, 0xff, 0xff, 0xb0, 0x0, 0x0,
    0x0, 0x0, 0xef, 0xff, 0xff, 0xc0, 0x0, 0x0,
    0x0, 0x0, 0x4f, 0xff, 0xff, 0xff, 0xff, 0xff,
    0xff, 0xff, 0xff, 0xff, 0xff, 0xff, 0x10, 0x0,
    0x0, 0x0, 0x9, 0xff, 0xff, 0xff, 0xff, 0xff,
    0xff, 0xff, 0xff, 0xff, 0xff, 0xff, 0xf7, 0x0,
    0x0, 0x0, 0x0, 0xef, 0xff, 0xff, 0xff, 0xff,
    0xff, 0xff, 0xff, 0xff, 0xff, 0xff, 0xff, 0xc0,
    0x0, 0x0, 0x0, 0x4f, 0xff, 0xff, 0xff, 0xff,
    0xff, 0xff, 0xff, 0xff, 0xff, 0xff, 0xff, 0xff,
    0x20, 0x0, 0x0, 0x9, 0xff, 0xff, 0xff, 0xff,
    0xff, 0xff, 0xff, 0xff, 0xff, 0xff, 0xff, 0xff,
    0xf7, 0x0, 0x0, 0x0, 0xef, 0xff, 0xff, 0xc2,
    0x22, 0x22, 0x22, 0x22, 0x22, 0x22, 0xef, 0xff,
    0xff, 0xd0, 0x0, 0x0, 0x4f, 0xff, 0xff, 0xf6,
    0x0, 0x0, 0x0, 0x0, 0x0, 0x0, 0x9, 0xff,
    0xff, 0xff, 0x20, 0x0, 0xa, 0xff, 0xff, 0xff,
    0x10, 0x0, 0x0, 0x0, 0x0, 0x0, 0x0, 0x4f,
    0xff, 0xff, 0xf8, 0x0, 0x0, 0xff, 0xff, 0xff,
    0xc0, 0x0, 0x0, 0x0, 0x0, 0x0, 0x0, 0x0,
    0xef, 0xff, 0xff, 0xd0, 0x0, 0x4f, 0xff, 0xff,
    0xf7, 0x0, 0x0, 0x0, 0x0, 0x0, 0x0, 0x0,
    0x9, 0xff, 0xff, 0xff, 0x30, 0xa, 0xff, 0xff,
    0xff, 0x20, 0x0, 0x0, 0x0, 0x0, 0x0, 0x0,
    0x0, 0x4f, 0xff, 0xff, 0xf9, 0x0, 0xff, 0xff,
    0xff, 0xd0, 0x0, 0x0, 0x0, 0x0, 0x0, 0x0,
    0x0, 0x0, 0xef, 0xff, 0xff, 0xe0, 0x5f, 0xff,
    0xff, 0xf7, 0x0, 0x0, 0x0, 0x0, 0x0, 0x0,
    0x0, 0x0, 0x9, 0xff, 0xff, 0xff, 0x4a, 0xff,
    0xff, 0xff, 0x20, 0x0, 0x0, 0x0, 0x0, 0x0,
    0x0, 0x0, 0x0, 0x4f, 0xff, 0xff, 0xf9,

    /* U+00C5 "Å" */
    0x0, 0x0, 0x0, 0x0, 0x0, 0x0, 0x5, 0xbe,
    0xfe, 0xa4, 0x0, 0x0, 0x0, 0x0, 0x0, 0x0,
    0x0, 0x0, 0x0, 0x0, 0x0, 0x0, 0x1b, 0xff,
    0xff, 0xff, 0xfa, 0x0, 0x0, 0x0, 0x0, 0x0,
    0x0, 0x0, 0x0, 0x0, 0x0, 0x0, 0xb, 0xff,
    0xff, 0xff, 0xff, 0xf9, 0x0, 0x0, 0x0, 0x0,
    0x0, 0x0, 0x0, 0x0, 0x0, 0x0, 0x5, 0xff,
    0xfd, 0x41, 0x5e, 0xff, 0xf3, 0x0, 0x0, 0x0,
    0x0, 0x0, 0x0, 0x0, 0x0, 0x0, 0x0, 0xbf,
    0xff, 0x10, 0x0, 0x3f, 0xff, 0x90, 0x0, 0x0,
    0x0, 0x0, 0x0, 0x0, 0x0, 0x0, 0x0, 0xd,
    0xff, 0xb0, 0x0, 0x0, 0xdf, 0xfb, 0x0, 0x0,
    0x0, 0x0, 0x0, 0x0, 0x0, 0x0, 0x0, 0x0,
    0xdf, 0xfb, 0x0, 0x0, 0xd, 0xff, 0xc0, 0x0,
    0x0, 0x0, 0x0, 0x0, 0x0, 0x0, 0x0, 0x0,
    0xb, 0xff, 0xe1, 0x0, 0x2, 0xff, 0xf9, 0x0,
    0x0, 0x0, 0x0, 0x0, 0x0, 0x0, 0x0, 0x0,
    0x0, 0x6f, 0xff, 0xc3, 0x4, 0xdf, 0xff, 0x40,
    0x0, 0x0, 0x0, 0x0, 0x0, 0x0, 0x0, 0x0,
    0x0, 0x0, 0xcf, 0xff, 0xff, 0xff, 0xff, 0xa0,
    0x0, 0x0, 0x0, 0x0, 0x0, 0x0, 0x0, 0x0,
    0x0, 0x0, 0x1, 0xcf, 0xff, 0xff, 0xff, 0xb0,
    0x0, 0x0, 0x0, 0x0, 0x0, 0x0, 0x0, 0x0,
    0x0, 0x0, 0x0, 0x0, 0x6c, 0xff, 0xfc, 0x50,
    0x0, 0x0, 0x0, 0x0, 0x0, 0x0, 0x0, 0x0,
    0x0, 0x0, 0x0, 0x0, 0x0, 0x0, 0x0, 0x0,
    0x0, 0x0, 0x0, 0x0, 0x0, 0x0, 0x0, 0x0,
    0x0, 0x0, 0x0, 0x0, 0xd, 0xff, 0xff, 0xff,
    0xf7, 0x0, 0x0, 0x0, 0x0, 0x0, 0x0, 0x0,
    0x0, 0x0, 0x0, 0x0, 0x2, 0xff, 0xff, 0xff,
    0xff, 0xd0, 0x0, 0x0, 0x0, 0x0, 0x0, 0x0,
    0x0, 0x0, 0x0, 0x0, 0x0, 0x7f, 0xff, 0xff,
    0xff, 0xff, 0x20, 0x0, 0x0, 0x0, 0x0, 0x0,
    0x0, 0x0, 0x0, 0x0, 0x0, 0xd, 0xff, 0xff,
    0xff, 0xff, 0xf8, 0x0, 0x0, 0x0, 0x0, 0x0,
    0x0, 0x0, 0x0, 0x0, 0x0, 0x2, 0xff, 0xff,
    0xff, 0xff, 0xff, 0xd0, 0x0, 0x0, 0x0, 0x0,
    0x0, 0x0, 0x0, 0x0, 0x0, 0x0, 0x8f, 0xff,
    0xff, 0xcf, 0xff, 0xff, 0x30, 0x0, 0x0, 0x0,
    0x0, 0x0, 0x0, 0x0, 0x0, 0x0, 0xd, 0xff,
    0xff, 0xe5, 0xff, 0xff, 0xf8, 0x0, 0x0, 0x0,
    0x0, 0x0, 0x0, 0x0, 0x0, 0x0, 0x2, 0xff,
    0xff, 0xfa, 0x1f, 0xff, 0xff, 0xe0, 0x0, 0x0,
    0x0, 0x0, 0x0, 0x0, 0x0, 0x0, 0x0, 0x8f,
    0xff, 0xff, 0x60, 0xcf, 0xff, 0xff, 0x40, 0x0,
    0x0, 0x0, 0x0, 0x0, 0x0, 0x0, 0x0, 0xd,
    0xff, 0xff, 0xf2, 0x8, 0xff, 0xff, 0xf9, 0x0,
    0x0, 0x0, 0x0, 0x0, 0x0, 0x0, 0x0, 0x3,
    0xff, 0xff, 0xfe, 0x0, 0x4f, 0xff, 0xff, 0xe0,
    0x0, 0x0, 0x0, 0x0, 0x0, 0x0, 0x0, 0x0,
    0x8f, 0xff, 0xff, 0xa0, 0x0, 0xff, 0xff, 0xff,
    0x40, 0x0, 0x0, 0x0, 0x0, 0x0, 0x0, 0x0,
    0xd, 0xff, 0xff, 0xf6, 0x0, 0xb, 0xff, 0xff,
    0xfa, 0x0, 0x0, 0x0, 0x0, 0x0, 0x0, 0x0,
    0x3, 0xff, 0xff, 0xff, 0x10, 0x0, 0x7f, 0xff,
    0xff, 0xf0, 0x0, 0x0, 0x0, 0x0, 0x0, 0x0,
    0x0, 0x8f, 0xff, 0xff, 0xd0, 0x0, 0x2, 0xff,
    0xff, 0xff, 0x50, 0x0, 0x0, 0x0, 0x0, 0x0,
    0x0, 0xe, 0xff, 0xff, 0xf8, 0x0, 0x0, 0xd,
    0xff, 0xff, 0xfa, 0x0, 0x0, 0x0, 0x0, 0x0,
    0x0, 0x3, 0xff, 0xff, 0xff, 0x40, 0x0, 0x0,
    0x9f, 0xff, 0xff, 0xf0, 0x0, 0x0, 0x0, 0x0,
    0x0, 0x0, 0x9f, 0xff, 0xff, 0xf0, 0x0, 0x0,
    0x4, 0xff, 0xff, 0xff, 0x50, 0x0, 0x0, 0x0,
    0x0, 0x0, 0xe, 0xff, 0xff, 0xfa, 0x0, 0x0,
    0x0, 0xe, 0xff, 0xff, 0xfb, 0x0, 0x0, 0x0,
    0x0, 0x0, 0x3, 0xff, 0xff, 0xff, 0x50, 0x0,
    0x0, 0x0, 0x9f, 0xff, 0xff, 0xf1, 0x0, 0x0,
    0x0, 0x0, 0x0, 0x9f, 0xff, 0xff, 0xf0, 0x0,
    0x0, 0x0, 0x4, 0xff, 0xff, 0xff, 0x60, 0x0,
    0x0, 0x0, 0x0, 0xe, 0xff, 0xff, 0xfb, 0x0,
    0x0, 0x0, 0x0, 0xe, 0xff, 0xff, 0xfc, 0x0,
    0x0, 0x0, 0x0, 0x4, 0xff, 0xff, 0xff, 0xff,
    0xff, 0xff, 0xff, 0xff, 0xff, 0xff, 0xff, 0xf1,
    0x0, 0x0, 0x0, 0x0, 0x9f, 0xff, 0xff, 0xff,
    0xff, 0xff, 0xff, 0xff, 0xff, 0xff, 0xff, 0xff,
    0x70, 0x0, 0x0, 0x0, 0xe, 0xff, 0xff, 0xff,
    0xff, 0xff, 0xff, 0xff, 0xff, 0xff, 0xff, 0xff,
    0xfc, 0x0, 0x0, 0x0, 0x4, 0xff, 0xff, 0xff,
    0xff, 0xff, 0xff, 0xff, 0xff, 0xff, 0xff, 0xff,
    0xff, 0xf2, 0x0, 0x0, 0x0, 0x9f, 0xff, 0xff,
    0xff, 0xff, 0xff, 0xff, 0xff, 0xff, 0xff, 0xff,
    0xff, 0xff, 0x70, 0x0, 0x0, 0xe, 0xff, 0xff,
    0xfc, 0x22, 0x22, 0x22, 0x22, 0x22, 0x22, 0x2e,
    0xff, 0xff, 0xfd, 0x0, 0x0, 0x4, 0xff, 0xff,
    0xff, 0x60, 0x0, 0x0, 0x0, 0x0, 0x0, 0x0,
    0x9f, 0xff, 0xff, 0xf2, 0x0, 0x0, 0xaf, 0xff,
    0xff, 0xf1, 0x0, 0x0, 0x0, 0x0, 0x0, 0x0,
    0x4, 0xff, 0xff, 0xff, 0x80, 0x0, 0xf, 0xff,
    0xff, 0xfc, 0x0, 0x0, 0x0, 0x0, 0x0, 0x0,
    0x0, 0xe, 0xff, 0xff, 0xfd, 0x0, 0x4, 0xff,
    0xff, 0xff, 0x70, 0x0, 0x0, 0x0, 0x0, 0x0,
    0x0, 0x0, 0x9f, 0xff, 0xff, 0xf3, 0x0, 0xaf,
    0xff, 0xff, 0xf2, 0x0, 0x0, 0x0, 0x0, 0x0,
    0x0, 0x0, 0x4, 0xff, 0xff, 0xff, 0x90, 0xf,
    0xff, 0xff, 0xfd, 0x0, 0x0, 0x0, 0x0, 0x0,
    0x0, 0x0, 0x0, 0xe, 0xff, 0xff, 0xfe, 0x5,
    0xff, 0xff, 0xff, 0x70, 0x0, 0x0, 0x0, 0x0,
    0x0, 0x0, 0x0, 0x0, 0x9f, 0xff, 0xff, 0xf4,
    0xaf, 0xff, 0xff, 0xf2, 0x0, 0x0, 0x0, 0x0,
    0x0, 0x0, 0x0, 0x0, 0x4, 0xff, 0xff, 0xff,
    0x90,

    /* U+00C6 "Æ" */
    0x0, 0x0, 0x0, 0x0, 0x0, 0x0, 0x0, 0x6,
    0xff, 0xff, 0xff, 0xff, 0xff, 0xff, 0xff, 0xff,
    0xff, 0xff, 0xff, 0xff, 0xff, 0xff, 0xb0, 0x0,
    0x0, 0x0, 0x0, 0x0, 0x0, 0x0, 0xdf, 0xff,
    0xff, 0xff, 0xff, 0xff, 0xff, 0xff, 0xff, 0xff,
    0xff, 0xff, 0xff, 0xff, 0xfb, 0x0, 0x0, 0x0,
    0x0, 0x0, 0x0, 0x0, 0x4f, 0xff, 0xff, 0xff,
    0xff, 0xff, 0xff, 0xff, 0xff, 0xff, 0xff, 0xff,
    0xff, 0xff, 0xff, 0xb0, 0x0, 0x0, 0x0, 0x0,
    0x0, 0x0, 0xb, 0xff, 0xff, 0xff, 0xff, 0xff,
    0xff, 0xff, 0xff, 0xff, 0xff, 0xff, 0xff, 0xff,
    0xff, 0xfb, 0x0, 0x0, 0x0, 0x0, 0x0, 0x0,
    0x2, 0xff, 0xff, 0xff, 0x40, 0xaf, 0xff, 0xff,
    0xff, 0xff, 0xff, 0xff, 0xff, 0xff, 0xff, 0xff,
    0xb0, 0x0, 0x0, 0x0, 0x0, 0x0, 0x0, 0x9f,
    0xff, 0xff, 0xd0, 0xa, 0xff, 0xff, 0xf9, 0x55,
    0x55, 0x55, 0x55, 0x55, 0x55, 0x55, 0x54, 0x0,
    0x0, 0x0, 0x0, 0x0, 0x0, 0xf, 0xff, 0xff,
    0xf6, 0x0, 0xaf, 0xff, 0xff, 0x50, 0x0, 0x0,
    0x0, 0x0, 0x0, 0x0, 0x0, 0x0, 0x0, 0x0,
    0x0, 0x0, 0x0, 0x6, 0xff, 0xff, 0xff, 0x0,
    0xa, 0xff, 0xff, 0xf5, 0x0, 0x0, 0x0, 0x0,
    0x0, 0x0, 0x0, 0x0, 0x0, 0x0, 0x0, 0x0,
    0x0, 0x0, 0xdf, 0xff, 0xff, 0x90, 0x0, 0xaf,
    0xff, 0xff, 0x50, 0x0, 0x0, 0x0, 0x0, 0x0,
    0x0, 0x0, 0x0, 0x0, 0x0, 0x0, 0x0, 0x0,
    0x4f, 0xff, 0xff, 0xf2, 0x0, 0xa, 0xff, 0xff,
    0xf5, 0x0, 0x0, 0x0, 0x0, 0x0, 0x0, 0x0,
    0x0, 0x0, 0x0, 0x0, 0x0, 0x0, 0xb, 0xff,
    0xff, 0xfb, 0x0, 0x0, 0xaf, 0xff, 0xff, 0x50,
    0x0, 0x0, 0x0, 0x0, 0x0, 0x0, 0x0, 0x0,
    0x0, 0x0, 0x0, 0x0, 0x2, 0xff, 0xff, 0xff,
    0x50, 0x0, 0xa, 0xff, 0xff, 0xf5, 0x0, 0x0,
    0x0, 0x0, 0x0, 0x0, 0x0, 0x0, 0x0, 0x0,
    0x0, 0x0, 0x0, 0x9f, 0xff, 0xff, 0xe0, 0x0,
    0x0, 0xaf, 0xff, 0xff, 0x50, 0x0, 0x0, 0x0,
    0x0, 0x0, 0x0, 0x0, 0x0, 0x0, 0x0, 0x0,
    0x0, 0x1f, 0xff, 0xff, 0xf8, 0x0, 0x0, 0xa,
    0xff, 0xff, 0xf5, 0x0, 0x0, 0x0, 0x0, 0x0,
    0x0, 0x0, 0x0, 0x0, 0x0, 0x0, 0x0, 0x7,
    0xff, 0xff, 0xff, 0x10, 0x0, 0x0, 0xaf, 0xff,
    0xff, 0x50, 0x0, 0x0, 0x0, 0x0, 0x0, 0x0,
    0x0, 0x0, 0x0, 0x0, 0x0, 0x0, 0xef, 0xff,
    0xff, 0xa0, 0x0, 0x0, 0xa, 0xff, 0xff, 0xf8,
    0x44, 0x44, 0x44, 0x44, 0x44, 0x44, 0x44, 0x20,
    0x0, 0x0, 0x0, 0x0, 0x5f, 0xff, 0xff, 0xf4,
    0x0, 0x0, 0x0, 0xaf, 0xff, 0xff, 0xff, 0xff,
    0xff, 0xff, 0xff, 0xff, 0xff, 0xf9, 0x0, 0x0,
    0x0, 0x0, 0xc, 0xff, 0xff, 0xfd, 0x0, 0x0,
    0x0, 0xa, 0xff, 0xff, 0xff, 0xff, 0xff, 0xff,
    0xff, 0xff, 0xff, 0xff, 0x90, 0x0, 0x0, 0x0,
    0x3, 0xff, 0xff, 0xff, 0x60, 0x0, 0x0, 0x0,
    0xaf, 0xff, 0xff, 0xff, 0xff, 0xff, 0xff, 0xff,
    0xff, 0xff, 0xf9, 0x0, 0x0, 0x0, 0x0, 0xaf,
    0xff, 0xff, 0xf0, 0x0, 0x0, 0x0, 0xa, 0xff,
    0xff, 0xff, 0xff, 0xff, 0xff, 0xff, 0xff, 0xff,
    0xff, 0x90, 0x0, 0x0, 0x0, 0x1f, 0xff, 0xff,
    0xf9, 0x0, 0x0, 0x0, 0x0, 0xaf, 0xff, 0xff,
    0xff, 0xff, 0xff, 0xff, 0xff, 0xff, 0xff, 0xf9,
    0x0, 0x0, 0x0, 0x8, 0xff, 0xff, 0xff, 0x30,
    0x0, 0x0, 0x0, 0xa, 0xff, 0xff, 0xf5, 0x0,
    0x0, 0x0, 0x0, 0x0, 0x0, 0x0, 0x0, 0x0,
    0x0, 0x0, 0xef, 0xff, 0xff, 0xfb, 0xbb, 0xbb,
    0xbb, 0xbb, 0xef, 0xff, 0xff, 0x50, 0x0, 0x0,
    0x0, 0x0, 0x0, 0x0, 0x0, 0x0, 0x0, 0x0,
    0x6f, 0xff, 0xff, 0xff, 0xff, 0xff, 0xff, 0xff,
    0xff, 0xff, 0xff, 0xf5, 0x0, 0x0, 0x0, 0x0,
    0x0, 0x0, 0x0, 0x0, 0x0, 0x0, 0xd, 0xff,
    0xff, 0xff, 0xff, 0xff, 0xff, 0xff, 0xff, 0xff,
    0xff, 0xff, 0x50, 0x0, 0x0, 0x0, 0x0, 0x0,
    0x0, 0x0, 0x0, 0x0, 0x4, 0xff, 0xff, 0xff,
    0xff, 0xff, 0xff, 0xff, 0xff, 0xff, 0xff, 0xff,
    0xf5, 0x0, 0x0, 0x0, 0x0, 0x0, 0x0, 0x0,
    0x0, 0x0, 0x0, 0xbf, 0xff, 0xff, 0xff, 0xff,
    0xff, 0xff, 0xff, 0xff, 0xff, 0xff, 0xff, 0x50,
    0x0, 0x0, 0x0, 0x0, 0x0, 0x0, 0x0, 0x0,
    0x0, 0x2f, 0xff, 0xff, 0xfa, 0x0, 0x0, 0x0,
    0x0, 0x0, 0xa, 0xff, 0xff, 0xf5, 0x0, 0x0,
    0x0, 0x0, 0x0, 0x0, 0x0, 0x0, 0x0, 0x9,
    0xff, 0xff, 0xff, 0x30, 0x0, 0x0, 0x0, 0x0,
    0x0, 0xaf, 0xff, 0xff, 0x50, 0x0, 0x0, 0x0,
    0x0, 0x0, 0x0, 0x0, 0x0, 0x0, 0xff, 0xff,
    0xff, 0xc0, 0x0, 0x0, 0x0, 0x0, 0x0, 0xa,
    0xff, 0xff, 0xf5, 0x0, 0x0, 0x0, 0x0, 0x0,
    0x0, 0x0, 0x0, 0x0, 0x7f, 0xff, 0xff, 0xf6,
    0x0, 0x0, 0x0, 0x0, 0x0, 0x0, 0xaf, 0xff,
    0xff, 0x95, 0x55, 0x55, 0x55, 0x55, 0x55, 0x55,
    0x55, 0x50, 0xd, 0xff, 0xff, 0xfe, 0x0, 0x0,
    0x0, 0x0, 0x0, 0x0, 0xa, 0xff, 0xff, 0xff,
    0xff, 0xff, 0xff, 0xff, 0xff, 0xff, 0xff, 0xfe,
    0x4, 0xff, 0xff, 0xff, 0x80, 0x0, 0x0, 0x0,
    0x0, 0x0, 0x0, 0xaf, 0xff, 0xff, 0xff, 0xff,
    0xff, 0xff, 0xff, 0xff, 0xff, 0xff, 0xe0, 0xbf,
    0xff, 0xff, 0xf2, 0x0, 0x0, 0x0, 0x0, 0x0,
    0x0, 0xa, 0xff, 0xff, 0xff, 0xff, 0xff, 0xff,
    0xff, 0xff, 0xff, 0xff, 0xfe, 0x2f, 0xff, 0xff,
    0xfb, 0x0, 0x0, 0x0, 0x0, 0x0, 0x0, 0x0,
    0xaf, 0xff, 0xff, 0xff, 0xff, 0xff, 0xff, 0xff,
    0xff, 0xff, 0xff, 0xe9, 0xff, 0xff, 0xff, 0x40,
    0x0, 0x0, 0x0, 0x0, 0x0, 0x0, 0xa, 0xff,
    0xff, 0xff, 0xff, 0xff, 0xff, 0xff, 0xff, 0xff,
    0xff, 0xfe,

    /* U+00C7 "Ç" */
    0x0, 0x0, 0x0, 0x0, 0x0, 0x4, 0x8b, 0xef,
    0xff, 0xdb, 0x83, 0x0, 0x0, 0x0, 0x0, 0x0,
    0x0, 0x0, 0x0, 0x0, 0x18, 0xef, 0xff, 0xff,
    0xff, 0xff, 0xff, 0xe7, 0x0, 0x0, 0x0, 0x0,
    0x0, 0x0, 0x0, 0x5, 0xef, 0xff, 0xff, 0xff,
    0xff, 0xff, 0xff, 0xff, 0xe4, 0x0, 0x0, 0x0,
    0x0, 0x0, 0x0, 0xaf, 0xff, 0xff, 0xff, 0xff,
    0xff, 0xff, 0xff, 0xff, 0xff, 0x80, 0x0, 0x0,
    0x0, 0x0, 0xb, 0xff, 0xff, 0xff, 0xff, 0xff,
    0xff, 0xff, 0xff, 0xff, 0xff, 0xf9, 0x0, 0x0,
    0x0, 0x0, 0x9f, 0xff, 0xff, 0xff, 0xff, 0xec,
    0xbc, 0xef, 0xff, 0xff, 0xff, 0xff, 0x60, 0x0,
    0x0, 0x6, 0xff, 0xff, 0xff, 0xff, 0x93, 0x0,
    0x0, 0x2, 0x9f, 0xff, 0xff, 0xff, 0xf2, 0x0,
    0x0, 0x1e, 0xff, 0xff, 0xff, 0xd2, 0x0, 0x0,
    0x0, 0x0, 0x2, 0xdf, 0xff, 0xff, 0xfa, 0x0,
    0x0, 0x8f, 0xff, 0xff, 0xfc, 0x10, 0x0, 0x0,
    0x0, 0x0, 0x0, 0x1d, 0xff, 0xff, 0xff, 0x20,
    0x0, 0xff, 0xff, 0xff, 0xf1, 0x0, 0x0, 0x0,
    0x0, 0x0, 0x0, 0x3, 0xff, 0xff, 0xff, 0x70,
    0x6, 0xff, 0xff, 0xff, 0x60, 0x0, 0x0, 0x0,
    0x0, 0x0, 0x0, 0x0, 0xbf, 0xff, 0xff, 0xc0,
    0xb, 0xff, 0xff, 0xfe, 0x0, 0x0, 0x0, 0x0,
    0x0, 0x0, 0x0, 0x0, 0x6f, 0xff, 0xff, 0xf0,
    0xf, 0xff, 0xff, 0xf8, 0x0, 0x0, 0x0, 0x0,
    0x0, 0x0, 0x0, 0x0, 0x2, 0x22, 0x22, 0x20,
    0x2f, 0xff, 0xff, 0xf3, 0x0, 0x0, 0x0, 0x0,
    0x0, 0x0, 0x0, 0x0, 0x0, 0x0, 0x0, 0x0,
    0x5f, 0xff, 0xff, 0xf0, 0x0, 0x0, 0x0, 0x0,
    0x0, 0x0, 0x0, 0x0, 0x0, 0x0, 0x0, 0x0,
    0x7f, 0xff, 0xff, 0xd0, 0x0, 0x0, 0x0, 0x0,
    0x0, 0x0, 0x0, 0x0, 0x0, 0x0, 0x0, 0x0,
    0x8f, 0xff, 0xff, 0xc0, 0x0, 0x0, 0x0, 0x0,
    0x0, 0x0, 0x0, 0x0, 0x0, 0x0, 0x0, 0x0,
    0x8f, 0xff, 0xff, 0xb0, 0x0, 0x0, 0x0, 0x0,
    0x0, 0x0, 0x0, 0x0, 0x0, 0x0, 0x0, 0x0,
    0x8f, 0xff, 0xff, 0xb0, 0x0, 0x0, 0x0, 0x0,
    0x0, 0x0, 0x0, 0x0, 0x0, 0x0, 0x0, 0x0,
    0x8f, 0xff, 0xff, 0xc0, 0x0, 0x0, 0x0, 0x0,
    0x0, 0x0, 0x0, 0x0, 0x0, 0x0, 0x0, 0x0,
    0x7f, 0xff, 0xff, 0xd0, 0x0, 0x0, 0x0, 0x0,
    0x0, 0x0, 0x0, 0x0, 0x0, 0x0, 0x0, 0x0,
    0x5f, 0xff, 0xff, 0xf0, 0x0, 0x0, 0x0, 0x0,
    0x0, 0x0, 0x0, 0x0, 0x0, 0x0, 0x0, 0x0,
    0x2f, 0xff, 0xff, 0xf3, 0x0, 0x0, 0x0, 0x0,
    0x0, 0x0, 0x0, 0x0, 0x0, 0x0, 0x0, 0x0,
    0xf, 0xff, 0xff, 0xf7, 0x0, 0x0, 0x0, 0x0,
    0x0, 0x0, 0x0, 0x0, 0x3, 0x33, 0x33, 0x30,
    0xb, 0xff, 0xff, 0xfd, 0x0, 0x0, 0x0, 0x0,
    0x0, 0x0, 0x0, 0x0, 0x6f, 0xff, 0xff, 0xf0,
    0x6, 0xff, 0xff, 0xff, 0x50, 0x0, 0x0, 0x0,
    0x0, 0x0, 0x0, 0x0, 0xbf, 0xff, 0xff, 0xc0,
    0x1, 0xff, 0xff, 0xff, 0xe1, 0x0, 0x0, 0x0,
    0x0, 0x0, 0x0, 0x3, 0xff, 0xff, 0xff, 0x70,
    0x0, 0x9f, 0xff, 0xff, 0xfc, 0x0, 0x0, 0x0,
    0x0, 0x0, 0x0, 0x1d, 0xff, 0xff, 0xff, 0x10,
    0x0, 0x1e, 0xff, 0xff, 0xff, 0xc2, 0x0, 0x0,
    0x0, 0x0, 0x2, 0xdf, 0xff, 0xff, 0xf9, 0x0,
    0x0, 0x6, 0xff, 0xff, 0xff, 0xff, 0x93, 0x0,
    0x0, 0x2, 0x9f, 0xff, 0xff, 0xff, 0xe1, 0x0,
    0x0, 0x0, 0xaf, 0xff, 0xff, 0xff, 0xff, 0xec,
    0xbc, 0xef, 0xff, 0xff, 0xff, 0xff, 0x40, 0x0,
    0x0, 0x0, 0xb, 0xff, 0xff, 0xff, 0xff, 0xff,
    0xff, 0xff, 0xff, 0xff, 0xff, 0xf7, 0x0, 0x0,
    0x0, 0x0, 0x0, 0xaf, 0xff, 0xff, 0xff, 0xff,
    0xff, 0xff, 0xff, 0xff, 0xff, 0x60, 0x0, 0x0,
    0x0, 0x0, 0x0, 0x5, 0xff, 0xff, 0xff, 0xff,
    0xff, 0xff, 0xff, 0xff, 0xd3, 0x0, 0x0, 0x0,
    0x0, 0x0, 0x0, 0x0, 0x18, 0xef, 0xff, 0xff,
    0xff, 0xff, 0xff, 0xd6, 0x0, 0x0, 0x0, 0x0,
    0x0, 0x0, 0x0, 0x0, 0x0, 0x4, 0x8b, 0xef,
    0xff, 0xeb, 0x83, 0x0, 0x0, 0x0, 0x0, 0x0,
    0x0, 0x0, 0x0, 0x0, 0x0, 0x0, 0x0, 0x3f,
    0xf9, 0x0, 0x0, 0x0, 0x0, 0x0, 0x0, 0x0,
    0x0, 0x0, 0x0, 0x0, 0x0, 0x0, 0x0, 0x5f,
    0xfa, 0x20, 0x0, 0x0, 0x0, 0x0, 0x0, 0x0,
    0x0, 0x0, 0x0, 0x0, 0x0, 0x0, 0x0, 0x7f,
    0xff, 0xff, 0x80, 0x0, 0x0, 0x0, 0x0, 0x0,
    0x0, 0x0, 0x0, 0x0, 0x0, 0x0, 0x0, 0x9f,
    0xff, 0xff, 0xf8, 0x0, 0x0, 0x0, 0x0, 0x0,
    0x0, 0x0, 0x0, 0x0, 0x0, 0x0, 0x0, 0x11,
    0x14, 0xef, 0xfe, 0x0, 0x0, 0x0, 0x0, 0x0,
    0x0, 0x0, 0x0, 0x0, 0x0, 0x0, 0x0, 0x0,
    0x0, 0x8f, 0xff, 0x10, 0x0, 0x0, 0x0, 0x0,
    0x0, 0x0, 0x0, 0x0, 0x0, 0x0, 0x0, 0x0,
    0x0, 0xbf, 0xff, 0x0, 0x0, 0x0, 0x0, 0x0,
    0x0, 0x0, 0x0, 0x0, 0x0, 0x0, 0x6, 0xbb,
    0xbe, 0xff, 0xfc, 0x0, 0x0, 0x0, 0x0, 0x0,
    0x0, 0x0, 0x0, 0x0, 0x0, 0x0, 0x8, 0xff,
    0xff, 0xff, 0xf4, 0x0, 0x0, 0x0, 0x0, 0x0,
    0x0, 0x0, 0x0, 0x0, 0x0, 0x0, 0x8, 0xff,
    0xff, 0xd9, 0x20, 0x0, 0x0, 0x0, 0x0, 0x0,

    /* U+00C8 "È" */
    0x0, 0x0, 0x4, 0x44, 0x44, 0x40, 0x0, 0x0,
    0x0, 0x0, 0x0, 0x0, 0x0, 0x0, 0x7, 0xff,
    0xff, 0xf4, 0x0, 0x0, 0x0, 0x0, 0x0, 0x0,
    0x0, 0x0, 0x0, 0xcf, 0xff, 0xfc, 0x0, 0x0,
    0x0, 0x0, 0x0, 0x0, 0x0, 0x0, 0x0, 0x3f,
    0xff, 0xff, 0x30, 0x0, 0x0, 0x0, 0x0, 0x0,
    0x0, 0x0, 0x0, 0x8, 0xff, 0xff, 0xa0, 0x0,
    0x0, 0x0, 0x0, 0x0, 0x0, 0x0, 0x0, 0x0,
    0xdf, 0xff, 0xf1, 0x0, 0x0, 0x0, 0x0, 0x0,
    0x0, 0x0, 0x0, 0x0, 0x3f, 0xff, 0xf8, 0x0,
    0x0, 0x0, 0x0, 0x0, 0x0, 0x0, 0x0, 0x0,
    0x9, 0xff, 0xfe, 0x0, 0x0, 0x0, 0x0, 0x0,
    0x0, 0x0, 0x0, 0x0, 0x0, 0x0, 0x0, 0x0,
    0x0, 0x0, 0x0, 0x0, 0x0, 0x0, 0x0, 0x0,
    0x0, 0x0, 0x0, 0x0, 0x0, 0x0, 0x0, 0x0,
    0x0, 0x0, 0x0, 0x0, 0x0, 0x0, 0x0, 0x0,
    0x0, 0x0, 0x0, 0x0, 0x7f, 0xff, 0xff, 0xff,
    0xff, 0xff, 0xff, 0xff, 0xff, 0xff, 0xff, 0xf3,
    0x7f, 0xff, 0xff, 0xff, 0xff, 0xff, 0xff, 0xff,
    0xff, 0xff, 0xff, 0xf3, 0x7f, 0xff, 0xff, 0xff,
    0xff, 0xff, 0xff, 0xff, 0xff, 0xff, 0xff, 0xf3,
    0x7f, 0xff, 0xff, 0xff, 0xff, 0xff, 0xff, 0xff,
    0xff, 0xff, 0xff, 0xf3, 0x7f, 0xff, 0xff, 0xff,
    0xff, 0xff, 0xff, 0xff, 0xff, 0xff, 0xff, 0xf3,
    0x7f, 0xff, 0xff, 0xd5, 0x55, 0x55, 0x55, 0x55,
    0x55, 0x55, 0x55, 0x51, 0x7f, 0xff, 0xff, 0xc0,
    0x0, 0x0, 0x0, 0x0, 0x0, 0x0, 0x0, 0x0,
    0x7f, 0xff, 0xff, 0xc0, 0x0, 0x0, 0x0, 0x0,
    0x0, 0x0, 0x0, 0x0, 0x7f, 0xff, 0xff, 0xc0,
    0x0, 0x0, 0x0, 0x0, 0x0, 0x0, 0x0, 0x0,
    0x7f, 0xff, 0xff, 0xc0, 0x0, 0x0, 0x0, 0x0,
    0x0, 0x0, 0x0, 0x0, 0x7f, 0xff, 0xff, 0xc0,
    0x0, 0x0, 0x0, 0x0, 0x0, 0x0, 0x0, 0x0,
    0x7f, 0xff, 0xff, 0xc0, 0x0, 0x0, 0x0, 0x0,
    0x0, 0x0, 0x0, 0x0, 0x7f, 0xff, 0xff, 0xc0,
    0x0, 0x0, 0x0, 0x0, 0x0, 0x0, 0x0, 0x0,
    0x7f, 0xff, 0xff, 0xc0, 0x0, 0x0, 0x0, 0x0,
    0x0, 0x0, 0x0, 0x0, 0x7f, 0xff, 0xff, 0xc0,
    0x0, 0x0, 0x0, 0x0, 0x0, 0x0, 0x0, 0x0,
    0x7f, 0xff, 0xff, 0xd4, 0x44, 0x44, 0x44, 0x44,
    0x44, 0x44, 0x44, 0x0, 0x7f, 0xff, 0xff, 0xff,
    0xff, 0xff, 0xff, 0xff, 0xff, 0xff, 0xff, 0x0,
    0x7f, 0xff, 0xff, 0xff, 0xff, 0xff, 0xff, 0xff,
    0xff, 0xff, 0xff, 0x0, 0x7f, 0xff, 0xff, 0xff,
    0xff, 0xff, 0xff, 0xff, 0xff, 0xff, 0xff, 0x0,
    0x7f, 0xff, 0xff, 0xff, 0xff, 0xff, 0xff, 0xff,
    0xff, 0xff, 0xff, 0x0, 0x7f, 0xff, 0xff, 0xff,
    0xff, 0xff, 0xff, 0xff, 0xff, 0xff, 0xff, 0x0,
    0x7f, 0xff, 0xff, 0xc0, 0x0, 0x0, 0x0, 0x0,
    0x0, 0x0, 0x0, 0x0, 0x7f, 0xff, 0xff, 0xc0,
    0x0, 0x0, 0x0, 0x0, 0x0, 0x0, 0x0, 0x0,
    0x7f, 0xff, 0xff, 0xc0, 0x0, 0x0, 0x0, 0x0,
    0x0, 0x0, 0x0, 0x0, 0x7f, 0xff, 0xff, 0xc0,
    0x0, 0x0, 0x0, 0x0, 0x0, 0x0, 0x0, 0x0,
    0x7f, 0xff, 0xff, 0xc0, 0x0, 0x0, 0x0, 0x0,
    0x0, 0x0, 0x0, 0x0, 0x7f, 0xff, 0xff, 0xc0,
    0x0, 0x0, 0x0, 0x0, 0x0, 0x0, 0x0, 0x0,
    0x7f, 0xff, 0xff, 0xc0, 0x0, 0x0, 0x0, 0x0,
    0x0, 0x0, 0x0, 0x0, 0x7f, 0xff, 0xff, 0xc0,
    0x0, 0x0, 0x0, 0x0, 0x0, 0x0, 0x0, 0x0,
    0x7f, 0xff, 0xff, 0xc0, 0x0, 0x0, 0x0, 0x0,
    0x0, 0x0, 0x0, 0x0, 0x7f, 0xff, 0xff, 0xd5,
    0x55, 0x55, 0x55, 0x55, 0x55, 0x55, 0x55, 0x51,
    0x7f, 0xff, 0xff, 0xff, 0xff, 0xff, 0xff, 0xff,
    0xff, 0xff, 0xff, 0xf4, 0x7f, 0xff, 0xff, 0xff,
    0xff, 0xff, 0xff, 0xff, 0xff, 0xff, 0xff, 0xf4,
    0x7f, 0xff, 0xff, 0xff, 0xff, 0xff, 0xff, 0xff,
    0xff, 0xff, 0xff, 0xf4, 0x7f, 0xff, 0xff, 0xff,
    0xff, 0xff, 0xff, 0xff, 0xff, 0xff, 0xff, 0xf4,
    0x7f, 0xff, 0xff, 0xff, 0xff, 0xff, 0xff, 0xff,
    0xff, 0xff, 0xff, 0xf4,

    /* U+00C9 "É" */
    0x0, 0x0, 0x0, 0x0, 0x0, 0x0, 0x4, 0x44,
    0x44, 0x30, 0x0, 0x0, 0x0, 0x0, 0x0, 0x0,
    0x0, 0x0, 0x7f, 0xff, 0xff, 0x40, 0x0, 0x0,
    0x0, 0x0, 0x0, 0x0, 0x0, 0x0, 0xef, 0xff,
    0xf9, 0x0, 0x0, 0x0, 0x0, 0x0, 0x0, 0x0,
    0x0, 0x6, 0xff, 0xff, 0xe1, 0x0, 0x0, 0x0,
    0x0, 0x0, 0x0, 0x0, 0x0, 0xd, 0xff, 0xff,
    0x50, 0x0, 0x0, 0x0, 0x0, 0x0, 0x0, 0x0,
    0x0, 0x4f, 0xff, 0xfa, 0x0, 0x0, 0x0, 0x0,
    0x0, 0x0, 0x0, 0x0, 0x0, 0xbf, 0xff, 0xe1,
    0x0, 0x0, 0x0, 0x0, 0x0, 0x0, 0x0, 0x0,
    0x2, 0xff, 0xff, 0x50, 0x0, 0x0, 0x0, 0x0,
    0x0, 0x0, 0x0, 0x0, 0x0, 0x0, 0x0, 0x0,
    0x0, 0x0, 0x0, 0x0, 0x0, 0x0, 0x0, 0x0,
    0x0, 0x0, 0x0, 0x0, 0x0, 0x0, 0x0, 0x0,
    0x0, 0x0, 0x0, 0x0, 0x0, 0x0, 0x0, 0x0,
    0x0, 0x0, 0x0, 0x0, 0x7f, 0xff, 0xff, 0xff,
    0xff, 0xff, 0xff, 0xff, 0xff, 0xff, 0xff, 0xf3,
    0x7f, 0xff, 0xff, 0xff, 0xff, 0xff, 0xff, 0xff,
    0xff, 0xff, 0xff, 0xf3, 0x7f, 0xff, 0xff, 0xff,
    0xff, 0xff, 0xff, 0xff, 0xff, 0xff, 0xff, 0xf3,
    0x7f, 0xff, 0xff, 0xff, 0xff, 0xff, 0xff, 0xff,
    0xff, 0xff, 0xff, 0xf3, 0x7f, 0xff, 0xff, 0xff,
    0xff, 0xff, 0xff, 0xff, 0xff, 0xff, 0xff, 0xf3,
    0x7f, 0xff, 0xff, 0xd5, 0x55, 0x55, 0x55, 0x55,
    0x55, 0x55, 0x55, 0x51, 0x7f, 0xff, 0xff, 0xc0,
    0x0, 0x0, 0x0, 0x0, 0x0, 0x0, 0x0, 0x0,
    0x7f, 0xff, 0xff, 0xc0, 0x0, 0x0, 0x0, 0x0,
    0x0, 0x0, 0x0, 0x0, 0x7f, 0xff, 0xff, 0xc0,
    0x0, 0x0, 0x0, 0x0, 0x0, 0x0, 0x0, 0x0,
    0x7f, 0xff, 0xff, 0xc0, 0x0, 0x0, 0x0, 0x0,
    0x0, 0x0, 0x0, 0x0, 0x7f, 0xff, 0xff, 0xc0,
    0x0, 0x0, 0x0, 0x0, 0x0, 0x0, 0x0, 0x0,
    0x7f, 0xff, 0xff, 0xc0, 0x0, 0x0, 0x0, 0x0,
    0x0, 0x0, 0x0, 0x0, 0x7f, 0xff, 0xff, 0xc0,
    0x0, 0x0, 0x0, 0x0, 0x0, 0x0, 0x0, 0x0,
    0x7f, 0xff, 0xff, 0xc0, 0x0, 0x0, 0x0, 0x0,
    0x0, 0x0, 0x0, 0x0, 0x7f, 0xff, 0xff, 0xc0,
    0x0, 0x0, 0x0, 0x0, 0x0, 0x0, 0x0, 0x0,
    0x7f, 0xff, 0xff, 0xd4, 0x44, 0x44, 0x44, 0x44,
    0x44, 0x44, 0x44, 0x0, 0x7f, 0xff, 0xff, 0xff,
    0xff, 0xff, 0xff, 0xff, 0xff, 0xff, 0xff, 0x0,
    0x7f, 0xff, 0xff, 0xff, 0xff, 0xff, 0xff, 0xff,
    0xff, 0xff, 0xff, 0x0, 0x7f, 0xff, 0xff, 0xff,
    0xff, 0xff, 0xff, 0xff, 0xff, 0xff, 0xff, 0x0,
    0x7f, 0xff, 0xff, 0xff, 0xff, 0xff, 0xff, 0xff,
    0xff, 0xff, 0xff, 0x0, 0x7f, 0xff, 0xff, 0xff,
    0xff, 0xff, 0xff, 0xff, 0xff, 0xff, 0xff, 0x0,
    0x7f, 0xff, 0xff, 0xc0, 0x0, 0x0, 0x0, 0x0,
    0x0, 0x0, 0x0, 0x0, 0x7f, 0xff, 0xff, 0xc0,
    0x0, 0x0, 0x0, 0x0, 0x0, 0x0, 0x0, 0x0,
    0x7f, 0xff, 0xff, 0xc0, 0x0, 0x0, 0x0, 0x0,
    0x0, 0x0, 0x0, 0x0, 0x7f, 0xff, 0xff, 0xc0,
    0x0, 0x0, 0x0, 0x0, 0x0, 0x0, 0x0, 0x0,
    0x7f, 0xff, 0xff, 0xc0, 0x0, 0x0, 0x0, 0x0,
    0x0, 0x0, 0x0, 0x0, 0x7f, 0xff, 0xff, 0xc0,
    0x0, 0x0, 0x0, 0x0, 0x0, 0x0, 0x0, 0x0,
    0x7f, 0xff, 0xff, 0xc0, 0x0, 0x0, 0x0, 0x0,
    0x0, 0x0, 0x0, 0x0, 0x7f, 0xff, 0xff, 0xc0,
    0x0, 0x0, 0x0, 0x0, 0x0, 0x0, 0x0, 0x0,
    0x7f, 0xff, 0xff, 0xc0, 0x0, 0x0, 0x0, 0x0,
    0x0, 0x0, 0x0, 0x0, 0x7f, 0xff, 0xff, 0xd5,
    0x55, 0x55, 0x55, 0x55, 0x55, 0x55, 0x55, 0x51,
    0x7f, 0xff, 0xff, 0xff, 0xff, 0xff, 0xff, 0xff,
    0xff, 0xff, 0xff, 0xf4, 0x7f, 0xff, 0xff, 0xff,
    0xff, 0xff, 0xff, 0xff, 0xff, 0xff, 0xff, 0xf4,
    0x7f, 0xff, 0xff, 0xff, 0xff, 0xff, 0xff, 0xff,
    0xff, 0xff, 0xff, 0xf4, 0x7f, 0xff, 0xff, 0xff,
    0xff, 0xff, 0xff, 0xff, 0xff, 0xff, 0xff, 0xf4,
    0x7f, 0xff, 0xff, 0xff, 0xff, 0xff, 0xff, 0xff,
    0xff, 0xff, 0xff, 0xf4,

    /* U+00CA "Ê" */
    0x0, 0x0, 0x0, 0x0, 0x6, 0x88, 0x88, 0x40,
    0x0, 0x0, 0x0, 0x0, 0x0, 0x0, 0x0, 0x0,
    0x6f, 0xff, 0xff, 0xf4, 0x0, 0x0, 0x0, 0x0,
    0x0, 0x0, 0x0, 0x4, 0xff, 0xff, 0xff, 0xfe,
    0x20, 0x0, 0x0, 0x0, 0x0, 0x0, 0x0, 0x3f,
    0xff, 0xfe, 0xff, 0xff, 0xd1, 0x0, 0x0, 0x0,
    0x0, 0x0, 0x1, 0xef, 0xff, 0xf4, 0x6f, 0xff,
    0xfc, 0x0, 0x0, 0x0, 0x0, 0x0, 0xd, 0xff,
    0xff, 0x80, 0xa, 0xff, 0xff, 0xa0, 0x0, 0x0,
    0x0, 0x0, 0xbf, 0xff, 0xfb, 0x0, 0x0, 0xdf,
    0xff, 0xf7, 0x0, 0x0, 0x0, 0x9, 0xff, 0xff,
    0xe1, 0x0, 0x0, 0x2f, 0xff, 0xff, 0x50, 0x0,
    0x0, 0x0, 0x0, 0x0, 0x0, 0x0, 0x0, 0x0,
    0x0, 0x0, 0x0, 0x0, 0x0, 0x0, 0x0, 0x0,
    0x0, 0x0, 0x0, 0x0, 0x0, 0x0, 0x0, 0x0,
    0x0, 0x0, 0x0, 0x0, 0x0, 0x0, 0x0, 0x0,
    0x0, 0x0, 0x0, 0x0, 0x7f, 0xff, 0xff, 0xff,
    0xff, 0xff, 0xff, 0xff, 0xff, 0xff, 0xff, 0xf3,
    0x7f, 0xff, 0xff, 0xff, 0xff, 0xff, 0xff, 0xff,
    0xff, 0xff, 0xff, 0xf3, 0x7f, 0xff, 0xff, 0xff,
    0xff, 0xff, 0xff, 0xff, 0xff, 0xff, 0xff, 0xf3,
    0x7f, 0xff, 0xff, 0xff, 0xff, 0xff, 0xff, 0xff,
    0xff, 0xff, 0xff, 0xf3, 0x7f, 0xff, 0xff, 0xff,
    0xff, 0xff, 0xff, 0xff, 0xff, 0xff, 0xff, 0xf3,
    0x7f, 0xff, 0xff, 0xd5, 0x55, 0x55, 0x55, 0x55,
    0x55, 0x55, 0x55, 0x51, 0x7f, 0xff, 0xff, 0xc0,
    0x0, 0x0, 0x0, 0x0, 0x0, 0x0, 0x0, 0x0,
    0x7f, 0xff, 0xff, 0xc0, 0x0, 0x0, 0x0, 0x0,
    0x0, 0x0, 0x0, 0x0, 0x7f, 0xff, 0xff, 0xc0,
    0x0, 0x0, 0x0, 0x0, 0x0, 0x0, 0x0, 0x0,
    0x7f, 0xff, 0xff, 0xc0, 0x0, 0x0, 0x0, 0x0,
    0x0, 0x0, 0x0, 0x0, 0x7f, 0xff, 0xff, 0xc0,
    0x0, 0x0, 0x0, 0x0, 0x0, 0x0, 0x0, 0x0,
    0x7f, 0xff, 0xff, 0xc0, 0x0, 0x0, 0x0, 0x0,
    0x0, 0x0, 0x0, 0x0, 0x7f, 0xff, 0xff, 0xc0,
    0x0, 0x0, 0x0, 0x0, 0x0, 0x0, 0x0, 0x0,
    0x7f, 0xff, 0xff, 0xc0, 0x0, 0x0, 0x0, 0x0,
    0x0, 0x0, 0x0, 0x0, 0x7f, 0xff, 0xff, 0xc0,
    0x0, 0x0, 0x0, 0x0, 0x0, 0x0, 0x0, 0x0,
    0x7f, 0xff, 0xff, 0xd4, 0x44, 0x44, 0x44, 0x44,
    0x44, 0x44, 0x44, 0x0, 0x7f, 0xff, 0xff, 0xff,
    0xff, 0xff, 0xff, 0xff, 0xff, 0xff, 0xff, 0x0,
    0x7f, 0xff, 0xff, 0xff, 0xff, 0xff, 0xff, 0xff,
    0xff, 0xff, 0xff, 0x0, 0x7f, 0xff, 0xff, 0xff,
    0xff, 0xff, 0xff, 0xff, 0xff, 0xff, 0xff, 0x0,
    0x7f, 0xff, 0xff, 0xff, 0xff, 0xff, 0xff, 0xff,
    0xff, 0xff, 0xff, 0x0, 0x7f, 0xff, 0xff, 0xff,
    0xff, 0xff, 0xff, 0xff, 0xff, 0xff, 0xff, 0x0,
    0x7f, 0xff, 0xff, 0xc0, 0x0, 0x0, 0x0, 0x0,
    0x0, 0x0, 0x0, 0x0, 0x7f, 0xff, 0xff, 0xc0,
    0x0, 0x0, 0x0, 0x0, 0x0, 0x0, 0x0, 0x0,
    0x7f, 0xff, 0xff, 0xc0, 0x0, 0x0, 0x0, 0x0,
    0x0, 0x0, 0x0, 0x0, 0x7f, 0xff, 0xff, 0xc0,
    0x0, 0x0, 0x0, 0x0, 0x0, 0x0, 0x0, 0x0,
    0x7f, 0xff, 0xff, 0xc0, 0x0, 0x0, 0x0, 0x0,
    0x0, 0x0, 0x0, 0x0, 0x7f, 0xff, 0xff, 0xc0,
    0x0, 0x0, 0x0, 0x0, 0x0, 0x0, 0x0, 0x0,
    0x7f, 0xff, 0xff, 0xc0, 0x0, 0x0, 0x0, 0x0,
    0x0, 0x0, 0x0, 0x0, 0x7f, 0xff, 0xff, 0xc0,
    0x0, 0x0, 0x0, 0x0, 0x0, 0x0, 0x0, 0x0,
    0x7f, 0xff, 0xff, 0xc0, 0x0, 0x0, 0x0, 0x0,
    0x0, 0x0, 0x0, 0x0, 0x7f, 0xff, 0xff, 0xd5,
    0x55, 0x55, 0x55, 0x55, 0x55, 0x55, 0x55, 0x51,
    0x7f, 0xff, 0xff, 0xff, 0xff, 0xff, 0xff, 0xff,
    0xff, 0xff, 0xff, 0xf4, 0x7f, 0xff, 0xff, 0xff,
    0xff, 0xff, 0xff, 0xff, 0xff, 0xff, 0xff, 0xf4,
    0x7f, 0xff, 0xff, 0xff, 0xff, 0xff, 0xff, 0xff,
    0xff, 0xff, 0xff, 0xf4, 0x7f, 0xff, 0xff, 0xff,
    0xff, 0xff, 0xff, 0xff, 0xff, 0xff, 0xff, 0xf4,
    0x7f, 0xff, 0xff, 0xff, 0xff, 0xff, 0xff, 0xff,
    0xff, 0xff, 0xff, 0xf4,

    /* U+00CB "Ë" */
    0x0, 0x0, 0x1a, 0xed, 0x70, 0x0, 0x0, 0x8,
    0xee, 0x90, 0x0, 0x0, 0x0, 0x0, 0xdf, 0xff,
    0xf7, 0x0, 0x0, 0xaf, 0xff, 0xfb, 0x0, 0x0,
    0x0, 0x4, 0xff, 0xff, 0xfe, 0x0, 0x1, 0xff,
    0xff, 0xff, 0x20, 0x0, 0x0, 0x6, 0xff, 0xff,
    0xff, 0x0, 0x2, 0xff, 0xff, 0xff, 0x30, 0x0,
    0x0, 0x2, 0xff, 0xff, 0xfc, 0x0, 0x0, 0xef,
    0xff, 0xff, 0x0, 0x0, 0x0, 0x0, 0x7f, 0xff,
    0xe2, 0x0, 0x0, 0x4f, 0xff, 0xf5, 0x0, 0x0,
    0x0, 0x0, 0x3, 0x76, 0x10, 0x0, 0x0, 0x1,
    0x66, 0x20, 0x0, 0x0, 0x0, 0x0, 0x0, 0x0,
    0x0, 0x0, 0x0, 0x0, 0x0, 0x0, 0x0, 0x0,
    0x0, 0x0, 0x0, 0x0, 0x0, 0x0, 0x0, 0x0,
    0x0, 0x0, 0x0, 0x0, 0x0, 0x0, 0x0, 0x0,
    0x0, 0x0, 0x0, 0x0, 0x0, 0x0, 0x0, 0x0,
    0x7f, 0xff, 0xff, 0xff, 0xff, 0xff, 0xff, 0xff,
    0xff, 0xff, 0xff, 0xf3, 0x7f, 0xff, 0xff, 0xff,
    0xff, 0xff, 0xff, 0xff, 0xff, 0xff, 0xff, 0xf3,
    0x7f, 0xff, 0xff, 0xff, 0xff, 0xff, 0xff, 0xff,
    0xff, 0xff, 0xff, 0xf3, 0x7f, 0xff, 0xff, 0xff,
    0xff, 0xff, 0xff, 0xff, 0xff, 0xff, 0xff, 0xf3,
    0x7f, 0xff, 0xff, 0xff, 0xff, 0xff, 0xff, 0xff,
    0xff, 0xff, 0xff, 0xf3, 0x7f, 0xff, 0xff, 0xd5,
    0x55, 0x55, 0x55, 0x55, 0x55, 0x55, 0x55, 0x51,
    0x7f, 0xff, 0xff, 0xc0, 0x0, 0x0, 0x0, 0x0,
    0x0, 0x0, 0x0, 0x0, 0x7f, 0xff, 0xff, 0xc0,
    0x0, 0x0, 0x0, 0x0, 0x0, 0x0, 0x0, 0x0,
    0x7f, 0xff, 0xff, 0xc0, 0x0, 0x0, 0x0, 0x0,
    0x0, 0x0, 0x0, 0x0, 0x7f, 0xff, 0xff, 0xc0,
    0x0, 0x0, 0x0, 0x0, 0x0, 0x0, 0x0, 0x0,
    0x7f, 0xff, 0xff, 0xc0, 0x0, 0x0, 0x0, 0x0,
    0x0, 0x0, 0x0, 0x0, 0x7f, 0xff, 0xff, 0xc0,
    0x0, 0x0, 0x0, 0x0, 0x0, 0x0, 0x0, 0x0,
    0x7f, 0xff, 0xff, 0xc0, 0x0, 0x0, 0x0, 0x0,
    0x0, 0x0, 0x0, 0x0, 0x7f, 0xff, 0xff, 0xc0,
    0x0, 0x0, 0x0, 0x0, 0x0, 0x0, 0x0, 0x0,
    0x7f, 0xff, 0xff, 0xc0, 0x0, 0x0, 0x0, 0x0,
    0x0, 0x0, 0x0, 0x0, 0x7f, 0xff, 0xff, 0xd4,
    0x44, 0x44, 0x44, 0x44, 0x44, 0x44, 0x44, 0x0,
    0x7f, 0xff, 0xff, 0xff, 0xff, 0xff, 0xff, 0xff,
    0xff, 0xff, 0xff, 0x0, 0x7f, 0xff, 0xff, 0xff,
    0xff, 0xff, 0xff, 0xff, 0xff, 0xff, 0xff, 0x0,
    0x7f, 0xff, 0xff, 0xff, 0xff, 0xff, 0xff, 0xff,
    0xff, 0xff, 0xff, 0x0, 0x7f, 0xff, 0xff, 0xff,
    0xff, 0xff, 0xff, 0xff, 0xff, 0xff, 0xff, 0x0,
    0x7f, 0xff, 0xff, 0xff, 0xff, 0xff, 0xff, 0xff,
    0xff, 0xff, 0xff, 0x0, 0x7f, 0xff, 0xff, 0xc0,
    0x0, 0x0, 0x0, 0x0, 0x0, 0x0, 0x0, 0x0,
    0x7f, 0xff, 0xff, 0xc0, 0x0, 0x0, 0x0, 0x0,
    0x0, 0x0, 0x0, 0x0, 0x7f, 0xff, 0xff, 0xc0,
    0x0, 0x0, 0x0, 0x0, 0x0, 0x0, 0x0, 0x0,
    0x7f, 0xff, 0xff, 0xc0, 0x0, 0x0, 0x0, 0x0,
    0x0, 0x0, 0x0, 0x0, 0x7f, 0xff, 0xff, 0xc0,
    0x0, 0x0, 0x0, 0x0, 0x0, 0x0, 0x0, 0x0,
    0x7f, 0xff, 0xff, 0xc0, 0x0, 0x0, 0x0, 0x0,
    0x0, 0x0, 0x0, 0x0, 0x7f, 0xff, 0xff, 0xc0,
    0x0, 0x0, 0x0, 0x0, 0x0, 0x0, 0x0, 0x0,
    0x7f, 0xff, 0xff, 0xc0, 0x0, 0x0, 0x0, 0x0,
    0x0, 0x0, 0x0, 0x0, 0x7f, 0xff, 0xff, 0xc0,
    0x0, 0x0, 0x0, 0x0, 0x0, 0x0, 0x0, 0x0,
    0x7f, 0xff, 0xff, 0xd5, 0x55, 0x55, 0x55, 0x55,
    0x55, 0x55, 0x55, 0x51, 0x7f, 0xff, 0xff, 0xff,
    0xff, 0xff, 0xff, 0xff, 0xff, 0xff, 0xff, 0xf4,
    0x7f, 0xff, 0xff, 0xff, 0xff, 0xff, 0xff, 0xff,
    0xff, 0xff, 0xff, 0xf4, 0x7f, 0xff, 0xff, 0xff,
    0xff, 0xff, 0xff, 0xff, 0xff, 0xff, 0xff, 0xf4,
    0x7f, 0xff, 0xff, 0xff, 0xff, 0xff, 0xff, 0xff,
    0xff, 0xff, 0xff, 0xf4, 0x7f, 0xff, 0xff, 0xff,
    0xff, 0xff, 0xff, 0xff, 0xff, 0xff, 0xff, 0xf4,

    /* U+00CC "Ì" */
    0x4, 0x44, 0x44, 0x30, 0x0, 0x0, 0xbf, 0xff,
    0xff, 0x10, 0x0, 0x1, 0xff, 0xff, 0xf8, 0x0,
    0x0, 0x6, 0xff, 0xff, 0xe0, 0x0, 0x0, 0xc,
    0xff, 0xff, 0x60, 0x0, 0x0, 0x2f, 0xff, 0xfd,
    0x0, 0x0, 0x0, 0x7f, 0xff, 0xf4, 0x0, 0x0,
    0x0, 0xcf, 0xff, 0xb0, 0x0, 0x0, 0x0, 0x0,
    0x0, 0x0, 0x0, 0x0, 0x0, 0x0, 0x0, 0x0,
    0x0, 0x0, 0x0, 0x0, 0x0, 0x0, 0x7, 0xff,
    0xff, 0xfc, 0x0, 0x0, 0x7f, 0xff, 0xff, 0xc0,
    0x0, 0x7, 0xff, 0xff, 0xfc, 0x0, 0x0, 0x7f,
    0xff, 0xff, 0xc0, 0x0, 0x7, 0xff, 0xff, 0xfc,
    0x0, 0x0, 0x7f, 0xff, 0xff, 0xc0, 0x0, 0x7,
    0xff, 0xff, 0xfc, 0x0, 0x0, 0x7f, 0xff, 0xff,
    0xc0, 0x0, 0x7, 0xff, 0xff, 0xfc, 0x0, 0x0,
    0x7f, 0xff, 0xff, 0xc0, 0x0, 0x7, 0xff, 0xff,
    0xfc, 0x0, 0x0, 0x7f, 0xff, 0xff, 0xc0, 0x0,
    0x7, 0xff, 0xff, 0xfc, 0x0, 0x0, 0x7f, 0xff,
    0xff, 0xc0, 0x0, 0x7, 0xff, 0xff, 0xfc, 0x0,
    0x0, 0x7f, 0xff, 0xff, 0xc0, 0x0, 0x7, 0xff,
    0xff, 0xfc, 0x0, 0x0, 0x7f, 0xff, 0xff, 0xc0,
    0x0, 0x7, 0xff, 0xff, 0xfc, 0x0, 0x0, 0x7f,
    0xff, 0xff, 0xc0, 0x0, 0x7, 0xff, 0xff, 0xfc,
    0x0, 0x0, 0x7f, 0xff, 0xff, 0xc0, 0x0, 0x7,
    0xff, 0xff, 0xfc, 0x0, 0x0, 0x7f, 0xff, 0xff,
    0xc0, 0x0, 0x7, 0xff, 0xff, 0xfc, 0x0, 0x0,
    0x7f, 0xff, 0xff, 0xc0, 0x0, 0x7, 0xff, 0xff,
    0xfc, 0x0, 0x0, 0x7f, 0xff, 0xff, 0xc0, 0x0,
    0x7, 0xff, 0xff, 0xfc, 0x0, 0x0, 0x7f, 0xff,
    0xff, 0xc0, 0x0, 0x7, 0xff, 0xff, 0xfc, 0x0,
    0x0, 0x7f, 0xff, 0xff, 0xc0, 0x0, 0x7, 0xff,
    0xff, 0xfc, 0x0, 0x0, 0x7f, 0xff, 0xff, 0xc0,
    0x0, 0x7, 0xff, 0xff, 0xfc, 0x0, 0x0, 0x7f,
    0xff, 0xff, 0xc0,

    /* U+00CD "Í" */
    0x0, 0x0, 0x24, 0x44, 0x44, 0x10, 0x0, 0xc,
    0xff, 0xff, 0xe1, 0x0, 0x3, 0xff, 0xff, 0xf5,
    0x0, 0x0, 0xaf, 0xff, 0xfa, 0x0, 0x0, 0x1f,
    0xff, 0xfe, 0x10, 0x0, 0x8, 0xff, 0xff, 0x60,
    0x0, 0x0, 0xff, 0xff, 0xb0, 0x0, 0x0, 0x6f,
    0xff, 0xf2, 0x0, 0x0, 0x0, 0x0, 0x0, 0x0,
    0x0, 0x0, 0x0, 0x0, 0x0, 0x0, 0x0, 0x0,
    0x0, 0x0, 0x0, 0x0, 0x7, 0xff, 0xff, 0xfc,
    0x0, 0x0, 0x7f, 0xff, 0xff, 0xc0, 0x0, 0x7,
    0xff, 0xff, 0xfc, 0x0, 0x0, 0x7f, 0xff, 0xff,
    0xc0, 0x0, 0x7, 0xff, 0xff, 0xfc, 0x0, 0x0,
    0x7f, 0xff, 0xff, 0xc0, 0x0, 0x7, 0xff, 0xff,
    0xfc, 0x0, 0x0, 0x7f, 0xff, 0xff, 0xc0, 0x0,
    0x7, 0xff, 0xff, 0xfc, 0x0, 0x0, 0x7f, 0xff,
    0xff, 0xc0, 0x0, 0x7, 0xff, 0xff, 0xfc, 0x0,
    0x0, 0x7f, 0xff, 0xff, 0xc0, 0x0, 0x7, 0xff,
    0xff, 0xfc, 0x0, 0x0, 0x7f, 0xff, 0xff, 0xc0,
    0x0, 0x7, 0xff, 0xff, 0xfc, 0x0, 0x0, 0x7f,
    0xff, 0xff, 0xc0, 0x0, 0x7, 0xff, 0xff, 0xfc,
    0x0, 0x0, 0x7f, 0xff, 0xff, 0xc0, 0x0, 0x7,
    0xff, 0xff, 0xfc, 0x0, 0x0, 0x7f, 0xff, 0xff,
    0xc0, 0x0, 0x7, 0xff, 0xff, 0xfc, 0x0, 0x0,
    0x7f, 0xff, 0xff, 0xc0, 0x0, 0x7, 0xff, 0xff,
    0xfc, 0x0, 0x0, 0x7f, 0xff, 0xff, 0xc0, 0x0,
    0x7, 0xff, 0xff, 0xfc, 0x0, 0x0, 0x7f, 0xff,
    0xff, 0xc0, 0x0, 0x7, 0xff, 0xff, 0xfc, 0x0,
    0x0, 0x7f, 0xff, 0xff, 0xc0, 0x0, 0x7, 0xff,
    0xff, 0xfc, 0x0, 0x0, 0x7f, 0xff, 0xff, 0xc0,
    0x0, 0x7, 0xff, 0xff, 0xfc, 0x0, 0x0, 0x7f,
    0xff, 0xff, 0xc0, 0x0, 0x7, 0xff, 0xff, 0xfc,
    0x0, 0x0, 0x7f, 0xff, 0xff, 0xc0, 0x0, 0x7,
    0xff, 0xff, 0xfc, 0x0, 0x0, 0x7f, 0xff, 0xff,
    0xc0, 0x0, 0x0,

    /* U+00CE "Î" */
    0x0, 0x0, 0x0, 0x7, 0x88, 0x88, 0x20, 0x0,
    0x0, 0x0, 0x0, 0x0, 0xa, 0xff, 0xff, 0xfe,
    0x10, 0x0, 0x0, 0x0, 0x0, 0x8, 0xff, 0xff,
    0xff, 0xfc, 0x0, 0x0, 0x0, 0x0, 0x6, 0xff,
    0xff, 0xef, 0xff, 0xfa, 0x0, 0x0, 0x0, 0x4,
    0xff, 0xff, 0xe1, 0xaf, 0xff, 0xf8, 0x0, 0x0,
    0x3, 0xff, 0xff, 0xf3, 0x0, 0xdf, 0xff, 0xf5,
    0x0, 0x1, 0xef, 0xff, 0xf7, 0x0, 0x3, 0xff,
    0xff, 0xf3, 0x0, 0xdf, 0xff, 0xfb, 0x0, 0x0,
    0x6, 0xff, 0xff, 0xe2, 0x0, 0x0, 0x0, 0x0,
    0x0, 0x0, 0x0, 0x0, 0x0, 0x0, 0x0, 0x0,
    0x0, 0x0, 0x0, 0x0, 0x0, 0x0, 0x0, 0x0,
    0x0, 0x0, 0x0, 0x0, 0x0, 0x0, 0x0, 0x0,
    0x0, 0x0, 0x0, 0x7, 0xff, 0xff, 0xfc, 0x0,
    0x0, 0x0, 0x0, 0x0, 0x0, 0x7f, 0xff, 0xff,
    0xc0, 0x0, 0x0, 0x0, 0x0, 0x0, 0x7, 0xff,
    0xff, 0xfc, 0x0, 0x0, 0x0, 0x0, 0x0, 0x0,
    0x7f, 0xff, 0xff, 0xc0, 0x0, 0x0, 0x0, 0x0,
    0x0, 0x7, 0xff, 0xff, 0xfc, 0x0, 0x0, 0x0,
    0x0, 0x0, 0x0, 0x7f, 0xff, 0xff, 0xc0, 0x0,
    0x0, 0x0, 0x0, 0x0, 0x7, 0xff, 0xff, 0xfc,
    0x0, 0x0, 0x0, 0x0, 0x0, 0x0, 0x7f, 0xff,
    0xff, 0xc0, 0x0, 0x0, 0x0, 0x0, 0x0, 0x7,
    0xff, 0xff, 0xfc, 0x0, 0x0, 0x0, 0x0, 0x0,
    0x0, 0x7f, 0xff, 0xff, 0xc0, 0x0, 0x0, 0x0,
    0x0, 0x0, 0x7, 0xff, 0xff, 0xfc, 0x0, 0x0,
    0x0, 0x0, 0x0, 0x0, 0x7f, 0xff, 0xff, 0xc0,
    0x0, 0x0, 0x0, 0x0, 0x0, 0x7, 0xff, 0xff,
    0xfc, 0x0, 0x0, 0x0, 0x0, 0x0, 0x0, 0x7f,
    0xff, 0xff, 0xc0, 0x0, 0x0, 0x0, 0x0, 0x0,
    0x7, 0xff, 0xff, 0xfc, 0x0, 0x0, 0x0, 0x0,
    0x0, 0x0, 0x7f, 0xff, 0xff, 0xc0, 0x0, 0x0,
    0x0, 0x0, 0x0, 0x7, 0xff, 0xff, 0xfc, 0x0,
    0x0, 0x0, 0x0, 0x0, 0x0, 0x7f, 0xff, 0xff,
    0xc0, 0x0, 0x0, 0x0, 0x0, 0x0, 0x7, 0xff,
    0xff, 0xfc, 0x0, 0x0, 0x0, 0x0, 0x0, 0x0,
    0x7f, 0xff, 0xff, 0xc0, 0x0, 0x0, 0x0, 0x0,
    0x0, 0x7, 0xff, 0xff, 0xfc, 0x0, 0x0, 0x0,
    0x0, 0x0, 0x0, 0x7f, 0xff, 0xff, 0xc0, 0x0,
    0x0, 0x0, 0x0, 0x0, 0x7, 0xff, 0xff, 0xfc,
    0x0, 0x0, 0x0, 0x0, 0x0, 0x0, 0x7f, 0xff,
    0xff, 0xc0, 0x0, 0x0, 0x0, 0x0, 0x0, 0x7,
    0xff, 0xff, 0xfc, 0x0, 0x0, 0x0, 0x0, 0x0,
    0x0, 0x7f, 0xff, 0xff, 0xc0, 0x0, 0x0, 0x0,
    0x0, 0x0, 0x7, 0xff, 0xff, 0xfc, 0x0, 0x0,
    0x0, 0x0, 0x0, 0x0, 0x7f, 0xff, 0xff, 0xc0,
    0x0, 0x0, 0x0, 0x0, 0x0, 0x7, 0xff, 0xff,
    0xfc, 0x0, 0x0, 0x0, 0x0, 0x0, 0x0, 0x7f,
    0xff, 0xff, 0xc0, 0x0, 0x0, 0x0, 0x0, 0x0,
    0x7, 0xff, 0xff, 0xfc, 0x0, 0x0, 0x0, 0x0,
    0x0, 0x0, 0x7f, 0xff, 0xff, 0xc0, 0x0, 0x0,
    0x0, 0x0, 0x0, 0x7, 0xff, 0xff, 0xfc, 0x0,
    0x0, 0x0, 0x0, 0x0, 0x0, 0x7f, 0xff, 0xff,
    0xc0, 0x0, 0x0, 0x0, 0x0, 0x0, 0x7, 0xff,
    0xff, 0xfc, 0x0, 0x0, 0x0, 0x0, 0x0, 0x0,
    0x7f, 0xff, 0xff, 0xc0, 0x0, 0x0, 0x0,

    /* U+00CF "Ï" */
    0x3, 0xcf, 0xc4, 0x0, 0x0, 0x2, 0xbf, 0xd6,
    0x0, 0x2f, 0xff, 0xff, 0x30, 0x0, 0xd, 0xff,
    0xff, 0x60, 0x9f, 0xff, 0xff, 0xa0, 0x0, 0x5f,
    0xff, 0xff, 0xe0, 0xaf, 0xff, 0xff, 0xc0, 0x0,
    0x7f, 0xff, 0xff, 0xf0, 0x6f, 0xff, 0xff, 0x80,
    0x0, 0x3f, 0xff, 0xff, 0xb0, 0xb, 0xff, 0xfc,
    0x0, 0x0, 0x8, 0xff, 0xfe, 0x20, 0x0, 0x47,
    0x50, 0x0, 0x0, 0x0, 0x37, 0x60, 0x0, 0x0,
    0x0, 0x0, 0x0, 0x0, 0x0, 0x0, 0x0, 0x0,
    0x0, 0x0, 0x0, 0x0, 0x0, 0x0, 0x0, 0x0,
    0x0, 0x0, 0x0, 0x0, 0x0, 0x0, 0x0, 0x0,
    0x0, 0x0, 0x0, 0x0, 0x7, 0xff, 0xff, 0xfc,
    0x0, 0x0, 0x0, 0x0, 0x0, 0x7, 0xff, 0xff,
    0xfc, 0x0, 0x0, 0x0, 0x0, 0x0, 0x7, 0xff,
    0xff, 0xfc, 0x0, 0x0, 0x0, 0x0, 0x0, 0x7,
    0xff, 0xff, 0xfc, 0x0, 0x0, 0x0, 0x0, 0x0,
    0x7, 0xff, 0xff, 0xfc, 0x0, 0x0, 0x0, 0x0,
    0x0, 0x7, 0xff, 0xff, 0xfc, 0x0, 0x0, 0x0,
    0x0, 0x0, 0x7, 0xff, 0xff, 0xfc, 0x0, 0x0,
    0x0, 0x0, 0x0, 0x7, 0xff, 0xff, 0xfc, 0x0,
    0x0, 0x0, 0x0, 0x0, 0x7, 0xff, 0xff, 0xfc,
    0x0, 0x0, 0x0, 0x0, 0x0, 0x7, 0xff, 0xff,
    0xfc, 0x0, 0x0, 0x0, 0x0, 0x0, 0x7, 0xff,
    0xff, 0xfc, 0x0, 0x0, 0x0, 0x0, 0x0, 0x7,
    0xff, 0xff, 0xfc, 0x0, 0x0, 0x0, 0x0, 0x0,
    0x7, 0xff, 0xff, 0xfc, 0x0, 0x0, 0x0, 0x0,
    0x0, 0x7, 0xff, 0xff, 0xfc, 0x0, 0x0, 0x0,
    0x0, 0x0, 0x7, 0xff, 0xff, 0xfc, 0x0, 0x0,
    0x0, 0x0, 0x0, 0x7, 0xff, 0xff, 0xfc, 0x0,
    0x0, 0x0, 0x0, 0x0, 0x7, 0xff, 0xff, 0xfc,
    0x0, 0x0, 0x0, 0x0, 0x0, 0x7, 0xff, 0xff,
    0xfc, 0x0, 0x0, 0x0, 0x0, 0x0, 0x7, 0xff,
    0xff, 0xfc, 0x0, 0x0, 0x0, 0x0, 0x0, 0x7,
    0xff, 0xff, 0xfc, 0x0, 0x0, 0x0, 0x0, 0x0,
    0x7, 0xff, 0xff, 0xfc, 0x0, 0x0, 0x0, 0x0,
    0x0, 0x7, 0xff, 0xff, 0xfc, 0x0, 0x0, 0x0,
    0x0, 0x0, 0x7, 0xff, 0xff, 0xfc, 0x0, 0x0,
    0x0, 0x0, 0x0, 0x7, 0xff, 0xff, 0xfc, 0x0,
    0x0, 0x0, 0x0, 0x0, 0x7, 0xff, 0xff, 0xfc,
    0x0, 0x0, 0x0, 0x0, 0x0, 0x7, 0xff, 0xff,
    0xfc, 0x0, 0x0, 0x0, 0x0, 0x0, 0x7, 0xff,
    0xff, 0xfc, 0x0, 0x0, 0x0, 0x0, 0x0, 0x7,
    0xff, 0xff, 0xfc, 0x0, 0x0, 0x0, 0x0, 0x0,
    0x7, 0xff, 0xff, 0xfc, 0x0, 0x0, 0x0, 0x0,
    0x0, 0x7, 0xff, 0xff, 0xfc, 0x0, 0x0, 0x0,
    0x0, 0x0, 0x7, 0xff, 0xff, 0xfc, 0x0, 0x0,
    0x0, 0x0, 0x0, 0x7, 0xff, 0xff, 0xfc, 0x0,
    0x0, 0x0, 0x0, 0x0, 0x7, 0xff, 0xff, 0xfc,
    0x0, 0x0, 0x0, 0x0, 0x0, 0x7, 0xff, 0xff,
    0xfc, 0x0, 0x0, 0x0, 0x0, 0x0, 0x7, 0xff,
    0xff, 0xfc, 0x0, 0x0, 0x0, 0x0, 0x0, 0x7,
    0xff, 0xff, 0xfc, 0x0, 0x0, 0x0,

    /* U+00D0 "Ð" */
    0x0, 0x0, 0x1f, 0xff, 0xff, 0xff, 0xff, 0xff,
    0xff, 0xed, 0xa8, 0x30, 0x0, 0x0, 0x0, 0x0,
    0x0, 0x0, 0x0, 0x1f, 0xff, 0xff, 0xff, 0xff,
    0xff, 0xff, 0xff, 0xff, 0xfe, 0x81, 0x0, 0x0,
    0x0, 0x0, 0x0, 0x0, 0x1f, 0xff, 0xff, 0xff,
    0xff, 0xff, 0xff, 0xff, 0xff, 0xff, 0xff, 0x60,
    0x0, 0x0, 0x0, 0x0, 0x0, 0x1f, 0xff, 0xff,
    0xff, 0xff, 0xff, 0xff, 0xff, 0xff, 0xff, 0xff,
    0xfb, 0x0, 0x0, 0x0, 0x0, 0x0, 0x1f, 0xff,
    0xff, 0xff, 0xff, 0xff, 0xff, 0xff, 0xff, 0xff,
    0xff, 0xff, 0xc1, 0x0, 0x0, 0x0, 0x0, 0x1f,
    0xff, 0xff, 0xf9, 0x88, 0x88, 0x89, 0xac, 0xff,
    0xff, 0xff, 0xff, 0xfc, 0x0, 0x0, 0x0, 0x0,
    0x1f, 0xff, 0xff, 0xf3, 0x0, 0x0, 0x0, 0x0,
    0x16, 0xdf, 0xff, 0xff, 0xff, 0x80, 0x0, 0x0,
    0x0, 0x1f, 0xff, 0xff, 0xf3, 0x0, 0x0, 0x0,
    0x0, 0x0, 0x8, 0xff, 0xff, 0xff, 0xf2, 0x0,
    0x0, 0x0, 0x1f, 0xff, 0xff, 0xf3, 0x0, 0x0,
    0x0, 0x0, 0x0, 0x0, 0x6f, 0xff, 0xff, 0xfb,
    0x0, 0x0, 0x0, 0x1f, 0xff, 0xff, 0xf3, 0x0,
    0x0, 0x0, 0x0, 0x0, 0x0, 0xa, 0xff, 0xff,
    0xff, 0x20, 0x0, 0x0, 0x1f, 0xff, 0xff, 0xf3,
    0x0, 0x0, 0x0, 0x0, 0x0, 0x0, 0x1, 0xff,
    0xff, 0xff, 0x80, 0x0, 0x0, 0x1f, 0xff, 0xff,
    0xf3, 0x0, 0x0, 0x0, 0x0, 0x0, 0x0, 0x0,
    0x9f, 0xff, 0xff, 0xc0, 0x0, 0x0, 0x1f, 0xff,
    0xff, 0xf3, 0x0, 0x0, 0x0, 0x0, 0x0, 0x0,
    0x0, 0x3f, 0xff, 0xff, 0xf1, 0x0, 0x0, 0x1f,
    0xff, 0xff, 0xf3, 0x0, 0x0, 0x0, 0x0, 0x0,
    0x0, 0x0, 0xf, 0xff, 0xff, 0xf4, 0x0, 0x0,
    0x1f, 0xff, 0xff, 0xf3, 0x0, 0x0, 0x0, 0x0,
    0x0, 0x0, 0x0, 0xd, 0xff, 0xff, 0xf6, 0x0,
    0x0, 0x1f, 0xff, 0xff, 0xf3, 0x0, 0x0, 0x0,
    0x0, 0x0, 0x0, 0x0, 0xa, 0xff, 0xff, 0xf8,
    0x8f, 0xff, 0xff, 0xff, 0xff, 0xff, 0xff, 0xff,
    0xff, 0xf3, 0x0, 0x0, 0x0, 0x9, 0xff, 0xff,
    0xf9, 0x8f, 0xff, 0xff, 0xff, 0xff, 0xff, 0xff,
    0xff, 0xff, 0xf3, 0x0, 0x0, 0x0, 0x8, 0xff,
    0xff, 0xf9, 0x8f, 0xff, 0xff, 0xff, 0xff, 0xff,
    0xff, 0xff, 0xff, 0xf3, 0x0, 0x0, 0x0, 0x9,
    0xff, 0xff, 0xf9, 0x8f, 0xff, 0xff, 0xff, 0xff,
    0xff, 0xff, 0xff, 0xff, 0xf3, 0x0, 0x0, 0x0,
    0xa, 0xff, 0xff, 0xf9, 0x47, 0x77, 0x9f, 0xff,
    0xff, 0xfa, 0x77, 0x77, 0x77, 0x71, 0x0, 0x0,
    0x0, 0xa, 0xff, 0xff, 0xf8, 0x0, 0x0, 0x1f,
    0xff, 0xff, 0xf3, 0x0, 0x0, 0x0, 0x0, 0x0,
    0x0, 0x0, 0xd, 0xff, 0xff, 0xf6, 0x0, 0x0,
    0x1f, 0xff, 0xff, 0xf3, 0x0, 0x0, 0x0, 0x0,
    0x0, 0x0, 0x0, 0xf, 0xff, 0xff, 0xf3, 0x0,
    0x0, 0x1f, 0xff, 0xff, 0xf3, 0x0, 0x0, 0x0,
    0x0, 0x0, 0x0, 0x0, 0x4f, 0xff, 0xff, 0xf0,
    0x0, 0x0, 0x1f, 0xff, 0xff, 0xf3, 0x0, 0x0,
    0x0, 0x0, 0x0, 0x0, 0x0, 0xaf, 0xff, 0xff,
    0xc0, 0x0, 0x0, 0x1f, 0xff, 0xff, 0xf3, 0x0,
    0x0, 0x0, 0x0, 0x0, 0x0, 0x1, 0xff, 0xff,
    0xff, 0x70, 0x0, 0x0, 0x1f, 0xff, 0xff, 0xf3,
    0x0, 0x0, 0x0, 0x0, 0x0, 0x0, 0xb, 0xff,
    0xff, 0xff, 0x10, 0x0, 0x0, 0x1f, 0xff, 0xff,
    0xf3, 0x0, 0x0, 0x0, 0x0, 0x0, 0x0, 0x7f,
    0xff, 0xff, 0xfa, 0x0, 0x0, 0x0, 0x1f, 0xff,
    0xff, 0xf3, 0x0, 0x0, 0x0, 0x0, 0x0, 0x9,
    0xff, 0xff, 0xff, 0xf2, 0x0, 0x0, 0x0, 0x1f,
    0xff, 0xff, 0xf3, 0x0, 0x0, 0x0, 0x0, 0x16,
    0xef, 0xff, 0xff, 0xff, 0x80, 0x0, 0x0, 0x0,
    0x1f, 0xff, 0xff, 0xf9, 0x88, 0x88, 0x89, 0xad,
    0xff, 0xff, 0xff, 0xff, 0xfb, 0x0, 0x0, 0x0,
    0x0, 0x1f, 0xff, 0xff, 0xff, 0xff, 0xff, 0xff,
    0xff, 0xff, 0xff, 0xff, 0xff, 0xc1, 0x0, 0x0,
    0x0, 0x0, 0x1f, 0xff, 0xff, 0xff, 0xff, 0xff,
    0xff, 0xff, 0xff, 0xff, 0xff, 0xfb, 0x0, 0x0,
    0x0, 0x0, 0x0, 0x1f, 0xff, 0xff, 0xff, 0xff,
    0xff, 0xff, 0xff, 0xff, 0xff, 0xff, 0x60, 0x0,
    0x0, 0x0, 0x0, 0x0, 0x1f, 0xff, 0xff, 0xff,
    0xff, 0xff, 0xff, 0xff, 0xff, 0xfe, 0x71, 0x0,
    0x0, 0x0, 0x0, 0x0, 0x0, 0x1f, 0xff, 0xff,
    0xff, 0xff, 0xff, 0xff, 0xed, 0xa7, 0x30, 0x0,
    0x0, 0x0, 0x0, 0x0,

    /* U+00D1 "Ñ" */
    0x0, 0x0, 0x0, 0x0, 0x0, 0x69, 0xa7, 0x20,
    0x0, 0x6, 0xaa, 0x90, 0x0, 0x0, 0x0, 0x0,
    0x0, 0x0, 0x0, 0x1c, 0xff, 0xff, 0xfa, 0x20,
    0xd, 0xff, 0xd0, 0x0, 0x0, 0x0, 0x0, 0x0,
    0x0, 0x0, 0x9f, 0xff, 0xff, 0xff, 0xfc, 0xdf,
    0xff, 0x90, 0x0, 0x0, 0x0, 0x0, 0x0, 0x0,
    0x1, 0xff, 0xff, 0xff, 0xff, 0xff, 0xff, 0xff,
    0x30, 0x0, 0x0, 0x0, 0x0, 0x0, 0x0, 0x4,
    0xff, 0xf9, 0x3, 0xbf, 0xff, 0xff, 0xf9, 0x0,
    0x0, 0x0, 0x0, 0x0, 0x0, 0x0, 0x6, 0xff,
    0xf2, 0x0, 0x3, 0xae, 0xfd, 0x70, 0x0, 0x0,
    0x0, 0x0, 0x0, 0x0, 0x0, 0x0, 0x0, 0x0,
    0x0, 0x0, 0x0, 0x0, 0x0, 0x0, 0x0, 0x0,
    0x0, 0x0, 0x0, 0x0, 0x0, 0x0, 0x0, 0x0,
    0x0, 0x0, 0x0, 0x0, 0x0, 0x0, 0x0, 0x0,
    0x0, 0x0, 0x0, 0x0, 0x0, 0x0, 0x0, 0x0,
    0x0, 0x0, 0x0, 0x0, 0x0, 0x0, 0x0, 0x0,
    0x0, 0x0, 0x0, 0x0, 0x0, 0x0, 0x0, 0x0,
    0x0, 0x0, 0x0, 0x0, 0x0, 0x0, 0x7f, 0xff,
    0xff, 0xfd, 0x0, 0x0, 0x0, 0x0, 0x0, 0x0,
    0x0, 0x6, 0xff, 0xff, 0xff, 0x7f, 0xff, 0xff,
    0xff, 0x80, 0x0, 0x0, 0x0, 0x0, 0x0, 0x0,
    0x6, 0xff, 0xff, 0xff, 0x7f, 0xff, 0xff, 0xff,
    0xf2, 0x0, 0x0, 0x0, 0x0, 0x0, 0x0, 0x6,
    0xff, 0xff, 0xff, 0x7f, 0xff, 0xff, 0xff, 0xfb,
    0x0, 0x0, 0x0, 0x0, 0x0, 0x0, 0x6, 0xff,
    0xff, 0xff, 0x7f, 0xff, 0xff, 0xff, 0xff, 0x50,
    0x0, 0x0, 0x0, 0x0, 0x0, 0x6, 0xff, 0xff,
    0xff, 0x7f, 0xff, 0xff, 0xff, 0xff, 0xe0, 0x0,
    0x0, 0x0, 0x0, 0x0, 0x6, 0xff, 0xff, 0xff,
    0x7f, 0xff, 0xff, 0xff, 0xff, 0xf8, 0x0, 0x0,
    0x0, 0x0, 0x0, 0x6, 0xff, 0xff, 0xff, 0x7f,
    0xff, 0xff, 0xff, 0xff, 0xff, 0x20, 0x0, 0x0,
    0x0, 0x0, 0x6, 0xff, 0xff, 0xff, 0x7f, 0xff,
    0xff, 0xbf, 0xff, 0xff, 0xc0, 0x0, 0x0, 0x0,
    0x0, 0x6, 0xff, 0xff, 0xff, 0x7f, 0xff, 0xff,
    0x8b, 0xff, 0xff, 0xf6, 0x0, 0x0, 0x0, 0x0,
    0x6, 0xff, 0xff, 0xff, 0x7f, 0xff, 0xff, 0x93,
    0xff, 0xff, 0xfe, 0x10, 0x0, 0x0, 0x0, 0x6,
    0xff, 0xff, 0xff, 0x7f, 0xff, 0xff, 0xa0, 0xbf,
    0xff, 0xff, 0x90, 0x0, 0x0, 0x0, 0x6, 0xff,
    0xff, 0xff, 0x7f, 0xff, 0xff, 0xa0, 0x3f, 0xff,
    0xff, 0xf3, 0x0, 0x0, 0x0, 0x6, 0xff, 0xff,
    0xff, 0x7f, 0xff, 0xff, 0xb0, 0xb, 0xff, 0xff,
    0xfc, 0x0, 0x0, 0x0, 0x6, 0xff, 0xff, 0xff,
    0x7f, 0xff, 0xff, 0xc0, 0x2, 0xff, 0xff, 0xff,
    0x60, 0x0, 0x0, 0x6, 0xff, 0xff, 0xff, 0x7f,
    0xff, 0xff, 0xd0, 0x0, 0x9f, 0xff, 0xff, 0xe1,
    0x0, 0x0, 0x6, 0xff, 0xff, 0xff, 0x7f, 0xff,
    0xff, 0xd0, 0x0, 0x1f, 0xff, 0xff, 0xfa, 0x0,
    0x0, 0x6, 0xff, 0xff, 0xff, 0x7f, 0xff, 0xff,
    0xe0, 0x0, 0x7, 0xff, 0xff, 0xff, 0x30, 0x0,
    0x6, 0xff, 0xff, 0xff, 0x7f, 0xff, 0xff, 0xe0,
    0x0, 0x0, 0xdf, 0xff, 0xff, 0xd0, 0x0, 0x6,
    0xff, 0xff, 0xff, 0x7f, 0xff, 0xff, 0xe0, 0x0,
    0x0, 0x3f, 0xff, 0xff, 0xf7, 0x0, 0x6, 0xff,
    0xff, 0xff, 0x7f, 0xff, 0xff, 0xe0, 0x0, 0x0,
    0xa, 0xff, 0xff, 0xff, 0x10, 0x6, 0xff, 0xff,
    0xff, 0x7f, 0xff, 0xff, 0xe0, 0x0, 0x0, 0x1,
    0xef, 0xff, 0xff, 0xa0, 0x6, 0xff, 0xff, 0xff,
    0x7f, 0xff, 0xff, 0xe0, 0x0, 0x0, 0x0, 0x6f,
    0xff, 0xff, 0xf3, 0x5, 0xff, 0xff, 0xff, 0x7f,
    0xff, 0xff, 0xe0, 0x0, 0x0, 0x0, 0xc, 0xff,
    0xff, 0xfb, 0x4, 0xff, 0xff, 0xff, 0x7f, 0xff,
    0xff, 0xe0, 0x0, 0x0, 0x0, 0x3, 0xff, 0xff,
    0xff, 0x34, 0xff, 0xff, 0xff, 0x7f, 0xff, 0xff,
    0xe0, 0x0, 0x0, 0x0, 0x0, 0x9f, 0xff, 0xff,
    0xb3, 0xff, 0xff, 0xff, 0x7f, 0xff, 0xff, 0xe0,
    0x0, 0x0, 0x0, 0x0, 0xe, 0xff, 0xff, 0xf5,
    0xff, 0xff, 0xff, 0x7f, 0xff, 0xff, 0xe0, 0x0,
    0x0, 0x0, 0x0, 0x5, 0xff, 0xff, 0xfb, 0xff,
    0xff, 0xff, 0x7f, 0xff, 0xff, 0xe0, 0x0, 0x0,
    0x0, 0x0, 0x0, 0xbf, 0xff, 0xff, 0xff, 0xff,
    0xff, 0x7f, 0xff, 0xff, 0xe0, 0x0, 0x0, 0x0,
    0x0, 0x0, 0x2f, 0xff, 0xff, 0xff, 0xff, 0xff,
    0x7f, 0xff, 0xff, 0xe0, 0x0, 0x0, 0x0, 0x0,
    0x0, 0x8, 0xff, 0xff, 0xff, 0xff, 0xff, 0x7f,
    0xff, 0xff, 0xe0, 0x0, 0x0, 0x0, 0x0, 0x0,
    0x0, 0xef, 0xff, 0xff, 0xff, 0xff, 0x7f, 0xff,
    0xff, 0xe0, 0x0, 0x0, 0x0, 0x0, 0x0, 0x0,
    0x4f, 0xff, 0xff, 0xff, 0xff, 0x7f, 0xff, 0xff,
    0xe0, 0x0, 0x0, 0x0, 0x0, 0x0, 0x0, 0xb,
    0xff, 0xff, 0xff, 0xff, 0x7f, 0xff, 0xff, 0xe0,
    0x0, 0x0, 0x0, 0x0, 0x0, 0x0, 0x2, 0xff,
    0xff, 0xff, 0xff, 0x7f, 0xff, 0xff, 0xe0, 0x0,
    0x0, 0x0, 0x0, 0x0, 0x0, 0x0, 0x7f, 0xff,
    0xff, 0xff,

    /* U+00D2 "Ò" */
    0x0, 0x0, 0x0, 0x0, 0x2, 0xff, 0xff, 0xfb,
    0x0, 0x0, 0x0, 0x0, 0x0, 0x0, 0x0, 0x0,
    0x0, 0x0, 0x0, 0x0, 0x0, 0x7, 0xff, 0xff,
    0xf2, 0x0, 0x0, 0x0, 0x0, 0x0, 0x0, 0x0,
    0x0, 0x0, 0x0, 0x0, 0x0, 0x0, 0xc, 0xff,
    0xff, 0x90, 0x0, 0x0, 0x0, 0x0, 0x0, 0x0,
    0x0, 0x0, 0x0, 0x0, 0x0, 0x0, 0x0, 0x2f,
    0xff, 0xff, 0x10, 0x0, 0x0, 0x0, 0x0, 0x0,
    0x0, 0x0, 0x0, 0x0, 0x0, 0x0, 0x0, 0x0,
    0x8f, 0xff, 0xf7, 0x0, 0x0, 0x0, 0x0, 0x0,
    0x0, 0x0, 0x0, 0x0, 0x0, 0x0, 0x0, 0x0,
    0x0, 0xdf, 0xff, 0xe0, 0x0, 0x0, 0x0, 0x0,
    0x0, 0x0, 0x0, 0x0, 0x0, 0x0, 0x0, 0x0,
    0x0, 0x3, 0xff, 0xff, 0x60, 0x0, 0x0, 0x0,
    0x0, 0x0, 0x0, 0x0, 0x0, 0x0, 0x0, 0x0,
    0x0, 0x0, 0x3, 0x44, 0x43, 0x0, 0x0, 0x0,
    0x0, 0x0, 0x0, 0x0, 0x0, 0x0, 0x0, 0x0,
    0x0, 0x0, 0x0, 0x0, 0x0, 0x0, 0x0, 0x0,
    0x0, 0x0, 0x0, 0x0, 0x0, 0x0, 0x0, 0x0,
    0x0, 0x0, 0x0, 0x0, 0x0, 0x0, 0x0, 0x0,
    0x0, 0x0, 0x0, 0x0, 0x0, 0x0, 0x0, 0x0,
    0x0, 0x0, 0x0, 0x0, 0x0, 0x0, 0x0, 0x0,
    0x0, 0x0, 0x0, 0x0, 0x0, 0x0, 0x0, 0x0,
    0x0, 0x0, 0x0, 0x48, 0xbe, 0xff, 0xed, 0xb8,
    0x30, 0x0, 0x0, 0x0, 0x0, 0x0, 0x0, 0x0,
    0x0, 0x0, 0x7, 0xef, 0xff, 0xff, 0xff, 0xff,
    0xff, 0xe6, 0x0, 0x0, 0x0, 0x0, 0x0, 0x0,
    0x0, 0x0, 0x5e, 0xff, 0xff, 0xff, 0xff, 0xff,
    0xff, 0xff, 0xfe, 0x40, 0x0, 0x0, 0x0, 0x0,
    0x0, 0x0, 0x9f, 0xff, 0xff, 0xff, 0xff, 0xff,
    0xff, 0xff, 0xff, 0xff, 0x80, 0x0, 0x0, 0x0,
    0x0, 0x0, 0xaf, 0xff, 0xff, 0xff, 0xff, 0xff,
    0xff, 0xff, 0xff, 0xff, 0xff, 0x90, 0x0, 0x0,
    0x0, 0x0, 0x9f, 0xff, 0xff, 0xff, 0xff, 0xec,
    0xbc, 0xef, 0xff, 0xff, 0xff, 0xff, 0x70, 0x0,
    0x0, 0x0, 0x5f, 0xff, 0xff, 0xff, 0xf9, 0x30,
    0x0, 0x0, 0x39, 0xff, 0xff, 0xff, 0xff, 0x40,
    0x0, 0x0, 0x1e, 0xff, 0xff, 0xff, 0xc2, 0x0,
    0x0, 0x0, 0x0, 0x3, 0xdf, 0xff, 0xff, 0xfd,
    0x0, 0x0, 0x8, 0xff, 0xff, 0xff, 0xc1, 0x0,
    0x0, 0x0, 0x0, 0x0, 0x1, 0xdf, 0xff, 0xff,
    0xf7, 0x0, 0x0, 0xff, 0xff, 0xff, 0xe1, 0x0,
    0x0, 0x0, 0x0, 0x0, 0x0, 0x2, 0xff, 0xff,
    0xff, 0xe0, 0x0, 0x6f, 0xff, 0xff, 0xf5, 0x0,
    0x0, 0x0, 0x0, 0x0, 0x0, 0x0, 0x7, 0xff,
    0xff, 0xff, 0x40, 0xb, 0xff, 0xff, 0xfe, 0x0,
    0x0, 0x0, 0x0, 0x0, 0x0, 0x0, 0x0, 0xf,
    0xff, 0xff, 0xf9, 0x0, 0xff, 0xff, 0xff, 0x70,
    0x0, 0x0, 0x0, 0x0, 0x0, 0x0, 0x0, 0x0,
    0x9f, 0xff, 0xff, 0xe0, 0x2f, 0xff, 0xff, 0xf3,
    0x0, 0x0, 0x0, 0x0, 0x0, 0x0, 0x0, 0x0,
    0x5, 0xff, 0xff, 0xff, 0x15, 0xff, 0xff, 0xff,
    0x0, 0x0, 0x0, 0x0, 0x0, 0x0, 0x0, 0x0,
    0x0, 0x2f, 0xff, 0xff, 0xf3, 0x7f, 0xff, 0xff,
    0xd0, 0x0, 0x0, 0x0, 0x0, 0x0, 0x0, 0x0,
    0x0, 0x0, 0xff, 0xff, 0xff, 0x58, 0xff, 0xff,
    0xfc, 0x0, 0x0, 0x0, 0x0, 0x0, 0x0, 0x0,
    0x0, 0x0, 0xe, 0xff, 0xff, 0xf6, 0x8f, 0xff,
    0xff, 0xb0, 0x0, 0x0, 0x0, 0x0, 0x0, 0x0,
    0x0, 0x0, 0x0, 0xdf, 0xff, 0xff, 0x78, 0xff,
    0xff, 0xfb, 0x0, 0x0, 0x0, 0x0, 0x0, 0x0,
    0x0, 0x0, 0x0, 0xd, 0xff, 0xff, 0xf7, 0x8f,
    0xff, 0xff, 0xc0, 0x0, 0x0, 0x0, 0x0, 0x0,
    0x0, 0x0, 0x0, 0x0, 0xef, 0xff, 0xff, 0x67,
    0xff, 0xff, 0xfd, 0x0, 0x0, 0x0, 0x0, 0x0,
    0x0, 0x0, 0x0, 0x0, 0xf, 0xff, 0xff, 0xf5,
    0x5f, 0xff, 0xff, 0xf0, 0x0, 0x0, 0x0, 0x0,
    0x0, 0x0, 0x0, 0x0, 0x2, 0xff, 0xff, 0xff,
    0x32, 0xff, 0xff, 0xff, 0x30, 0x0, 0x0, 0x0,
    0x0, 0x0, 0x0, 0x0, 0x0, 0x5f, 0xff, 0xff,
    0xf1, 0xf, 0xff, 0xff, 0xf7, 0x0, 0x0, 0x0,
    0x0, 0x0, 0x0, 0x0, 0x0, 0x9, 0xff, 0xff,
    0xfe, 0x0, 0xbf, 0xff, 0xff, 0xe0, 0x0, 0x0,
    0x0, 0x0, 0x0, 0x0, 0x0, 0x0, 0xff, 0xff,
    0xff, 0x90, 0x6, 0xff, 0xff, 0xff, 0x50, 0x0,
    0x0, 0x0, 0x0, 0x0, 0x0, 0x0, 0x7f, 0xff,
    0xff, 0xf4, 0x0, 0xf, 0xff, 0xff, 0xfe, 0x10,
    0x0, 0x0, 0x0, 0x0, 0x0, 0x0, 0x2f, 0xff,
    0xff, 0xfe, 0x0, 0x0, 0x8f, 0xff, 0xff, 0xfc,
    0x0, 0x0, 0x0, 0x0, 0x0, 0x0, 0x1d, 0xff,
    0xff, 0xff, 0x70, 0x0, 0x1, 0xef, 0xff, 0xff,
    0xfc, 0x20, 0x0, 0x0, 0x0, 0x0, 0x3d, 0xff,
    0xff, 0xff, 0xd0, 0x0, 0x0, 0x5, 0xff, 0xff,
    0xff, 0xff, 0x83, 0x0, 0x0, 0x3, 0x9f, 0xff,
    0xff, 0xff, 0xf4, 0x0, 0x0, 0x0, 0x9, 0xff,
    0xff, 0xff, 0xff, 0xfe, 0xcb, 0xce, 0xff, 0xff,
    0xff, 0xff, 0xf8, 0x0, 0x0, 0x0, 0x0, 0xb,
    0xff, 0xff, 0xff, 0xff, 0xff, 0xff, 0xff, 0xff,
    0xff, 0xff, 0xf9, 0x0, 0x0, 0x0, 0x0, 0x0,
    0x9, 0xff, 0xff, 0xff, 0xff, 0xff, 0xff, 0xff,
    0xff, 0xff, 0xf8, 0x0, 0x0, 0x0, 0x0, 0x0,
    0x0, 0x5, 0xef, 0xff, 0xff, 0xff, 0xff, 0xff,
    0xff, 0xff, 0xe4, 0x0, 0x0, 0x0, 0x0, 0x0,
    0x0, 0x0, 0x0, 0x7e, 0xff, 0xff, 0xff, 0xff,
    0xff, 0xfe, 0x70, 0x0, 0x0, 0x0, 0x0, 0x0,
    0x0, 0x0, 0x0, 0x0, 0x4, 0x8b, 0xef, 0xff,
    0xdb, 0x83, 0x0, 0x0, 0x0, 0x0, 0x0, 0x0,

    /* U+00D3 "Ó" */
    0x0, 0x0, 0x0, 0x0, 0x0, 0x0, 0x0, 0x0,
    0xd, 0xff, 0xff, 0xe1, 0x0, 0x0, 0x0, 0x0,
    0x0, 0x0, 0x0, 0x0, 0x0, 0x0, 0x0, 0x0,
    0x4, 0xff, 0xff, 0xf5, 0x0, 0x0, 0x0, 0x0,
    0x0, 0x0, 0x0, 0x0, 0x0, 0x0, 0x0, 0x0,
    0x0, 0xbf, 0xff, 0xfb, 0x0, 0x0, 0x0, 0x0,
    0x0, 0x0, 0x0, 0x0, 0x0, 0x0, 0x0, 0x0,
    0x0, 0x2f, 0xff, 0xff, 0x10, 0x0, 0x0, 0x0,
    0x0, 0x0, 0x0, 0x0, 0x0, 0x0, 0x0, 0x0,
    0x0, 0x9, 0xff, 0xff, 0x60, 0x0, 0x0, 0x0,
    0x0, 0x0, 0x0, 0x0, 0x0, 0x0, 0x0, 0x0,
    0x0, 0x1, 0xff, 0xff, 0xb0, 0x0, 0x0, 0x0,
    0x0, 0x0, 0x0, 0x0, 0x0, 0x0, 0x0, 0x0,
    0x0, 0x0, 0x7f, 0xff, 0xf2, 0x0, 0x0, 0x0,
    0x0, 0x0, 0x0, 0x0, 0x0, 0x0, 0x0, 0x0,
    0x0, 0x0, 0x3, 0x44, 0x43, 0x0, 0x0, 0x0,
    0x0, 0x0, 0x0, 0x0, 0x0, 0x0, 0x0, 0x0,
    0x0, 0x0, 0x0, 0x0, 0x0, 0x0, 0x0, 0x0,
    0x0, 0x0, 0x0, 0x0, 0x0, 0x0, 0x0, 0x0,
    0x0, 0x0, 0x0, 0x0, 0x0, 0x0, 0x0, 0x0,
    0x0, 0x0, 0x0, 0x0, 0x0, 0x0, 0x0, 0x0,
    0x0, 0x0, 0x0, 0x0, 0x0, 0x0, 0x0, 0x0,
    0x0, 0x0, 0x0, 0x0, 0x0, 0x0, 0x0, 0x0,
    0x0, 0x0, 0x0, 0x48, 0xbe, 0xff, 0xed, 0xb8,
    0x30, 0x0, 0x0, 0x0, 0x0, 0x0, 0x0, 0x0,
    0x0, 0x0, 0x7, 0xef, 0xff, 0xff, 0xff, 0xff,
    0xff, 0xe6, 0x0, 0x0, 0x0, 0x0, 0x0, 0x0,
    0x0, 0x0, 0x5e, 0xff, 0xff, 0xff, 0xff, 0xff,
    0xff, 0xff, 0xfe, 0x40, 0x0, 0x0, 0x0, 0x0,
    0x0, 0x0, 0x9f, 0xff, 0xff, 0xff, 0xff, 0xff,
    0xff, 0xff, 0xff, 0xff, 0x80, 0x0, 0x0, 0x0,
    0x0, 0x0, 0xaf, 0xff, 0xff, 0xff, 0xff, 0xff,
    0xff, 0xff, 0xff, 0xff, 0xff, 0x90, 0x0, 0x0,
    0x0, 0x0, 0x9f, 0xff, 0xff, 0xff, 0xff, 0xec,
    0xbc, 0xef, 0xff, 0xff, 0xff, 0xff, 0x70, 0x0,
    0x0, 0x0, 0x5f, 0xff, 0xff, 0xff, 0xf9, 0x30,
    0x0, 0x0, 0x39, 0xff, 0xff, 0xff, 0xff, 0x40,
    0x0, 0x0, 0x1e, 0xff, 0xff, 0xff, 0xc2, 0x0,
    0x0, 0x0, 0x0, 0x3, 0xdf, 0xff, 0xff, 0xfd,
    0x0, 0x0, 0x8, 0xff, 0xff, 0xff, 0xc1, 0x0,
    0x0, 0x0, 0x0, 0x0, 0x1, 0xdf, 0xff, 0xff,
    0xf7, 0x0, 0x0, 0xff, 0xff, 0xff, 0xe1, 0x0,
    0x0, 0x0, 0x0, 0x0, 0x0, 0x2, 0xff, 0xff,
    0xff, 0xe0, 0x0, 0x6f, 0xff, 0xff, 0xf5, 0x0,
    0x0, 0x0, 0x0, 0x0, 0x0, 0x0, 0x7, 0xff,
    0xff, 0xff, 0x40, 0xb, 0xff, 0xff, 0xfe, 0x0,
    0x0, 0x0, 0x0, 0x0, 0x0, 0x0, 0x0, 0xf,
    0xff, 0xff, 0xf9, 0x0, 0xff, 0xff, 0xff, 0x70,
    0x0, 0x0, 0x0, 0x0, 0x0, 0x0, 0x0, 0x0,
    0x9f, 0xff, 0xff, 0xe0, 0x2f, 0xff, 0xff, 0xf3,
    0x0, 0x0, 0x0, 0x0, 0x0, 0x0, 0x0, 0x0,
    0x5, 0xff, 0xff, 0xff, 0x15, 0xff, 0xff, 0xff,
    0x0, 0x0, 0x0, 0x0, 0x0, 0x0, 0x0, 0x0,
    0x0, 0x2f, 0xff, 0xff, 0xf3, 0x7f, 0xff, 0xff,
    0xd0, 0x0, 0x0, 0x0, 0x0, 0x0, 0x0, 0x0,
    0x0, 0x0, 0xff, 0xff, 0xff, 0x58, 0xff, 0xff,
    0xfc, 0x0, 0x0, 0x0, 0x0, 0x0, 0x0, 0x0,
    0x0, 0x0, 0xe, 0xff, 0xff, 0xf6, 0x8f, 0xff,
    0xff, 0xb0, 0x0, 0x0, 0x0, 0x0, 0x0, 0x0,
    0x0, 0x0, 0x0, 0xdf, 0xff, 0xff, 0x78, 0xff,
    0xff, 0xfb, 0x0, 0x0, 0x0, 0x0, 0x0, 0x0,
    0x0, 0x0, 0x0, 0xd, 0xff, 0xff, 0xf7, 0x8f,
    0xff, 0xff, 0xc0, 0x0, 0x0, 0x0, 0x0, 0x0,
    0x0, 0x0, 0x0, 0x0, 0xef, 0xff, 0xff, 0x67,
    0xff, 0xff, 0xfd, 0x0, 0x0, 0x0, 0x0, 0x0,
    0x0, 0x0, 0x0, 0x0, 0xf, 0xff, 0xff, 0xf5,
    0x5f, 0xff, 0xff, 0xf0, 0x0, 0x0, 0x0, 0x0,
    0x0, 0x0, 0x0, 0x0, 0x2, 0xff, 0xff, 0xff,
    0x32, 0xff, 0xff, 0xff, 0x30, 0x0, 0x0, 0x0,
    0x0, 0x0, 0x0, 0x0, 0x0, 0x5f, 0xff, 0xff,
    0xf1, 0xf, 0xff, 0xff, 0xf7, 0x0, 0x0, 0x0,
    0x0, 0x0, 0x0, 0x0, 0x0, 0x9, 0xff, 0xff,
    0xfe, 0x0, 0xbf, 0xff, 0xff, 0xe0, 0x0, 0x0,
    0x0, 0x0, 0x0, 0x0, 0x0, 0x0, 0xff, 0xff,
    0xff, 0x90, 0x6, 0xff, 0xff, 0xff, 0x50, 0x0,
    0x0, 0x0, 0x0, 0x0, 0x0, 0x0, 0x7f, 0xff,
    0xff, 0xf4, 0x0, 0xf, 0xff, 0xff, 0xfe, 0x10,
    0x0, 0x0, 0x0, 0x0, 0x0, 0x0, 0x2f, 0xff,
    0xff, 0xfe, 0x0, 0x0, 0x8f, 0xff, 0xff, 0xfc,
    0x0, 0x0, 0x0, 0x0, 0x0, 0x0, 0x1d, 0xff,
    0xff, 0xff, 0x70, 0x0, 0x1, 0xef, 0xff, 0xff,
    0xfc, 0x20, 0x0, 0x0, 0x0, 0x0, 0x3d, 0xff,
    0xff, 0xff, 0xd0, 0x0, 0x0, 0x5, 0xff, 0xff,
    0xff, 0xff, 0x83, 0x0, 0x0, 0x3, 0x9f, 0xff,
    0xff, 0xff, 0xf4, 0x0, 0x0, 0x0, 0x9, 0xff,
    0xff, 0xff, 0xff, 0xfe, 0xcb, 0xce, 0xff, 0xff,
    0xff, 0xff, 0xf8, 0x0, 0x0, 0x0, 0x0, 0xb,
    0xff, 0xff, 0xff, 0xff, 0xff, 0xff, 0xff, 0xff,
    0xff, 0xff, 0xf9, 0x0, 0x0, 0x0, 0x0, 0x0,
    0x9, 0xff, 0xff, 0xff, 0xff, 0xff, 0xff, 0xff,
    0xff, 0xff, 0xf8, 0x0, 0x0, 0x0, 0x0, 0x0,
    0x0, 0x5, 0xef, 0xff, 0xff, 0xff, 0xff, 0xff,
    0xff, 0xff, 0xe4, 0x0, 0x0, 0x0, 0x0, 0x0,
    0x0, 0x0, 0x0, 0x7e, 0xff, 0xff, 0xff, 0xff,
    0xff, 0xfe, 0x70, 0x0, 0x0, 0x0, 0x0, 0x0,
    0x0, 0x0, 0x0, 0x0, 0x4, 0x8b, 0xef, 0xff,
    0xdb, 0x83, 0x0, 0x0, 0x0, 0x0, 0x0, 0x0,

    /* U+00D4 "Ô" */
    0x0, 0x0, 0x0, 0x0, 0x0, 0x0, 0x1, 0x78,
    0x88, 0x71, 0x0, 0x0, 0x0, 0x0, 0x0, 0x0,
    0x0, 0x0, 0x0, 0x0, 0x0, 0x0, 0x1, 0xdf,
    0xff, 0xff, 0xc0, 0x0, 0x0, 0x0, 0x0, 0x0,
    0x0, 0x0, 0x0, 0x0, 0x0, 0x0, 0x0, 0xcf,
    0xff, 0xff, 0xff, 0xb0, 0x0, 0x0, 0x0, 0x0,
    0x0, 0x0, 0x0, 0x0, 0x0, 0x0, 0x0, 0xcf,
    0xff, 0xfb, 0xff, 0xff, 0xa0, 0x0, 0x0, 0x0,
    0x0, 0x0, 0x0, 0x0, 0x0, 0x0, 0x0, 0xbf,
    0xff, 0xf9, 0xa, 0xff, 0xff, 0x80, 0x0, 0x0,
    0x0, 0x0, 0x0, 0x0, 0x0, 0x0, 0x0, 0xaf,
    0xff, 0xfb, 0x0, 0xc, 0xff, 0xff, 0x70, 0x0,
    0x0, 0x0, 0x0, 0x0, 0x0, 0x0, 0x0, 0x9f,
    0xff, 0xfd, 0x10, 0x0, 0x1e, 0xff, 0xff, 0x60,
    0x0, 0x0, 0x0, 0x0, 0x0, 0x0, 0x0, 0x28,
    0x88, 0x88, 0x20, 0x0, 0x0, 0x38, 0x88, 0x87,
    0x0, 0x0, 0x0, 0x0, 0x0, 0x0, 0x0, 0x0,
    0x0, 0x0, 0x0, 0x0, 0x0, 0x0, 0x0, 0x0,
    0x0, 0x0, 0x0, 0x0, 0x0, 0x0, 0x0, 0x0,
    0x0, 0x0, 0x0, 0x0, 0x0, 0x0, 0x0, 0x0,
    0x0, 0x0, 0x0, 0x0, 0x0, 0x0, 0x0, 0x0,
    0x0, 0x0, 0x0, 0x0, 0x0, 0x0, 0x0, 0x0,
    0x0, 0x0, 0x0, 0x0, 0x0, 0x0, 0x0, 0x0,
    0x0, 0x0, 0x0, 0x48, 0xbe, 0xff, 0xed, 0xb8,
    0x30, 0x0, 0x0, 0x0, 0x0, 0x0, 0x0, 0x0,
    0x0, 0x0, 0x7, 0xef, 0xff, 0xff, 0xff, 0xff,
    0xff, 0xe6, 0x0, 0x0, 0x0, 0x0, 0x0, 0x0,
    0x0, 0x0, 0x5e, 0xff, 0xff, 0xff, 0xff, 0xff,
    0xff, 0xff, 0xfe, 0x40, 0x0, 0x0, 0x0, 0x0,
    0x0, 0x0, 0x9f, 0xff, 0xff, 0xff, 0xff, 0xff,
    0xff, 0xff, 0xff, 0xff, 0x80, 0x0, 0x0, 0x0,
    0x0, 0x0, 0xaf, 0xff, 0xff, 0xff, 0xff, 0xff,
    0xff, 0xff, 0xff, 0xff, 0xff, 0x90, 0x0, 0x0,
    0x0, 0x0, 0x9f, 0xff, 0xff, 0xff, 0xff, 0xec,
    0xbc, 0xef, 0xff, 0xff, 0xff, 0xff, 0x70, 0x0,
    0x0, 0x0, 0x5f, 0xff, 0xff, 0xff, 0xf9, 0x30,
    0x0, 0x0, 0x39, 0xff, 0xff, 0xff, 0xff, 0x40,
    0x0, 0x0, 0x1e, 0xff, 0xff, 0xff, 0xc2, 0x0,
    0x0, 0x0, 0x0, 0x3, 0xdf, 0xff, 0xff, 0xfd,
    0x0, 0x0, 0x8, 0xff, 0xff, 0xff, 0xc1, 0x0,
    0x0, 0x0, 0x0, 0x0, 0x1, 0xdf, 0xff, 0xff,
    0xf7, 0x0, 0x0, 0xff, 0xff, 0xff, 0xe1, 0x0,
    0x0, 0x0, 0x0, 0x0, 0x0, 0x2, 0xff, 0xff,
    0xff, 0xe0, 0x0, 0x6f, 0xff, 0xff, 0xf5, 0x0,
    0x0, 0x0, 0x0, 0x0, 0x0, 0x0, 0x7, 0xff,
    0xff, 0xff, 0x40, 0xb, 0xff, 0xff, 0xfe, 0x0,
    0x0, 0x0, 0x0, 0x0, 0x0, 0x0, 0x0, 0xf,
    0xff, 0xff, 0xf9, 0x0, 0xff, 0xff, 0xff, 0x70,
    0x0, 0x0, 0x0, 0x0, 0x0, 0x0, 0x0, 0x0,
    0x9f, 0xff, 0xff, 0xe0, 0x2f, 0xff, 0xff, 0xf3,
    0x0, 0x0, 0x0, 0x0, 0x0, 0x0, 0x0, 0x0,
    0x5, 0xff, 0xff, 0xff, 0x15, 0xff, 0xff, 0xff,
    0x0, 0x0, 0x0, 0x0, 0x0, 0x0, 0x0, 0x0,
    0x0, 0x2f, 0xff, 0xff, 0xf3, 0x7f, 0xff, 0xff,
    0xd0, 0x0, 0x0, 0x0, 0x0, 0x0, 0x0, 0x0,
    0x0, 0x0, 0xff, 0xff, 0xff, 0x58, 0xff, 0xff,
    0xfc, 0x0, 0x0, 0x0, 0x0, 0x0, 0x0, 0x0,
    0x0, 0x0, 0xe, 0xff, 0xff, 0xf6, 0x8f, 0xff,
    0xff, 0xb0, 0x0, 0x0, 0x0, 0x0, 0x0, 0x0,
    0x0, 0x0, 0x0, 0xdf, 0xff, 0xff, 0x78, 0xff,
    0xff, 0xfb, 0x0, 0x0, 0x0, 0x0, 0x0, 0x0,
    0x0, 0x0, 0x0, 0xd, 0xff, 0xff, 0xf7, 0x8f,
    0xff, 0xff, 0xc0, 0x0, 0x0, 0x0, 0x0, 0x0,
    0x0, 0x0, 0x0, 0x0, 0xef, 0xff, 0xff, 0x67,
    0xff, 0xff, 0xfd, 0x0, 0x0, 0x0, 0x0, 0x0,
    0x0, 0x0, 0x0, 0x0, 0xf, 0xff, 0xff, 0xf5,
    0x5f, 0xff, 0xff, 0xf0, 0x0, 0x0, 0x0, 0x0,
    0x0, 0x0, 0x0, 0x0, 0x2, 0xff, 0xff, 0xff,
    0x32, 0xff, 0xff, 0xff, 0x30, 0x0, 0x0, 0x0,
    0x0, 0x0, 0x0, 0x0, 0x0, 0x5f, 0xff, 0xff,
    0xf1, 0xf, 0xff, 0xff, 0xf7, 0x0, 0x0, 0x0,
    0x0, 0x0, 0x0, 0x0, 0x0, 0x9, 0xff, 0xff,
    0xfe, 0x0, 0xbf, 0xff, 0xff, 0xe0, 0x0, 0x0,
    0x0, 0x0, 0x0, 0x0, 0x0, 0x0, 0xff, 0xff,
    0xff, 0x90, 0x6, 0xff, 0xff, 0xff, 0x50, 0x0,
    0x0, 0x0, 0x0, 0x0, 0x0, 0x0, 0x7f, 0xff,
    0xff, 0xf4, 0x0, 0xf, 0xff, 0xff, 0xfe, 0x10,
    0x0, 0x0, 0x0, 0x0, 0x0, 0x0, 0x2f, 0xff,
    0xff, 0xfe, 0x0, 0x0, 0x8f, 0xff, 0xff, 0xfc,
    0x0, 0x0, 0x0, 0x0, 0x0, 0x0, 0x1d, 0xff,
    0xff, 0xff, 0x70, 0x0, 0x1, 0xef, 0xff, 0xff,
    0xfc, 0x20, 0x0, 0x0, 0x0, 0x0, 0x3d, 0xff,
    0xff, 0xff, 0xd0, 0x0, 0x0, 0x5, 0xff, 0xff,
    0xff, 0xff, 0x83, 0x0, 0x0, 0x3, 0x9f, 0xff,
    0xff, 0xff, 0xf4, 0x0, 0x0, 0x0, 0x9, 0xff,
    0xff, 0xff, 0xff, 0xfe, 0xcb, 0xce, 0xff, 0xff,
    0xff, 0xff, 0xf8, 0x0, 0x0, 0x0, 0x0, 0xb,
    0xff, 0xff, 0xff, 0xff, 0xff, 0xff, 0xff, 0xff,
    0xff, 0xff, 0xf9, 0x0, 0x0, 0x0, 0x0, 0x0,
    0x9, 0xff, 0xff, 0xff, 0xff, 0xff, 0xff, 0xff,
    0xff, 0xff, 0xf8, 0x0, 0x0, 0x0, 0x0, 0x0,
    0x0, 0x5, 0xef, 0xff, 0xff, 0xff, 0xff, 0xff,
    0xff, 0xff, 0xe4, 0x0, 0x0, 0x0, 0x0, 0x0,
    0x0, 0x0, 0x0, 0x7e, 0xff, 0xff, 0xff, 0xff,
    0xff, 0xfe, 0x70, 0x0, 0x0, 0x0, 0x0, 0x0,
    0x0, 0x0, 0x0, 0x0, 0x4, 0x8b, 0xef, 0xff,
    0xdb, 0x83, 0x0, 0x0, 0x0, 0x0, 0x0, 0x0,

    /* U+00D5 "Õ" */
    0x0, 0x0, 0x0, 0x0, 0x0, 0x19, 0xef, 0xd8,
    0x10, 0x0, 0x6f, 0xff, 0x10, 0x0, 0x0, 0x0,
    0x0, 0x0, 0x0, 0x0, 0x0, 0x1d, 0xff, 0xff,
    0xff, 0x81, 0x1d, 0xff, 0xf0, 0x0, 0x0, 0x0,
    0x0, 0x0, 0x0, 0x0, 0x0, 0x9, 0xff, 0xff,
    0xff, 0xff, 0xff, 0xff, 0xfb, 0x0, 0x0, 0x0,
    0x0, 0x0, 0x0, 0x0, 0x0, 0x0, 0xef, 0xff,
    0xcd, 0xff, 0xff, 0xff, 0xff, 0x40, 0x0, 0x0,
    0x0, 0x0, 0x0, 0x0, 0x0, 0x0, 0x2f, 0xff,
    0x90, 0x4, 0xcf, 0xff, 0xff, 0x80, 0x0, 0x0,
    0x0, 0x0, 0x0, 0x0, 0x0, 0x0, 0x2, 0xbb,
    0xb3, 0x0, 0x0, 0x49, 0xa9, 0x40, 0x0, 0x0,
    0x0, 0x0, 0x0, 0x0, 0x0, 0x0, 0x0, 0x0,
    0x0, 0x0, 0x0, 0x0, 0x0, 0x0, 0x0, 0x0,
    0x0, 0x0, 0x0, 0x0, 0x0, 0x0, 0x0, 0x0,
    0x0, 0x0, 0x0, 0x0, 0x0, 0x0, 0x0, 0x0,
    0x0, 0x0, 0x0, 0x0, 0x0, 0x0, 0x0, 0x0,
    0x0, 0x0, 0x0, 0x0, 0x0, 0x0, 0x0, 0x0,
    0x0, 0x0, 0x0, 0x0, 0x0, 0x0, 0x0, 0x0,
    0x0, 0x0, 0x0, 0x0, 0x0, 0x0, 0x0, 0x0,
    0x0, 0x0, 0x0, 0x0, 0x0, 0x0, 0x0, 0x0,
    0x0, 0x0, 0x4, 0x8b, 0xef, 0xfe, 0xdb, 0x83,
    0x0, 0x0, 0x0, 0x0, 0x0, 0x0, 0x0, 0x0,
    0x0, 0x0, 0x7e, 0xff, 0xff, 0xff, 0xff, 0xff,
    0xfe, 0x60, 0x0, 0x0, 0x0, 0x0, 0x0, 0x0,
    0x0, 0x5, 0xef, 0xff, 0xff, 0xff, 0xff, 0xff,
    0xff, 0xff, 0xe4, 0x0, 0x0, 0x0, 0x0, 0x0,
    0x0, 0x9, 0xff, 0xff, 0xff, 0xff, 0xff, 0xff,
    0xff, 0xff, 0xff, 0xf8, 0x0, 0x0, 0x0, 0x0,
    0x0, 0xa, 0xff, 0xff, 0xff, 0xff, 0xff, 0xff,
    0xff, 0xff, 0xff, 0xff, 0xf9, 0x0, 0x0, 0x0,
    0x0, 0x9, 0xff, 0xff, 0xff, 0xff, 0xfe, 0xcb,
    0xce, 0xff, 0xff, 0xff, 0xff, 0xf7, 0x0, 0x0,
    0x0, 0x5, 0xff, 0xff, 0xff, 0xff, 0x93, 0x0,
    0x0, 0x3, 0x9f, 0xff, 0xff, 0xff, 0xf4, 0x0,
    0x0, 0x1, 0xef, 0xff, 0xff, 0xfc, 0x20, 0x0,
    0x0, 0x0, 0x0, 0x3d, 0xff, 0xff, 0xff, 0xd0,
    0x0, 0x0, 0x8f, 0xff, 0xff, 0xfc, 0x10, 0x0,
    0x0, 0x0, 0x0, 0x0, 0x1d, 0xff, 0xff, 0xff,
    0x70, 0x0, 0xf, 0xff, 0xff, 0xfe, 0x10, 0x0,
    0x0, 0x0, 0x0, 0x0, 0x0, 0x2f, 0xff, 0xff,
    0xfe, 0x0, 0x6, 0xff, 0xff, 0xff, 0x50, 0x0,
    0x0, 0x0, 0x0, 0x0, 0x0, 0x0, 0x7f, 0xff,
    0xff, 0xf4, 0x0, 0xbf, 0xff, 0xff, 0xe0, 0x0,
    0x0, 0x0, 0x0, 0x0, 0x0, 0x0, 0x0, 0xff,
    0xff, 0xff, 0x90, 0xf, 0xff, 0xff, 0xf7, 0x0,
    0x0, 0x0, 0x0, 0x0, 0x0, 0x0, 0x0, 0x9,
    0xff, 0xff, 0xfe, 0x2, 0xff, 0xff, 0xff, 0x30,
    0x0, 0x0, 0x0, 0x0, 0x0, 0x0, 0x0, 0x0,
    0x5f, 0xff, 0xff, 0xf1, 0x5f, 0xff, 0xff, 0xf0,
    0x0, 0x0, 0x0, 0x0, 0x0, 0x0, 0x0, 0x0,
    0x2, 0xff, 0xff, 0xff, 0x37, 0xff, 0xff, 0xfd,
    0x0, 0x0, 0x0, 0x0, 0x0, 0x0, 0x0, 0x0,
    0x0, 0xf, 0xff, 0xff, 0xf5, 0x8f, 0xff, 0xff,
    0xc0, 0x0, 0x0, 0x0, 0x0, 0x0, 0x0, 0x0,
    0x0, 0x0, 0xef, 0xff, 0xff, 0x68, 0xff, 0xff,
    0xfb, 0x0, 0x0, 0x0, 0x0, 0x0, 0x0, 0x0,
    0x0, 0x0, 0xd, 0xff, 0xff, 0xf7, 0x8f, 0xff,
    0xff, 0xb0, 0x0, 0x0, 0x0, 0x0, 0x0, 0x0,
    0x0, 0x0, 0x0, 0xdf, 0xff, 0xff, 0x78, 0xff,
    0xff, 0xfc, 0x0, 0x0, 0x0, 0x0, 0x0, 0x0,
    0x0, 0x0, 0x0, 0xe, 0xff, 0xff, 0xf6, 0x7f,
    0xff, 0xff, 0xd0, 0x0, 0x0, 0x0, 0x0, 0x0,
    0x0, 0x0, 0x0, 0x0, 0xff, 0xff, 0xff, 0x55,
    0xff, 0xff, 0xff, 0x0, 0x0, 0x0, 0x0, 0x0,
    0x0, 0x0, 0x0, 0x0, 0x2f, 0xff, 0xff, 0xf3,
    0x2f, 0xff, 0xff, 0xf3, 0x0, 0x0, 0x0, 0x0,
    0x0, 0x0, 0x0, 0x0, 0x5, 0xff, 0xff, 0xff,
    0x10, 0xff, 0xff, 0xff, 0x70, 0x0, 0x0, 0x0,
    0x0, 0x0, 0x0, 0x0, 0x0, 0x9f, 0xff, 0xff,
    0xe0, 0xb, 0xff, 0xff, 0xfe, 0x0, 0x0, 0x0,
    0x0, 0x0, 0x0, 0x0, 0x0, 0xf, 0xff, 0xff,
    0xf9, 0x0, 0x6f, 0xff, 0xff, 0xf5, 0x0, 0x0,
    0x0, 0x0, 0x0, 0x0, 0x0, 0x7, 0xff, 0xff,
    0xff, 0x40, 0x0, 0xff, 0xff, 0xff, 0xe1, 0x0,
    0x0, 0x0, 0x0, 0x0, 0x0, 0x2, 0xff, 0xff,
    0xff, 0xe0, 0x0, 0x8, 0xff, 0xff, 0xff, 0xc0,
    0x0, 0x0, 0x0, 0x0, 0x0, 0x1, 0xdf, 0xff,
    0xff, 0xf7, 0x0, 0x0, 0x1e, 0xff, 0xff, 0xff,
    0xc2, 0x0, 0x0, 0x0, 0x0, 0x3, 0xdf, 0xff,
    0xff, 0xfd, 0x0, 0x0, 0x0, 0x5f, 0xff, 0xff,
    0xff, 0xf8, 0x30, 0x0, 0x0, 0x39, 0xff, 0xff,
    0xff, 0xff, 0x40, 0x0, 0x0, 0x0, 0x9f, 0xff,
    0xff, 0xff, 0xff, 0xec, 0xbc, 0xef, 0xff, 0xff,
    0xff, 0xff, 0x80, 0x0, 0x0, 0x0, 0x0, 0xbf,
    0xff, 0xff, 0xff, 0xff, 0xff, 0xff, 0xff, 0xff,
    0xff, 0xff, 0x90, 0x0, 0x0, 0x0, 0x0, 0x0,
    0x9f, 0xff, 0xff, 0xff, 0xff, 0xff, 0xff, 0xff,
    0xff, 0xff, 0x80, 0x0, 0x0, 0x0, 0x0, 0x0,
    0x0, 0x5e, 0xff, 0xff, 0xff, 0xff, 0xff, 0xff,
    0xff, 0xfe, 0x40, 0x0, 0x0, 0x0, 0x0, 0x0,
    0x0, 0x0, 0x7, 0xef, 0xff, 0xff, 0xff, 0xff,
    0xff, 0xe7, 0x0, 0x0, 0x0, 0x0, 0x0, 0x0,
    0x0, 0x0, 0x0, 0x0, 0x48, 0xbe, 0xff, 0xfd,
    0xb8, 0x30, 0x0, 0x0, 0x0, 0x0, 0x0,

    /* U+00D6 "Ö" */
    0x0, 0x0, 0x0, 0x0, 0x0, 0x57, 0x40, 0x0,
    0x0, 0x0, 0x47, 0x50, 0x0, 0x0, 0x0, 0x0,
    0x0, 0x0, 0x0, 0x0, 0x1, 0xdf, 0xff, 0x90,
    0x0, 0x0, 0xbf, 0xff, 0xc0, 0x0, 0x0, 0x0,
    0x0, 0x0, 0x0, 0x0, 0x0, 0x9f, 0xff, 0xff,
    0x50, 0x0, 0x6f, 0xff, 0xff, 0x80, 0x0, 0x0,
    0x0, 0x0, 0x0, 0x0, 0x0, 0xd, 0xff, 0xff,
    0xf9, 0x0, 0xa, 0xff, 0xff, 0xfc, 0x0, 0x0,
    0x0, 0x0, 0x0, 0x0, 0x0, 0x0, 0xbf, 0xff,
    0xff, 0x70, 0x0, 0x8f, 0xff, 0xff, 0xb0, 0x0,
    0x0, 0x0, 0x0, 0x0, 0x0, 0x0, 0x5, 0xff,
    0xff, 0xe1, 0x0, 0x2, 0xff, 0xff, 0xf4, 0x0,
    0x0, 0x0, 0x0, 0x0, 0x0, 0x0, 0x0, 0x5,
    0xdf, 0xb2, 0x0, 0x0, 0x3, 0xcf, 0xd4, 0x0,
    0x0, 0x0, 0x0, 0x0, 0x0, 0x0, 0x0, 0x0,
    0x0, 0x0, 0x0, 0x0, 0x0, 0x0, 0x0, 0x0,
    0x0, 0x0, 0x0, 0x0, 0x0, 0x0, 0x0, 0x0,
    0x0, 0x0, 0x0, 0x0, 0x0, 0x0, 0x0, 0x0,
    0x0, 0x0, 0x0, 0x0, 0x0, 0x0, 0x0, 0x0,
    0x0, 0x0, 0x0, 0x0, 0x0, 0x0, 0x0, 0x0,
    0x0, 0x0, 0x0, 0x0, 0x0, 0x0, 0x0, 0x0,
    0x0, 0x0, 0x0, 0x0, 0x0, 0x0, 0x0, 0x0,
    0x0, 0x0, 0x0, 0x0, 0x0, 0x0, 0x0, 0x0,
    0x0, 0x0, 0x0, 0x48, 0xbe, 0xff, 0xed, 0xb8,
    0x30, 0x0, 0x0, 0x0, 0x0, 0x0, 0x0, 0x0,
    0x0, 0x0, 0x7, 0xef, 0xff, 0xff, 0xff, 0xff,
    0xff, 0xe6, 0x0, 0x0, 0x0, 0x0, 0x0, 0x0,
    0x0, 0x0, 0x5e, 0xff, 0xff, 0xff, 0xff, 0xff,
    0xff, 0xff, 0xfe, 0x40, 0x0, 0x0, 0x0, 0x0,
    0x0, 0x0, 0x9f, 0xff, 0xff, 0xff, 0xff, 0xff,
    0xff, 0xff, 0xff, 0xff, 0x80, 0x0, 0x0, 0x0,
    0x0, 0x0, 0xaf, 0xff, 0xff, 0xff, 0xff, 0xff,
    0xff, 0xff, 0xff, 0xff, 0xff, 0x90, 0x0, 0x0,
    0x0, 0x0, 0x9f, 0xff, 0xff, 0xff, 0xff, 0xec,
    0xbc, 0xef, 0xff, 0xff, 0xff, 0xff, 0x70, 0x0,
    0x0, 0x0, 0x5f, 0xff, 0xff, 0xff, 0xf9, 0x30,
    0x0, 0x0, 0x39, 0xff, 0xff, 0xff, 0xff, 0x40,
    0x0, 0x0, 0x1e, 0xff, 0xff, 0xff, 0xc2, 0x0,
    0x0, 0x0, 0x0, 0x3, 0xdf, 0xff, 0xff, 0xfd,
    0x0, 0x0, 0x8, 0xff, 0xff, 0xff, 0xc1, 0x0,
    0x0, 0x0, 0x0, 0x0, 0x1, 0xdf, 0xff, 0xff,
    0xf7, 0x0, 0x0, 0xff, 0xff, 0xff, 0xe1, 0x0,
    0x0, 0x0, 0x0, 0x0, 0x0, 0x2, 0xff, 0xff,
    0xff, 0xe0, 0x0, 0x6f, 0xff, 0xff, 0xf5, 0x0,
    0x0, 0x0, 0x0, 0x0, 0x0, 0x0, 0x7, 0xff,
    0xff, 0xff, 0x40, 0xb, 0xff, 0xff, 0xfe, 0x0,
    0x0, 0x0, 0x0, 0x0, 0x0, 0x0, 0x0, 0xf,
    0xff, 0xff, 0xf9, 0x0, 0xff, 0xff, 0xff, 0x70,
    0x0, 0x0, 0x0, 0x0, 0x0, 0x0, 0x0, 0x0,
    0x9f, 0xff, 0xff, 0xe0, 0x2f, 0xff, 0xff, 0xf3,
    0x0, 0x0, 0x0, 0x0, 0x0, 0x0, 0x0, 0x0,
    0x5, 0xff, 0xff, 0xff, 0x15, 0xff, 0xff, 0xff,
    0x0, 0x0, 0x0, 0x0, 0x0, 0x0, 0x0, 0x0,
    0x0, 0x2f, 0xff, 0xff, 0xf3, 0x7f, 0xff, 0xff,
    0xd0, 0x0, 0x0, 0x0, 0x0, 0x0, 0x0, 0x0,
    0x0, 0x0, 0xff, 0xff, 0xff, 0x58, 0xff, 0xff,
    0xfc, 0x0, 0x0, 0x0, 0x0, 0x0, 0x0, 0x0,
    0x0, 0x0, 0xe, 0xff, 0xff, 0xf6, 0x8f, 0xff,
    0xff, 0xb0, 0x0, 0x0, 0x0, 0x0, 0x0, 0x0,
    0x0, 0x0, 0x0, 0xdf, 0xff, 0xff, 0x78, 0xff,
    0xff, 0xfb, 0x0, 0x0, 0x0, 0x0, 0x0, 0x0,
    0x0, 0x0, 0x0, 0xd, 0xff, 0xff, 0xf7, 0x8f,
    0xff, 0xff, 0xc0, 0x0, 0x0, 0x0, 0x0, 0x0,
    0x0, 0x0, 0x0, 0x0, 0xef, 0xff, 0xff, 0x67,
    0xff, 0xff, 0xfd, 0x0, 0x0, 0x0, 0x0, 0x0,
    0x0, 0x0, 0x0, 0x0, 0xf, 0xff, 0xff, 0xf5,
    0x5f, 0xff, 0xff, 0xf0, 0x0, 0x0, 0x0, 0x0,
    0x0, 0x0, 0x0, 0x0, 0x2, 0xff, 0xff, 0xff,
    0x32, 0xff, 0xff, 0xff, 0x30, 0x0, 0x0, 0x0,
    0x0, 0x0, 0x0, 0x0, 0x0, 0x5f, 0xff, 0xff,
    0xf1, 0xf, 0xff, 0xff, 0xf7, 0x0, 0x0, 0x0,
    0x0, 0x0, 0x0, 0x0, 0x0, 0x9, 0xff, 0xff,
    0xfe, 0x0, 0xbf, 0xff, 0xff, 0xe0, 0x0, 0x0,
    0x0, 0x0, 0x0, 0x0, 0x0, 0x0, 0xff, 0xff,
    0xff, 0x90, 0x6, 0xff, 0xff, 0xff, 0x50, 0x0,
    0x0, 0x0, 0x0, 0x0, 0x0, 0x0, 0x7f, 0xff,
    0xff, 0xf4, 0x0, 0xf, 0xff, 0xff, 0xfe, 0x10,
    0x0, 0x0, 0x0, 0x0, 0x0, 0x0, 0x2f, 0xff,
    0xff, 0xfe, 0x0, 0x0, 0x8f, 0xff, 0xff, 0xfc,
    0x0, 0x0, 0x0, 0x0, 0x0, 0x0, 0x1d, 0xff,
    0xff, 0xff, 0x70, 0x0, 0x1, 0xef, 0xff, 0xff,
    0xfc, 0x20, 0x0, 0x0, 0x0, 0x0, 0x3d, 0xff,
    0xff, 0xff, 0xd0, 0x0, 0x0, 0x5, 0xff, 0xff,
    0xff, 0xff, 0x83, 0x0, 0x0, 0x3, 0x9f, 0xff,
    0xff, 0xff, 0xf4, 0x0, 0x0, 0x0, 0x9, 0xff,
    0xff, 0xff, 0xff, 0xfe, 0xcb, 0xce, 0xff, 0xff,
    0xff, 0xff, 0xf8, 0x0, 0x0, 0x0, 0x0, 0xb,
    0xff, 0xff, 0xff, 0xff, 0xff, 0xff, 0xff, 0xff,
    0xff, 0xff, 0xf9, 0x0, 0x0, 0x0, 0x0, 0x0,
    0x9, 0xff, 0xff, 0xff, 0xff, 0xff, 0xff, 0xff,
    0xff, 0xff, 0xf8, 0x0, 0x0, 0x0, 0x0, 0x0,
    0x0, 0x5, 0xef, 0xff, 0xff, 0xff, 0xff, 0xff,
    0xff, 0xff, 0xe4, 0x0, 0x0, 0x0, 0x0, 0x0,
    0x0, 0x0, 0x0, 0x7e, 0xff, 0xff, 0xff, 0xff,
    0xff, 0xfe, 0x70, 0x0, 0x0, 0x0, 0x0, 0x0,
    0x0, 0x0, 0x0, 0x0, 0x4, 0x8b, 0xef, 0xff,
    0xdb, 0x83, 0x0, 0x0, 0x0, 0x0, 0x0, 0x0,

    /* U+00D7 "×" */
    0x0, 0x0, 0x0, 0x0, 0x0, 0x0, 0x0, 0x0,
    0x0, 0x0, 0x0, 0x0, 0x0, 0x0, 0x8c, 0x0,
    0x0, 0x0, 0x0, 0x0, 0x0, 0x0, 0x6d, 0x10,
    0x0, 0x0, 0x8f, 0xfc, 0x0, 0x0, 0x0, 0x0,
    0x0, 0x0, 0x6f, 0xfd, 0x10, 0x0, 0x8f, 0xff,
    0xfc, 0x0, 0x0, 0x0, 0x0, 0x0, 0x6f, 0xff,
    0xfd, 0x10, 0x6f, 0xff, 0xff, 0xfb, 0x0, 0x0,
    0x0, 0x0, 0x5f, 0xff, 0xff, 0xfc, 0x1, 0xdf,
    0xff, 0xff, 0xfb, 0x0, 0x0, 0x0, 0x5f, 0xff,
    0xff, 0xff, 0x50, 0x1, 0xdf, 0xff, 0xff, 0xfb,
    0x0, 0x0, 0x5f, 0xff, 0xff, 0xff, 0x50, 0x0,
    0x1, 0xdf, 0xff, 0xff, 0xfa, 0x0, 0x4f, 0xff,
    0xff, 0xff, 0x50, 0x0, 0x0, 0x1, 0xdf, 0xff,
    0xff, 0xfa, 0x4f, 0xff, 0xff, 0xff, 0x50, 0x0,
    0x0, 0x0, 0x1, 0xdf, 0xff, 0xff, 0xff, 0xff,
    0xff, 0xff, 0x60, 0x0, 0x0, 0x0, 0x0, 0x2,
    0xef, 0xff, 0xff, 0xff, 0xff, 0xff, 0x60, 0x0,
    0x0, 0x0, 0x0, 0x0, 0x2, 0xef, 0xff, 0xff,
    0xff, 0xff, 0x60, 0x0, 0x0, 0x0, 0x0, 0x0,
    0x0, 0x2, 0xef, 0xff, 0xff, 0xff, 0x60, 0x0,
    0x0, 0x0, 0x0, 0x0, 0x0, 0x0, 0x3f, 0xff,
    0xff, 0xff, 0xf9, 0x0, 0x0, 0x0, 0x0, 0x0,
    0x0, 0x0, 0x3f, 0xff, 0xff, 0xff, 0xff, 0xf8,
    0x0, 0x0, 0x0, 0x0, 0x0, 0x0, 0x3f, 0xff,
    0xff, 0xff, 0xff, 0xff, 0xf8, 0x0, 0x0, 0x0,
    0x0, 0x0, 0x3e, 0xff, 0xff, 0xff, 0xff, 0xff,
    0xff, 0xf8, 0x0, 0x0, 0x0, 0x0, 0x2e, 0xff,
    0xff, 0xff, 0x83, 0xef, 0xff, 0xff, 0xf7, 0x0,
    0x0, 0x0, 0x2e, 0xff, 0xff, 0xff, 0x80, 0x3,
    0xef, 0xff, 0xff, 0xf7, 0x0, 0x0, 0x2e, 0xff,
    0xff, 0xff, 0x80, 0x0, 0x3, 0xff, 0xff, 0xff,
    0xf7, 0x0, 0x2e, 0xff, 0xff, 0xff, 0x90, 0x0,
    0x0, 0x3, 0xff, 0xff, 0xff, 0xf6, 0x5, 0xff,
    0xff, 0xff, 0x90, 0x0, 0x0, 0x0, 0x3, 0xff,
    0xff, 0xff, 0xb0, 0x5, 0xff, 0xff, 0x90, 0x0,
    0x0, 0x0, 0x0, 0x3, 0xff, 0xff, 0xb0, 0x0,
    0x5, 0xff, 0x90, 0x0, 0x0, 0x0, 0x0, 0x0,
    0x4, 0xff, 0xb0, 0x0, 0x0, 0x6, 0xa0, 0x0,
    0x0, 0x0, 0x0, 0x0, 0x0, 0x4, 0xb0, 0x0,
    0x0, 0x0, 0x0, 0x0, 0x0, 0x0, 0x0, 0x0,
    0x0, 0x0, 0x0, 0x0, 0x0,

    /* U+00D8 "Ø" */
    0x0, 0x0, 0x0, 0x0, 0x0, 0x0, 0x0, 0x0,
    0x0, 0x0, 0x0, 0x0, 0x0, 0x2a, 0x10, 0x0,
    0x0, 0x0, 0x0, 0x0, 0x0, 0x0, 0x48, 0xbe,
    0xff, 0xed, 0xb8, 0x30, 0x0, 0xc, 0xfe, 0x40,
    0x0, 0x0, 0x0, 0x0, 0x0, 0x7, 0xef, 0xff,
    0xff, 0xff, 0xff, 0xff, 0xe6, 0x7, 0xff, 0xff,
    0x40, 0x0, 0x0, 0x0, 0x0, 0x5e, 0xff, 0xff,
    0xff, 0xff, 0xff, 0xff, 0xff, 0xff, 0xff, 0xff,
    0xc0, 0x0, 0x0, 0x0, 0x0, 0x9f, 0xff, 0xff,
    0xff, 0xff, 0xff, 0xff, 0xff, 0xff, 0xff, 0xff,
    0xf2, 0x0, 0x0, 0x0, 0x0, 0xaf, 0xff, 0xff,
    0xff, 0xff, 0xff, 0xff, 0xff, 0xff, 0xff, 0xff,
    0xf6, 0x0, 0x0, 0x0, 0x0, 0x9f, 0xff, 0xff,
    0xff, 0xff, 0xec, 0xbc, 0xef, 0xff, 0xff, 0xff,
    0xff, 0x70, 0x0, 0x0, 0x0, 0x5f, 0xff, 0xff,
    0xff, 0xf9, 0x30, 0x0, 0x0, 0x39, 0xff, 0xff,
    0xff, 0xff, 0x40, 0x0, 0x0, 0x1e, 0xff, 0xff,
    0xff, 0xc2, 0x0, 0x0, 0x0, 0x0, 0xd, 0xff,
    0xff, 0xff, 0xfd, 0x0, 0x0, 0x8, 0xff, 0xff,
    0xff, 0xc1, 0x0, 0x0, 0x0, 0x0, 0x5, 0xff,
    0xff, 0xff, 0xff, 0xf7, 0x0, 0x0, 0xff, 0xff,
    0xff, 0xe1, 0x0, 0x0, 0x0, 0x0, 0x1, 0xff,
    0xff, 0xff, 0xff, 0xff, 0xe0, 0x0, 0x6f, 0xff,
    0xff, 0xf5, 0x0, 0x0, 0x0, 0x0, 0x0, 0xcf,
    0xff, 0xfa, 0xff, 0xff, 0xff, 0x40, 0xb, 0xff,
    0xff, 0xfe, 0x0, 0x0, 0x0, 0x0, 0x0, 0x7f,
    0xff, 0xf8, 0xf, 0xff, 0xff, 0xf9, 0x0, 0xff,
    0xff, 0xff, 0x70, 0x0, 0x0, 0x0, 0x0, 0x2f,
    0xff, 0xfc, 0x0, 0x9f, 0xff, 0xff, 0xe0, 0x2f,
    0xff, 0xff, 0xf3, 0x0, 0x0, 0x0, 0x0, 0xd,
    0xff, 0xff, 0x20, 0x5, 0xff, 0xff, 0xff, 0x15,
    0xff, 0xff, 0xff, 0x0, 0x0, 0x0, 0x0, 0x8,
    0xff, 0xff, 0x60, 0x0, 0x2f, 0xff, 0xff, 0xf3,
    0x7f, 0xff, 0xff, 0xd0, 0x0, 0x0, 0x0, 0x4,
    0xff, 0xff, 0xb0, 0x0, 0x0, 0xff, 0xff, 0xff,
    0x58, 0xff, 0xff, 0xfc, 0x0, 0x0, 0x0, 0x1,
    0xef, 0xff, 0xe1, 0x0, 0x0, 0xe, 0xff, 0xff,
    0xf6, 0x8f, 0xff, 0xff, 0xb0, 0x0, 0x0, 0x0,
    0xaf, 0xff, 0xf5, 0x0, 0x0, 0x0, 0xdf, 0xff,
    0xff, 0x78, 0xff, 0xff, 0xfb, 0x0, 0x0, 0x0,
    0x5f, 0xff, 0xf9, 0x0, 0x0, 0x0, 0xd, 0xff,
    0xff, 0xf7, 0x8f, 0xff, 0xff, 0xc0, 0x0, 0x0,
    0x1e, 0xff, 0xfd, 0x0, 0x0, 0x0, 0x0, 0xef,
    0xff, 0xff, 0x67, 0xff, 0xff, 0xfd, 0x0, 0x0,
    0xb, 0xff, 0xff, 0x30, 0x0, 0x0, 0x0, 0xf,
    0xff, 0xff, 0xf5, 0x5f, 0xff, 0xff, 0xf0, 0x0,
    0x7, 0xff, 0xff, 0x80, 0x0, 0x0, 0x0, 0x2,
    0xff, 0xff, 0xff, 0x32, 0xff, 0xff, 0xff, 0x30,
    0x2, 0xff, 0xff, 0xc0, 0x0, 0x0, 0x0, 0x0,
    0x5f, 0xff, 0xff, 0xf1, 0xf, 0xff, 0xff, 0xf7,
    0x0, 0xdf, 0xff, 0xf2, 0x0, 0x0, 0x0, 0x0,
    0x9, 0xff, 0xff, 0xfe, 0x0, 0xbf, 0xff, 0xff,
    0xe0, 0x8f, 0xff, 0xf6, 0x0, 0x0, 0x0, 0x0,
    0x0, 0xff, 0xff, 0xff, 0x90, 0x6, 0xff, 0xff,
    0xff, 0x9f, 0xff, 0xfb, 0x0, 0x0, 0x0, 0x0,
    0x0, 0x7f, 0xff, 0xff, 0xf4, 0x0, 0xf, 0xff,
    0xff, 0xff, 0xff, 0xfe, 0x10, 0x0, 0x0, 0x0,
    0x0, 0x2f, 0xff, 0xff, 0xfe, 0x0, 0x0, 0x8f,
    0xff, 0xff, 0xff, 0xff, 0x50, 0x0, 0x0, 0x0,
    0x0, 0x1d, 0xff, 0xff, 0xff, 0x70, 0x0, 0x1,
    0xef, 0xff, 0xff, 0xff, 0xc0, 0x0, 0x0, 0x0,
    0x0, 0x3d, 0xff, 0xff, 0xff, 0xd0, 0x0, 0x0,
    0x5, 0xff, 0xff, 0xff, 0xff, 0x83, 0x0, 0x0,
    0x3, 0x9f, 0xff, 0xff, 0xff, 0xf4, 0x0, 0x0,
    0x0, 0x9, 0xff, 0xff, 0xff, 0xff, 0xfe, 0xcb,
    0xce, 0xff, 0xff, 0xff, 0xff, 0xf8, 0x0, 0x0,
    0x0, 0x0, 0x7f, 0xff, 0xff, 0xff, 0xff, 0xff,
    0xff, 0xff, 0xff, 0xff, 0xff, 0xf9, 0x0, 0x0,
    0x0, 0x0, 0x2f, 0xff, 0xff, 0xff, 0xff, 0xff,
    0xff, 0xff, 0xff, 0xff, 0xff, 0xf8, 0x0, 0x0,
    0x0, 0x0, 0xc, 0xff, 0xff, 0xff, 0xff, 0xff,
    0xff, 0xff, 0xff, 0xff, 0xff, 0xe4, 0x0, 0x0,
    0x0, 0x0, 0x5, 0xff, 0xff, 0x70, 0x7e, 0xff,
    0xff, 0xff, 0xff, 0xff, 0xfe, 0x70, 0x0, 0x0,
    0x0, 0x0, 0x0, 0x5, 0xef, 0xb0, 0x0, 0x4,
    0x8b, 0xef, 0xff, 0xdb, 0x83, 0x0, 0x0, 0x0,
    0x0, 0x0, 0x0, 0x0, 0x1, 0xa1, 0x0, 0x0,
    0x0, 0x0, 0x0, 0x0, 0x0, 0x0, 0x0, 0x0,
    0x0, 0x0, 0x0,

    /* U+00D9 "Ù" */
    0x0, 0x0, 0x0, 0x0, 0x44, 0x44, 0x43, 0x0,
    0x0, 0x0, 0x0, 0x0, 0x0, 0x0, 0x0, 0x0,
    0x0, 0x0, 0xb, 0xff, 0xff, 0xf1, 0x0, 0x0,
    0x0, 0x0, 0x0, 0x0, 0x0, 0x0, 0x0, 0x0,
    0x0, 0x1f, 0xff, 0xff, 0x80, 0x0, 0x0, 0x0,
    0x0, 0x0, 0x0, 0x0, 0x0, 0x0, 0x0, 0x0,
    0x6f, 0xff, 0xfe, 0x0, 0x0, 0x0, 0x0, 0x0,
    0x0, 0x0, 0x0, 0x0, 0x0, 0x0, 0x0, 0xcf,
    0xff, 0xf6, 0x0, 0x0, 0x0, 0x0, 0x0, 0x0,
    0x0, 0x0, 0x0, 0x0, 0x0, 0x2, 0xff, 0xff,
    0xd0, 0x0, 0x0, 0x0, 0x0, 0x0, 0x0, 0x0,
    0x0, 0x0, 0x0, 0x0, 0x7, 0xff, 0xff, 0x40,
    0x0, 0x0, 0x0, 0x0, 0x0, 0x0, 0x0, 0x0,
    0x0, 0x0, 0x0, 0xc, 0xff, 0xfb, 0x0, 0x0,
    0x0, 0x0, 0x0, 0x0, 0x0, 0x0, 0x0, 0x0,
    0x0, 0x0, 0x0, 0x0, 0x0, 0x0, 0x0, 0x0,
    0x0, 0x0, 0x0, 0x0, 0x0, 0x0, 0x0, 0x0,
    0x0, 0x0, 0x0, 0x0, 0x0, 0x0, 0x0, 0x0,
    0x0, 0x0, 0x0, 0x0, 0x0, 0x0, 0x0, 0x0,
    0x0, 0x0, 0x0, 0x0, 0x0, 0x0, 0x0, 0x7,
    0xff, 0xff, 0xfc, 0x0, 0x0, 0x0, 0x0, 0x0,
    0x0, 0x0, 0x6, 0xff, 0xff, 0xfd, 0x7f, 0xff,
    0xff, 0xc0, 0x0, 0x0, 0x0, 0x0, 0x0, 0x0,
    0x0, 0x6f, 0xff, 0xff, 0xd7, 0xff, 0xff, 0xfc,
    0x0, 0x0, 0x0, 0x0, 0x0, 0x0, 0x0, 0x6,
    0xff, 0xff, 0xfd, 0x7f, 0xff, 0xff, 0xc0, 0x0,
    0x0, 0x0, 0x0, 0x0, 0x0, 0x0, 0x6f, 0xff,
    0xff, 0xd7, 0xff, 0xff, 0xfc, 0x0, 0x0, 0x0,
    0x0, 0x0, 0x0, 0x0, 0x6, 0xff, 0xff, 0xfd,
    0x7f, 0xff, 0xff, 0xc0, 0x0, 0x0, 0x0, 0x0,
    0x0, 0x0, 0x0, 0x6f, 0xff, 0xff, 0xd7, 0xff,
    0xff, 0xfc, 0x0, 0x0, 0x0, 0x0, 0x0, 0x0,
    0x0, 0x6, 0xff, 0xff, 0xfd, 0x7f, 0xff, 0xff,
    0xc0, 0x0, 0x0, 0x0, 0x0, 0x0, 0x0, 0x0,
    0x6f, 0xff, 0xff, 0xd7, 0xff, 0xff, 0xfc, 0x0,
    0x0, 0x0, 0x0, 0x0, 0x0, 0x0, 0x6, 0xff,
    0xff, 0xfd, 0x7f, 0xff, 0xff, 0xc0, 0x0, 0x0,
    0x0, 0x0, 0x0, 0x0, 0x0, 0x6f, 0xff, 0xff,
    0xd7, 0xff, 0xff, 0xfc, 0x0, 0x0, 0x0, 0x0,
    0x0, 0x0, 0x0, 0x6, 0xff, 0xff, 0xfd, 0x7f,
    0xff, 0xff, 0xc0, 0x0, 0x0, 0x0, 0x0, 0x0,
    0x0, 0x0, 0x6f, 0xff, 0xff, 0xd7, 0xff, 0xff,
    0xfc, 0x0, 0x0, 0x0, 0x0, 0x0, 0x0, 0x0,
    0x6, 0xff, 0xff, 0xfd, 0x7f, 0xff, 0xff, 0xc0,
    0x0, 0x0, 0x0, 0x0, 0x0, 0x0, 0x0, 0x6f,
    0xff, 0xff, 0xd7, 0xff, 0xff, 0xfc, 0x0, 0x0,
    0x0, 0x0, 0x0, 0x0, 0x0, 0x6, 0xff, 0xff,
    0xfd, 0x7f, 0xff, 0xff, 0xc0, 0x0, 0x0, 0x0,
    0x0, 0x0, 0x0, 0x0, 0x6f, 0xff, 0xff, 0xd7,
    0xff, 0xff, 0xfc, 0x0, 0x0, 0x0, 0x0, 0x0,
    0x0, 0x0, 0x6, 0xff, 0xff, 0xfd, 0x7f, 0xff,
    0xff, 0xc0, 0x0, 0x0, 0x0, 0x0, 0x0, 0x0,
    0x0, 0x6f, 0xff, 0xff, 0xd7, 0xff, 0xff, 0xfc,
    0x0, 0x0, 0x0, 0x0, 0x0, 0x0, 0x0, 0x6,
    0xff, 0xff, 0xfd, 0x7f, 0xff, 0xff, 0xc0, 0x0,
    0x0, 0x0, 0x0, 0x0, 0x0, 0x0, 0x6f, 0xff,
    0xff, 0xd7, 0xff, 0xff, 0xfc, 0x0, 0x0, 0x0,
    0x0, 0x0, 0x0, 0x0, 0x6, 0xff, 0xff, 0xfd,
    0x7f, 0xff, 0xff, 0xc0, 0x0, 0x0, 0x0, 0x0,
    0x0, 0x0, 0x0, 0x6f, 0xff, 0xff, 0xd7, 0xff,
    0xff, 0xfc, 0x0, 0x0, 0x0, 0x0, 0x0, 0x0,
    0x0, 0x6, 0xff, 0xff, 0xfd, 0x7f, 0xff, 0xff,
    0xd0, 0x0, 0x0, 0x0, 0x0, 0x0, 0x0, 0x0,
    0x7f, 0xff, 0xff, 0xd6, 0xff, 0xff, 0xfe, 0x0,
    0x0, 0x0, 0x0, 0x0, 0x0, 0x0, 0x9, 0xff,
    0xff, 0xfc, 0x5f, 0xff, 0xff, 0xf2, 0x0, 0x0,
    0x0, 0x0, 0x0, 0x0, 0x0, 0xcf, 0xff, 0xff,
    0xa2, 0xff, 0xff, 0xff, 0x80, 0x0, 0x0, 0x0,
    0x0, 0x0, 0x0, 0x2f, 0xff, 0xff, 0xf7, 0xe,
    0xff, 0xff, 0xff, 0x10, 0x0, 0x0, 0x0, 0x0,
    0x0, 0xb, 0xff, 0xff, 0xff, 0x30, 0x9f, 0xff,
    0xff, 0xfc, 0x10, 0x0, 0x0, 0x0, 0x0, 0x8,
    0xff, 0xff, 0xff, 0xe0, 0x2, 0xff, 0xff, 0xff,
    0xfd, 0x30, 0x0, 0x0, 0x0, 0x1a, 0xff, 0xff,
    0xff, 0xf7, 0x0, 0x8, 0xff, 0xff, 0xff, 0xff,
    0xc7, 0x43, 0x46, 0xaf, 0xff, 0xff, 0xff, 0xfd,
    0x0, 0x0, 0xc, 0xff, 0xff, 0xff, 0xff, 0xff,
    0xff, 0xff, 0xff, 0xff, 0xff, 0xff, 0x30, 0x0,
    0x0, 0x1d, 0xff, 0xff, 0xff, 0xff, 0xff, 0xff,
    0xff, 0xff, 0xff, 0xff, 0x40, 0x0, 0x0, 0x0,
    0x1b, 0xff, 0xff, 0xff, 0xff, 0xff, 0xff, 0xff,
    0xff, 0xfe, 0x30, 0x0, 0x0, 0x0, 0x0, 0x6,
    0xef, 0xff, 0xff, 0xff, 0xff, 0xff, 0xff, 0xf9,
    0x10, 0x0, 0x0, 0x0, 0x0, 0x0, 0x0, 0x6c,
    0xff, 0xff, 0xff, 0xff, 0xfd, 0x81, 0x0, 0x0,
    0x0, 0x0, 0x0, 0x0, 0x0, 0x0, 0x0, 0x35,
    0x77, 0x76, 0x41, 0x0, 0x0, 0x0, 0x0, 0x0,

    /* U+00DA "Ú" */
    0x0, 0x0, 0x0, 0x0, 0x0, 0x0, 0x0, 0x2,
    0x44, 0x44, 0x41, 0x0, 0x0, 0x0, 0x0, 0x0,
    0x0, 0x0, 0x0, 0x0, 0x0, 0x0, 0xbf, 0xff,
    0xfe, 0x10, 0x0, 0x0, 0x0, 0x0, 0x0, 0x0,
    0x0, 0x0, 0x0, 0x0, 0x3f, 0xff, 0xff, 0x50,
    0x0, 0x0, 0x0, 0x0, 0x0, 0x0, 0x0, 0x0,
    0x0, 0x0, 0xa, 0xff, 0xff, 0xb0, 0x0, 0x0,
    0x0, 0x0, 0x0, 0x0, 0x0, 0x0, 0x0, 0x0,
    0x1, 0xff, 0xff, 0xf1, 0x0, 0x0, 0x0, 0x0,
    0x0, 0x0, 0x0, 0x0, 0x0, 0x0, 0x0, 0x8f,
    0xff, 0xf6, 0x0, 0x0, 0x0, 0x0, 0x0, 0x0,
    0x0, 0x0, 0x0, 0x0, 0x0, 0xe, 0xff, 0xfc,
    0x0, 0x0, 0x0, 0x0, 0x0, 0x0, 0x0, 0x0,
    0x0, 0x0, 0x0, 0x6, 0xff, 0xff, 0x20, 0x0,
    0x0, 0x0, 0x0, 0x0, 0x0, 0x0, 0x0, 0x0,
    0x0, 0x0, 0x0, 0x0, 0x0, 0x0, 0x0, 0x0,
    0x0, 0x0, 0x0, 0x0, 0x0, 0x0, 0x0, 0x0,
    0x0, 0x0, 0x0, 0x0, 0x0, 0x0, 0x0, 0x0,
    0x0, 0x0, 0x0, 0x0, 0x0, 0x0, 0x0, 0x0,
    0x0, 0x0, 0x0, 0x0, 0x0, 0x0, 0x0, 0x7,
    0xff, 0xff, 0xfc, 0x0, 0x0, 0x0, 0x0, 0x0,
    0x0, 0x0, 0x6, 0xff, 0xff, 0xfd, 0x7f, 0xff,
    0xff, 0xc0, 0x0, 0x0, 0x0, 0x0, 0x0, 0x0,
    0x0, 0x6f, 0xff, 0xff, 0xd7, 0xff, 0xff, 0xfc,
    0x0, 0x0, 0x0, 0x0, 0x0, 0x0, 0x0, 0x6,
    0xff, 0xff, 0xfd, 0x7f, 0xff, 0xff, 0xc0, 0x0,
    0x0, 0x0, 0x0, 0x0, 0x0, 0x0, 0x6f, 0xff,
    0xff, 0xd7, 0xff, 0xff, 0xfc, 0x0, 0x0, 0x0,
    0x0, 0x0, 0x0, 0x0, 0x6, 0xff, 0xff, 0xfd,
    0x7f, 0xff, 0xff, 0xc0, 0x0, 0x0, 0x0, 0x0,
    0x0, 0x0, 0x0, 0x6f, 0xff, 0xff, 0xd7, 0xff,
    0xff, 0xfc, 0x0, 0x0, 0x0, 0x0, 0x0, 0x0,
    0x0, 0x6, 0xff, 0xff, 0xfd, 0x7f, 0xff, 0xff,
    0xc0, 0x0, 0x0, 0x0, 0x0, 0x0, 0x0, 0x0,
    0x6f, 0xff, 0xff, 0xd7, 0xff, 0xff, 0xfc, 0x0,
    0x0, 0x0, 0x0, 0x0, 0x0, 0x0, 0x6, 0xff,
    0xff, 0xfd, 0x7f, 0xff, 0xff, 0xc0, 0x0, 0x0,
    0x0, 0x0, 0x0, 0x0, 0x0, 0x6f, 0xff, 0xff,
    0xd7, 0xff, 0xff, 0xfc, 0x0, 0x0, 0x0, 0x0,
    0x0, 0x0, 0x0, 0x6, 0xff, 0xff, 0xfd, 0x7f,
    0xff, 0xff, 0xc0, 0x0, 0x0, 0x0, 0x0, 0x0,
    0x0, 0x0, 0x6f, 0xff, 0xff, 0xd7, 0xff, 0xff,
    0xfc, 0x0, 0x0, 0x0, 0x0, 0x0, 0x0, 0x0,
    0x6, 0xff, 0xff, 0xfd, 0x7f, 0xff, 0xff, 0xc0,
    0x0, 0x0, 0x0, 0x0, 0x0, 0x0, 0x0, 0x6f,
    0xff, 0xff, 0xd7, 0xff, 0xff, 0xfc, 0x0, 0x0,
    0x0, 0x0, 0x0, 0x0, 0x0, 0x6, 0xff, 0xff,
    0xfd, 0x7f, 0xff, 0xff, 0xc0, 0x0, 0x0, 0x0,
    0x0, 0x0, 0x0, 0x0, 0x6f, 0xff, 0xff, 0xd7,
    0xff, 0xff, 0xfc, 0x0, 0x0, 0x0, 0x0, 0x0,
    0x0, 0x0, 0x6, 0xff, 0xff, 0xfd, 0x7f, 0xff,
    0xff, 0xc0, 0x0, 0x0, 0x0, 0x0, 0x0, 0x0,
    0x0, 0x6f, 0xff, 0xff, 0xd7, 0xff, 0xff, 0xfc,
    0x0, 0x0, 0x0, 0x0, 0x0, 0x0, 0x0, 0x6,
    0xff, 0xff, 0xfd, 0x7f, 0xff, 0xff, 0xc0, 0x0,
    0x0, 0x0, 0x0, 0x0, 0x0, 0x0, 0x6f, 0xff,
    0xff, 0xd7, 0xff, 0xff, 0xfc, 0x0, 0x0, 0x0,
    0x0, 0x0, 0x0, 0x0, 0x6, 0xff, 0xff, 0xfd,
    0x7f, 0xff, 0xff, 0xc0, 0x0, 0x0, 0x0, 0x0,
    0x0, 0x0, 0x0, 0x6f, 0xff, 0xff, 0xd7, 0xff,
    0xff, 0xfc, 0x0, 0x0, 0x0, 0x0, 0x0, 0x0,
    0x0, 0x6, 0xff, 0xff, 0xfd, 0x7f, 0xff, 0xff,
    0xd0, 0x0, 0x0, 0x0, 0x0, 0x0, 0x0, 0x0,
    0x7f, 0xff, 0xff, 0xd6, 0xff, 0xff, 0xfe, 0x0,
    0x0, 0x0, 0x0, 0x0, 0x0, 0x0, 0x9, 0xff,
    0xff, 0xfc, 0x5f, 0xff, 0xff, 0xf2, 0x0, 0x0,
    0x0, 0x0, 0x0, 0x0, 0x0, 0xcf, 0xff, 0xff,
    0xa2, 0xff, 0xff, 0xff, 0x80, 0x0, 0x0, 0x0,
    0x0, 0x0, 0x0, 0x2f, 0xff, 0xff, 0xf7, 0xe,
    0xff, 0xff, 0xff, 0x10, 0x0, 0x0, 0x0, 0x0,
    0x0, 0xb, 0xff, 0xff, 0xff, 0x30, 0x9f, 0xff,
    0xff, 0xfc, 0x10, 0x0, 0x0, 0x0, 0x0, 0x8,
    0xff, 0xff, 0xff, 0xe0, 0x2, 0xff, 0xff, 0xff,
    0xfd, 0x30, 0x0, 0x0, 0x0, 0x1a, 0xff, 0xff,
    0xff, 0xf7, 0x0, 0x8, 0xff, 0xff, 0xff, 0xff,
    0xc7, 0x43, 0x46, 0xaf, 0xff, 0xff, 0xff, 0xfd,
    0x0, 0x0, 0xc, 0xff, 0xff, 0xff, 0xff, 0xff,
    0xff, 0xff, 0xff, 0xff, 0xff, 0xff, 0x30, 0x0,
    0x0, 0x1d, 0xff, 0xff, 0xff, 0xff, 0xff, 0xff,
    0xff, 0xff, 0xff, 0xff, 0x40, 0x0, 0x0, 0x0,
    0x1b, 0xff, 0xff, 0xff, 0xff, 0xff, 0xff, 0xff,
    0xff, 0xfe, 0x30, 0x0, 0x0, 0x0, 0x0, 0x6,
    0xef, 0xff, 0xff, 0xff, 0xff, 0xff, 0xff, 0xf9,
    0x10, 0x0, 0x0, 0x0, 0x0, 0x0, 0x0, 0x6c,
    0xff, 0xff, 0xff, 0xff, 0xfd, 0x81, 0x0, 0x0,
    0x0, 0x0, 0x0, 0x0, 0x0, 0x0, 0x0, 0x35,
    0x77, 0x76, 0x41, 0x0, 0x0, 0x0, 0x0, 0x0,

    /* U+00DB "Û" */
    0x0, 0x0, 0x0, 0x0, 0x0, 0x0, 0x78, 0x88,
    0x82, 0x0, 0x0, 0x0, 0x0, 0x0, 0x0, 0x0,
    0x0, 0x0, 0x0, 0x0, 0xbf, 0xff, 0xff, 0xe2,
    0x0, 0x0, 0x0, 0x0, 0x0, 0x0, 0x0, 0x0,
    0x0, 0x0, 0xaf, 0xff, 0xff, 0xff, 0xd1, 0x0,
    0x0, 0x0, 0x0, 0x0, 0x0, 0x0, 0x0, 0x0,
    0x9f, 0xff, 0xfb, 0xff, 0xff, 0xc0, 0x0, 0x0,
    0x0, 0x0, 0x0, 0x0, 0x0, 0x0, 0x8f, 0xff,
    0xfc, 0x7, 0xff, 0xff, 0xb0, 0x0, 0x0, 0x0,
    0x0, 0x0, 0x0, 0x0, 0x7f, 0xff, 0xfe, 0x10,
    0xa, 0xff, 0xff, 0xa0, 0x0, 0x0, 0x0, 0x0,
    0x0, 0x0, 0x6f, 0xff, 0xff, 0x30, 0x0, 0xc,
    0xff, 0xff, 0x90, 0x0, 0x0, 0x0, 0x0, 0x0,
    0x7, 0x88, 0x88, 0x40, 0x0, 0x0, 0x18, 0x88,
    0x88, 0x20, 0x0, 0x0, 0x0, 0x0, 0x0, 0x0,
    0x0, 0x0, 0x0, 0x0, 0x0, 0x0, 0x0, 0x0,
    0x0, 0x0, 0x0, 0x0, 0x0, 0x0, 0x0, 0x0,
    0x0, 0x0, 0x0, 0x0, 0x0, 0x0, 0x0, 0x0,
    0x0, 0x0, 0x0, 0x0, 0x0, 0x0, 0x0, 0x0,
    0x0, 0x0, 0x0, 0x0, 0x0, 0x0, 0x0, 0x7,
    0xff, 0xff, 0xfc, 0x0, 0x0, 0x0, 0x0, 0x0,
    0x0, 0x0, 0x6, 0xff, 0xff, 0xfd, 0x7f, 0xff,
    0xff, 0xc0, 0x0, 0x0, 0x0, 0x0, 0x0, 0x0,
    0x0, 0x6f, 0xff, 0xff, 0xd7, 0xff, 0xff, 0xfc,
    0x0, 0x0, 0x0, 0x0, 0x0, 0x0, 0x0, 0x6,
    0xff, 0xff, 0xfd, 0x7f, 0xff, 0xff, 0xc0, 0x0,
    0x0, 0x0, 0x0, 0x0, 0x0, 0x0, 0x6f, 0xff,
    0xff, 0xd7, 0xff, 0xff, 0xfc, 0x0, 0x0, 0x0,
    0x0, 0x0, 0x0, 0x0, 0x6, 0xff, 0xff, 0xfd,
    0x7f, 0xff, 0xff, 0xc0, 0x0, 0x0, 0x0, 0x0,
    0x0, 0x0, 0x0, 0x6f, 0xff, 0xff, 0xd7, 0xff,
    0xff, 0xfc, 0x0, 0x0, 0x0, 0x0, 0x0, 0x0,
    0x0, 0x6, 0xff, 0xff, 0xfd, 0x7f, 0xff, 0xff,
    0xc0, 0x0, 0x0, 0x0, 0x0, 0x0, 0x0, 0x0,
    0x6f, 0xff, 0xff, 0xd7, 0xff, 0xff, 0xfc, 0x0,
    0x0, 0x0, 0x0, 0x0, 0x0, 0x0, 0x6, 0xff,
    0xff, 0xfd, 0x7f, 0xff, 0xff, 0xc0, 0x0, 0x0,
    0x0, 0x0, 0x0, 0x0, 0x0, 0x6f, 0xff, 0xff,
    0xd7, 0xff, 0xff, 0xfc, 0x0, 0x0, 0x0, 0x0,
    0x0, 0x0, 0x0, 0x6, 0xff, 0xff, 0xfd, 0x7f,
    0xff, 0xff, 0xc0, 0x0, 0x0, 0x0, 0x0, 0x0,
    0x0, 0x0, 0x6f, 0xff, 0xff, 0xd7, 0xff, 0xff,
    0xfc, 0x0, 0x0, 0x0, 0x0, 0x0, 0x0, 0x0,
    0x6, 0xff, 0xff, 0xfd, 0x7f, 0xff, 0xff, 0xc0,
    0x0, 0x0, 0x0, 0x0, 0x0, 0x0, 0x0, 0x6f,
    0xff, 0xff, 0xd7, 0xff, 0xff, 0xfc, 0x0, 0x0,
    0x0, 0x0, 0x0, 0x0, 0x0, 0x6, 0xff, 0xff,
    0xfd, 0x7f, 0xff, 0xff, 0xc0, 0x0, 0x0, 0x0,
    0x0, 0x0, 0x0, 0x0, 0x6f, 0xff, 0xff, 0xd7,
    0xff, 0xff, 0xfc, 0x0, 0x0, 0x0, 0x0, 0x0,
    0x0, 0x0, 0x6, 0xff, 0xff, 0xfd, 0x7f, 0xff,
    0xff, 0xc0, 0x0, 0x0, 0x0, 0x0, 0x0, 0x0,
    0x0, 0x6f, 0xff, 0xff, 0xd7, 0xff, 0xff, 0xfc,
    0x0, 0x0, 0x0, 0x0, 0x0, 0x0, 0x0, 0x6,
    0xff, 0xff, 0xfd, 0x7f, 0xff, 0xff, 0xc0, 0x0,
    0x0, 0x0, 0x0, 0x0, 0x0, 0x0, 0x6f, 0xff,
    0xff, 0xd7, 0xff, 0xff, 0xfc, 0x0, 0x0, 0x0,
    0x0, 0x0, 0x0, 0x0, 0x6, 0xff, 0xff, 0xfd,
    0x7f, 0xff, 0xff, 0xc0, 0x0, 0x0, 0x0, 0x0,
    0x0, 0x0, 0x0, 0x6f, 0xff, 0xff, 0xd7, 0xff,
    0xff, 0xfc, 0x0, 0x0, 0x0, 0x0, 0x0, 0x0,
    0x0, 0x6, 0xff, 0xff, 0xfd, 0x7f, 0xff, 0xff,
    0xd0, 0x0, 0x0, 0x0, 0x0, 0x0, 0x0, 0x0,
    0x7f, 0xff, 0xff, 0xd6, 0xff, 0xff, 0xfe, 0x0,
    0x0, 0x0, 0x0, 0x0, 0x0, 0x0, 0x9, 0xff,
    0xff, 0xfc, 0x5f, 0xff, 0xff, 0xf2, 0x0, 0x0,
    0x0, 0x0, 0x0, 0x0, 0x0, 0xcf, 0xff, 0xff,
    0xa2, 0xff, 0xff, 0xff, 0x80, 0x0, 0x0, 0x0,
    0x0, 0x0, 0x0, 0x2f, 0xff, 0xff, 0xf7, 0xe,
    0xff, 0xff, 0xff, 0x10, 0x0, 0x0, 0x0, 0x0,
    0x0, 0xb, 0xff, 0xff, 0xff, 0x30, 0x9f, 0xff,
    0xff, 0xfc, 0x10, 0x0, 0x0, 0x0, 0x0, 0x8,
    0xff, 0xff, 0xff, 0xe0, 0x2, 0xff, 0xff, 0xff,
    0xfd, 0x30, 0x0, 0x0, 0x0, 0x1a, 0xff, 0xff,
    0xff, 0xf7, 0x0, 0x8, 0xff, 0xff, 0xff, 0xff,
    0xc7, 0x43, 0x46, 0xaf, 0xff, 0xff, 0xff, 0xfd,
    0x0, 0x0, 0xc, 0xff, 0xff, 0xff, 0xff, 0xff,
    0xff, 0xff, 0xff, 0xff, 0xff, 0xff, 0x30, 0x0,
    0x0, 0x1d, 0xff, 0xff, 0xff, 0xff, 0xff, 0xff,
    0xff, 0xff, 0xff, 0xff, 0x40, 0x0, 0x0, 0x0,
    0x1b, 0xff, 0xff, 0xff, 0xff, 0xff, 0xff, 0xff,
    0xff, 0xfe, 0x30, 0x0, 0x0, 0x0, 0x0, 0x6,
    0xef, 0xff, 0xff, 0xff, 0xff, 0xff, 0xff, 0xf9,
    0x10, 0x0, 0x0, 0x0, 0x0, 0x0, 0x0, 0x6c,
    0xff, 0xff, 0xff, 0xff, 0xfd, 0x81, 0x0, 0x0,
    0x0, 0x0, 0x0, 0x0, 0x0, 0x0, 0x0, 0x35,
    0x77, 0x76, 0x41, 0x0, 0x0, 0x0, 0x0, 0x0,

    /* U+00DC "Ü" */
    0x0, 0x0, 0x0, 0x3, 0xcf, 0xc4, 0x0, 0x0,
    0x1, 0xae, 0xd6, 0x0, 0x0, 0x0, 0x0, 0x0,
    0x0, 0x2, 0xff, 0xff, 0xf3, 0x0, 0x0, 0xdf,
    0xff, 0xf7, 0x0, 0x0, 0x0, 0x0, 0x0, 0x0,
    0x8f, 0xff, 0xff, 0xa0, 0x0, 0x5f, 0xff, 0xff,
    0xe0, 0x0, 0x0, 0x0, 0x0, 0x0, 0xa, 0xff,
    0xff, 0xfc, 0x0, 0x7, 0xff, 0xff, 0xff, 0x0,
    0x0, 0x0, 0x0, 0x0, 0x0, 0x6f, 0xff, 0xff,
    0x80, 0x0, 0x3f, 0xff, 0xff, 0xb0, 0x0, 0x0,
    0x0, 0x0, 0x0, 0x0, 0xbf, 0xff, 0xc0, 0x0,
    0x0, 0x8f, 0xff, 0xe2, 0x0, 0x0, 0x0, 0x0,
    0x0, 0x0, 0x0, 0x47, 0x50, 0x0, 0x0, 0x0,
    0x37, 0x61, 0x0, 0x0, 0x0, 0x0, 0x0, 0x0,
    0x0, 0x0, 0x0, 0x0, 0x0, 0x0, 0x0, 0x0,
    0x0, 0x0, 0x0, 0x0, 0x0, 0x0, 0x0, 0x0,
    0x0, 0x0, 0x0, 0x0, 0x0, 0x0, 0x0, 0x0,
    0x0, 0x0, 0x0, 0x0, 0x0, 0x0, 0x0, 0x0,
    0x0, 0x0, 0x0, 0x0, 0x0, 0x0, 0x0, 0x0,
    0x0, 0x7f, 0xff, 0xff, 0xc0, 0x0, 0x0, 0x0,
    0x0, 0x0, 0x0, 0x0, 0x6f, 0xff, 0xff, 0xd7,
    0xff, 0xff, 0xfc, 0x0, 0x0, 0x0, 0x0, 0x0,
    0x0, 0x0, 0x6, 0xff, 0xff, 0xfd, 0x7f, 0xff,
    0xff, 0xc0, 0x0, 0x0, 0x0, 0x0, 0x0, 0x0,
    0x0, 0x6f, 0xff, 0xff, 0xd7, 0xff, 0xff, 0xfc,
    0x0, 0x0, 0x0, 0x0, 0x0, 0x0, 0x0, 0x6,
    0xff, 0xff, 0xfd, 0x7f, 0xff, 0xff, 0xc0, 0x0,
    0x0, 0x0, 0x0, 0x0, 0x0, 0x0, 0x6f, 0xff,
    0xff, 0xd7, 0xff, 0xff, 0xfc, 0x0, 0x0, 0x0,
    0x0, 0x0, 0x0, 0x0, 0x6, 0xff, 0xff, 0xfd,
    0x7f, 0xff, 0xff, 0xc0, 0x0, 0x0, 0x0, 0x0,
    0x0, 0x0, 0x0, 0x6f, 0xff, 0xff, 0xd7, 0xff,
    0xff, 0xfc, 0x0, 0x0, 0x0, 0x0, 0x0, 0x0,
    0x0, 0x6, 0xff, 0xff, 0xfd, 0x7f, 0xff, 0xff,
    0xc0, 0x0, 0x0, 0x0, 0x0, 0x0, 0x0, 0x0,
    0x6f, 0xff, 0xff, 0xd7, 0xff, 0xff, 0xfc, 0x0,
    0x0, 0x0, 0x0, 0x0, 0x0, 0x0, 0x6, 0xff,
    0xff, 0xfd, 0x7f, 0xff, 0xff, 0xc0, 0x0, 0x0,
    0x0, 0x0, 0x0, 0x0, 0x0, 0x6f, 0xff, 0xff,
    0xd7, 0xff, 0xff, 0xfc, 0x0, 0x0, 0x0, 0x0,
    0x0, 0x0, 0x0, 0x6, 0xff, 0xff, 0xfd, 0x7f,
    0xff, 0xff, 0xc0, 0x0, 0x0, 0x0, 0x0, 0x0,
    0x0, 0x0, 0x6f, 0xff, 0xff, 0xd7, 0xff, 0xff,
    0xfc, 0x0, 0x0, 0x0, 0x0, 0x0, 0x0, 0x0,
    0x6, 0xff, 0xff, 0xfd, 0x7f, 0xff, 0xff, 0xc0,
    0x0, 0x0, 0x0, 0x0, 0x0, 0x0, 0x0, 0x6f,
    0xff, 0xff, 0xd7, 0xff, 0xff, 0xfc, 0x0, 0x0,
    0x0, 0x0, 0x0, 0x0, 0x0, 0x6, 0xff, 0xff,
    0xfd, 0x7f, 0xff, 0xff, 0xc0, 0x0, 0x0, 0x0,
    0x0, 0x0, 0x0, 0x0, 0x6f, 0xff, 0xff, 0xd7,
    0xff, 0xff, 0xfc, 0x0, 0x0, 0x0, 0x0, 0x0,
    0x0, 0x0, 0x6, 0xff, 0xff, 0xfd, 0x7f, 0xff,
    0xff, 0xc0, 0x0, 0x0, 0x0, 0x0, 0x0, 0x0,
    0x0, 0x6f, 0xff, 0xff, 0xd7, 0xff, 0xff, 0xfc,
    0x0, 0x0, 0x0, 0x0, 0x0, 0x0, 0x0, 0x6,
    0xff, 0xff, 0xfd, 0x7f, 0xff, 0xff, 0xc0, 0x0,
    0x0, 0x0, 0x0, 0x0, 0x0, 0x0, 0x6f, 0xff,
    0xff, 0xd7, 0xff, 0xff, 0xfc, 0x0, 0x0, 0x0,
    0x0, 0x0, 0x0, 0x0, 0x6, 0xff, 0xff, 0xfd,
    0x7f, 0xff, 0xff, 0xc0, 0x0, 0x0, 0x0, 0x0,
    0x0, 0x0, 0x0, 0x6f, 0xff, 0xff, 0xd7, 0xff,
    0xff, 0xfd, 0x0, 0x0, 0x0, 0x0, 0x0, 0x0,
    0x0, 0x7, 0xff, 0xff, 0xfd, 0x6f, 0xff, 0xff,
    0xe0, 0x0, 0x0, 0x0, 0x0, 0x0, 0x0, 0x0,
    0x9f, 0xff, 0xff, 0xc5, 0xff, 0xff, 0xff, 0x20,
    0x0, 0x0, 0x0, 0x0, 0x0, 0x0, 0xc, 0xff,
    0xff, 0xfa, 0x2f, 0xff, 0xff, 0xf8, 0x0, 0x0,
    0x0, 0x0, 0x0, 0x0, 0x2, 0xff, 0xff, 0xff,
    0x70, 0xef, 0xff, 0xff, 0xf1, 0x0, 0x0, 0x0,
    0x0, 0x0, 0x0, 0xbf, 0xff, 0xff, 0xf3, 0x9,
    0xff, 0xff, 0xff, 0xc1, 0x0, 0x0, 0x0, 0x0,
    0x0, 0x8f, 0xff, 0xff, 0xfe, 0x0, 0x2f, 0xff,
    0xff, 0xff, 0xd3, 0x0, 0x0, 0x0, 0x1, 0xaf,
    0xff, 0xff, 0xff, 0x70, 0x0, 0x8f, 0xff, 0xff,
    0xff, 0xfc, 0x74, 0x34, 0x6a, 0xff, 0xff, 0xff,
    0xff, 0xd0, 0x0, 0x0, 0xcf, 0xff, 0xff, 0xff,
    0xff, 0xff, 0xff, 0xff, 0xff, 0xff, 0xff, 0xf3,
    0x0, 0x0, 0x1, 0xdf, 0xff, 0xff, 0xff, 0xff,
    0xff, 0xff, 0xff, 0xff, 0xff, 0xf4, 0x0, 0x0,
    0x0, 0x1, 0xbf, 0xff, 0xff, 0xff, 0xff, 0xff,
    0xff, 0xff, 0xff, 0xe3, 0x0, 0x0, 0x0, 0x0,
    0x0, 0x6e, 0xff, 0xff, 0xff, 0xff, 0xff, 0xff,
    0xff, 0x91, 0x0, 0x0, 0x0, 0x0, 0x0, 0x0,
    0x6, 0xcf, 0xff, 0xff, 0xff, 0xff, 0xd8, 0x10,
    0x0, 0x0, 0x0, 0x0, 0x0, 0x0, 0x0, 0x0,
    0x3, 0x57, 0x77, 0x64, 0x10, 0x0, 0x0, 0x0,
    0x0, 0x0,

    /* U+00DD "Ý" */
    0x0, 0x0, 0x0, 0x0, 0x0, 0x0, 0x0, 0x0,
    0x4, 0x44, 0x44, 0x40, 0x0, 0x0, 0x0, 0x0,
    0x0, 0x0, 0x0, 0x0, 0x0, 0x0, 0x0, 0x0,
    0x4, 0xff, 0xff, 0xf7, 0x0, 0x0, 0x0, 0x0,
    0x0, 0x0, 0x0, 0x0, 0x0, 0x0, 0x0, 0x0,
    0x0, 0xbf, 0xff, 0xfc, 0x0, 0x0, 0x0, 0x0,
    0x0, 0x0, 0x0, 0x0, 0x0, 0x0, 0x0, 0x0,
    0x0, 0x2f, 0xff, 0xff, 0x20, 0x0, 0x0, 0x0,
    0x0, 0x0, 0x0, 0x0, 0x0, 0x0, 0x0, 0x0,
    0x0, 0x9, 0xff, 0xff, 0x80, 0x0, 0x0, 0x0,
    0x0, 0x0, 0x0, 0x0, 0x0, 0x0, 0x0, 0x0,
    0x0, 0x1, 0xff, 0xff, 0xd0, 0x0, 0x0, 0x0,
    0x0, 0x0, 0x0, 0x0, 0x0, 0x0, 0x0, 0x0,
    0x0, 0x0, 0x8f, 0xff, 0xf3, 0x0, 0x0, 0x0,
    0x0, 0x0, 0x0, 0x0, 0x0, 0x0, 0x0, 0x0,
    0x0, 0x0, 0xe, 0xff, 0xf9, 0x0, 0x0, 0x0,
    0x0, 0x0, 0x0, 0x0, 0x0, 0x0, 0x0, 0x0,
    0x0, 0x0, 0x0, 0x0, 0x0, 0x0, 0x0, 0x0,
    0x0, 0x0, 0x0, 0x0, 0x0, 0x0, 0x0, 0x0,
    0x0, 0x0, 0x0, 0x0, 0x0, 0x0, 0x0, 0x0,
    0x0, 0x0, 0x0, 0x0, 0x0, 0x0, 0x0, 0x0,
    0x0, 0x0, 0x0, 0x0, 0x0, 0x0, 0x0, 0x0,
    0x0, 0x0, 0x0, 0x0, 0x0, 0x8, 0xff, 0xff,
    0xff, 0xc0, 0x0, 0x0, 0x0, 0x0, 0x0, 0x0,
    0x0, 0x7, 0xff, 0xff, 0xff, 0xc0, 0xe, 0xff,
    0xff, 0xff, 0x40, 0x0, 0x0, 0x0, 0x0, 0x0,
    0x0, 0x1, 0xef, 0xff, 0xff, 0xf3, 0x0, 0x5f,
    0xff, 0xff, 0xfd, 0x0, 0x0, 0x0, 0x0, 0x0,
    0x0, 0x0, 0x8f, 0xff, 0xff, 0xfa, 0x0, 0x0,
    0xcf, 0xff, 0xff, 0xf6, 0x0, 0x0, 0x0, 0x0,
    0x0, 0x0, 0x1f, 0xff, 0xff, 0xff, 0x10, 0x0,
    0x3, 0xff, 0xff, 0xff, 0xe0, 0x0, 0x0, 0x0,
    0x0, 0x0, 0x9, 0xff, 0xff, 0xff, 0x70, 0x0,
    0x0, 0x9, 0xff, 0xff, 0xff, 0x80, 0x0, 0x0,
    0x0, 0x0, 0x2, 0xff, 0xff, 0xff, 0xd0, 0x0,
    0x0, 0x0, 0x1f, 0xff, 0xff, 0xff, 0x10, 0x0,
    0x0, 0x0, 0x0, 0xbf, 0xff, 0xff, 0xf5, 0x0,
    0x0, 0x0, 0x0, 0x7f, 0xff, 0xff, 0xf9, 0x0,
    0x0, 0x0, 0x0, 0x3f, 0xff, 0xff, 0xfb, 0x0,
    0x0, 0x0, 0x0, 0x0, 0xdf, 0xff, 0xff, 0xf2,
    0x0, 0x0, 0x0, 0xc, 0xff, 0xff, 0xff, 0x20,
    0x0, 0x0, 0x0, 0x0, 0x4, 0xff, 0xff, 0xff,
    0xb0, 0x0, 0x0, 0x5, 0xff, 0xff, 0xff, 0x90,
    0x0, 0x0, 0x0, 0x0, 0x0, 0xb, 0xff, 0xff,
    0xff, 0x30, 0x0, 0x0, 0xdf, 0xff, 0xff, 0xe1,
    0x0, 0x0, 0x0, 0x0, 0x0, 0x0, 0x2f, 0xff,
    0xff, 0xfc, 0x0, 0x0, 0x6f, 0xff, 0xff, 0xf6,
    0x0, 0x0, 0x0, 0x0, 0x0, 0x0, 0x0, 0x8f,
    0xff, 0xff, 0xf4, 0x0, 0xd, 0xff, 0xff, 0xfd,
    0x0, 0x0, 0x0, 0x0, 0x0, 0x0, 0x0, 0x0,
    0xef, 0xff, 0xff, 0xd0, 0x6, 0xff, 0xff, 0xff,
    0x40, 0x0, 0x0, 0x0, 0x0, 0x0, 0x0, 0x0,
    0x5, 0xff, 0xff, 0xff, 0x50, 0xdf, 0xff, 0xff,
    0xb0, 0x0, 0x0, 0x0, 0x0, 0x0, 0x0, 0x0,
    0x0, 0xc, 0xff, 0xff, 0xfc, 0x4f, 0xff, 0xff,
    0xf2, 0x0, 0x0, 0x0, 0x0, 0x0, 0x0, 0x0,
    0x0, 0x0, 0x3f, 0xff, 0xff, 0xfd, 0xff, 0xff,
    0xf8, 0x0, 0x0, 0x0, 0x0, 0x0, 0x0, 0x0,
    0x0, 0x0, 0x0, 0x9f, 0xff, 0xff, 0xff, 0xff,
    0xfe, 0x0, 0x0, 0x0, 0x0, 0x0, 0x0, 0x0,
    0x0, 0x0, 0x0, 0x1, 0xef, 0xff, 0xff, 0xff,
    0xff, 0x60, 0x0, 0x0, 0x0, 0x0, 0x0, 0x0,
    0x0, 0x0, 0x0, 0x0, 0x7, 0xff, 0xff, 0xff,
    0xff, 0xc0, 0x0, 0x0, 0x0, 0x0, 0x0, 0x0,
    0x0, 0x0, 0x0, 0x0, 0x0, 0xd, 0xff, 0xff,
    0xff, 0xf3, 0x0, 0x0, 0x0, 0x0, 0x0, 0x0,
    0x0, 0x0, 0x0, 0x0, 0x0, 0x0, 0x4f, 0xff,
    0xff, 0xfa, 0x0, 0x0, 0x0, 0x0, 0x0, 0x0,
    0x0, 0x0, 0x0, 0x0, 0x0, 0x0, 0x0, 0xff,
    0xff, 0xff, 0x50, 0x0, 0x0, 0x0, 0x0, 0x0,
    0x0, 0x0, 0x0, 0x0, 0x0, 0x0, 0x0, 0xf,
    0xff, 0xff, 0xf5, 0x0, 0x0, 0x0, 0x0, 0x0,
    0x0, 0x0, 0x0, 0x0, 0x0, 0x0, 0x0, 0x0,
    0xff, 0xff, 0xff, 0x50, 0x0, 0x0, 0x0, 0x0,
    0x0, 0x0, 0x0, 0x0, 0x0, 0x0, 0x0, 0x0,
    0xf, 0xff, 0xff, 0xf5, 0x0, 0x0, 0x0, 0x0,
    0x0, 0x0, 0x0, 0x0, 0x0, 0x0, 0x0, 0x0,
    0x0, 0xff, 0xff, 0xff, 0x50, 0x0, 0x0, 0x0,
    0x0, 0x0, 0x0, 0x0, 0x0, 0x0, 0x0, 0x0,
    0x0, 0xf, 0xff, 0xff, 0xf5, 0x0, 0x0, 0x0,
    0x0, 0x0, 0x0, 0x0, 0x0, 0x0, 0x0, 0x0,
    0x0, 0x0, 0xff, 0xff, 0xff, 0x50, 0x0, 0x0,
    0x0, 0x0, 0x0, 0x0, 0x0, 0x0, 0x0, 0x0,
    0x0, 0x0, 0xf, 0xff, 0xff, 0xf5, 0x0, 0x0,
    0x0, 0x0, 0x0, 0x0, 0x0, 0x0, 0x0, 0x0,
    0x0, 0x0, 0x0, 0xff, 0xff, 0xff, 0x50, 0x0,
    0x0, 0x0, 0x0, 0x0, 0x0, 0x0, 0x0, 0x0,
    0x0, 0x0, 0x0, 0xf, 0xff, 0xff, 0xf5, 0x0,
    0x0, 0x0, 0x0, 0x0, 0x0, 0x0, 0x0, 0x0,
    0x0, 0x0, 0x0, 0x0, 0xff, 0xff, 0xff, 0x50,
    0x0, 0x0, 0x0, 0x0, 0x0, 0x0, 0x0, 0x0,
    0x0, 0x0, 0x0, 0x0, 0xf, 0xff, 0xff, 0xf5,
    0x0, 0x0, 0x0, 0x0, 0x0, 0x0, 0x0, 0x0,
    0x0, 0x0, 0x0, 0x0, 0x0, 0xff, 0xff, 0xff,
    0x50, 0x0, 0x0, 0x0, 0x0, 0x0, 0x0, 0x0,
    0x0, 0x0, 0x0, 0x0, 0x0, 0xf, 0xff, 0xff,
    0xf5, 0x0, 0x0, 0x0, 0x0, 0x0, 0x0, 0x0,

    /* U+00DE "Þ" */
    0xaf, 0xff, 0xff, 0xa0, 0x0, 0x0, 0x0, 0x0,
    0x0, 0x0, 0x0, 0x0, 0xa, 0xff, 0xff, 0xfa,
    0x0, 0x0, 0x0, 0x0, 0x0, 0x0, 0x0, 0x0,
    0x0, 0xaf, 0xff, 0xff, 0xa0, 0x0, 0x0, 0x0,
    0x0, 0x0, 0x0, 0x0, 0x0, 0xa, 0xff, 0xff,
    0xfa, 0x0, 0x0, 0x0, 0x0, 0x0, 0x0, 0x0,
    0x0, 0x0, 0xaf, 0xff, 0xff, 0xa0, 0x0, 0x0,
    0x0, 0x0, 0x0, 0x0, 0x0, 0x0, 0xa, 0xff,
    0xff, 0xfa, 0x0, 0x0, 0x0, 0x0, 0x0, 0x0,
    0x0, 0x0, 0x0, 0xaf, 0xff, 0xff, 0xa0, 0x0,
    0x0, 0x0, 0x0, 0x0, 0x0, 0x0, 0x0, 0xa,
    0xff, 0xff, 0xff, 0xff, 0xff, 0xff, 0xfd, 0xb8,
    0x30, 0x0, 0x0, 0x0, 0xaf, 0xff, 0xff, 0xff,
    0xff, 0xff, 0xff, 0xff, 0xff, 0xd6, 0x0, 0x0,
    0xa, 0xff, 0xff, 0xff, 0xff, 0xff, 0xff, 0xff,
    0xff, 0xff, 0xfc, 0x10, 0x0, 0xaf, 0xff, 0xff,
    0xff, 0xff, 0xff, 0xff, 0xff, 0xff, 0xff, 0xfe,
    0x20, 0xa, 0xff, 0xff, 0xff, 0xff, 0xff, 0xff,
    0xff, 0xff, 0xff, 0xff, 0xfd, 0x0, 0xaf, 0xff,
    0xff, 0xb1, 0x11, 0x11, 0x23, 0x5a, 0xff, 0xff,
    0xff, 0xf8, 0xa, 0xff, 0xff, 0xfa, 0x0, 0x0,
    0x0, 0x0, 0x2, 0xdf, 0xff, 0xff, 0xf1, 0xaf,
    0xff, 0xff, 0xa0, 0x0, 0x0, 0x0, 0x0, 0x2,
    0xff, 0xff, 0xff, 0x6a, 0xff, 0xff, 0xfa, 0x0,
    0x0, 0x0, 0x0, 0x0, 0x8, 0xff, 0xff, 0xf9,
    0xaf, 0xff, 0xff, 0xa0, 0x0, 0x0, 0x0, 0x0,
    0x0, 0x4f, 0xff, 0xff, 0xca, 0xff, 0xff, 0xfa,
    0x0, 0x0, 0x0, 0x0, 0x0, 0x2, 0xff, 0xff,
    0xfc, 0xaf, 0xff, 0xff, 0xa0, 0x0, 0x0, 0x0,
    0x0, 0x0, 0x3f, 0xff, 0xff, 0xca, 0xff, 0xff,
    0xfa, 0x0, 0x0, 0x0, 0x0, 0x0, 0x7, 0xff,
    0xff, 0xfa, 0xaf, 0xff, 0xff, 0xa0, 0x0, 0x0,
    0x0, 0x0, 0x0, 0xef, 0xff, 0xff, 0x6a, 0xff,
    0xff, 0xfa, 0x0, 0x0, 0x0, 0x0, 0x1, 0xbf,
    0xff, 0xff, 0xf1, 0xaf, 0xff, 0xff, 0xa0, 0x0,
    0x0, 0x1, 0x37, 0xef, 0xff, 0xff, 0xf9, 0xa,
    0xff, 0xff, 0xff, 0xff, 0xff, 0xff, 0xff, 0xff,
    0xff, 0xff, 0xfe, 0x10, 0xaf, 0xff, 0xff, 0xff,
    0xff, 0xff, 0xff, 0xff, 0xff, 0xff, 0xfe, 0x30,
    0xa, 0xff, 0xff, 0xff, 0xff, 0xff, 0xff, 0xff,
    0xff, 0xff, 0xfd, 0x20, 0x0, 0xaf, 0xff, 0xff,
    0xff, 0xff, 0xff, 0xff, 0xff, 0xff, 0xe7, 0x0,
    0x0, 0xa, 0xff, 0xff, 0xff, 0xff, 0xff, 0xff,
    0xff, 0xd9, 0x50, 0x0, 0x0, 0x0, 0xaf, 0xff,
    0xff, 0xa1, 0x11, 0x11, 0x10, 0x0, 0x0, 0x0,
    0x0, 0x0, 0xa, 0xff, 0xff, 0xfa, 0x0, 0x0,
    0x0, 0x0, 0x0, 0x0, 0x0, 0x0, 0x0, 0xaf,
    0xff, 0xff, 0xa0, 0x0, 0x0, 0x0, 0x0, 0x0,
    0x0, 0x0, 0x0, 0xa, 0xff, 0xff, 0xfa, 0x0,
    0x0, 0x0, 0x0, 0x0, 0x0, 0x0, 0x0, 0x0,
    0xaf, 0xff, 0xff, 0xa0, 0x0, 0x0, 0x0, 0x0,
    0x0, 0x0, 0x0, 0x0, 0xa, 0xff, 0xff, 0xfa,
    0x0, 0x0, 0x0, 0x0, 0x0, 0x0, 0x0, 0x0,
    0x0, 0xaf, 0xff, 0xff, 0xa0, 0x0, 0x0, 0x0,
    0x0, 0x0, 0x0, 0x0, 0x0, 0xa, 0xff, 0xff,
    0xfa, 0x0, 0x0, 0x0, 0x0, 0x0, 0x0, 0x0,
    0x0, 0x0,

    /* U+00DF "ß" */
    0x0, 0x0, 0x0, 0x16, 0xad, 0xef, 0xfe, 0xc9,
    0x50, 0x0, 0x0, 0x0, 0x0, 0x0, 0x0, 0x19,
    0xff, 0xff, 0xff, 0xff, 0xff, 0xff, 0x81, 0x0,
    0x0, 0x0, 0x0, 0x4, 0xef, 0xff, 0xff, 0xff,
    0xff, 0xff, 0xff, 0xfe, 0x40, 0x0, 0x0, 0x0,
    0x4f, 0xff, 0xff, 0xff, 0xff, 0xff, 0xff, 0xff,
    0xff, 0xf4, 0x0, 0x0, 0x1, 0xef, 0xff, 0xff,
    0xff, 0xff, 0xff, 0xff, 0xff, 0xff, 0xff, 0x20,
    0x0, 0x9, 0xff, 0xff, 0xff, 0xfd, 0x86, 0x68,
    0xdf, 0xff, 0xff, 0xff, 0xa0, 0x0, 0xf, 0xff,
    0xff, 0xff, 0x70, 0x0, 0x0, 0x7, 0xff, 0xff,
    0xff, 0xf1, 0x0, 0x3f, 0xff, 0xff, 0xf8, 0x0,
    0x0, 0x0, 0x0, 0x8f, 0xff, 0xff, 0xf5, 0x0,
    0x6f, 0xff, 0xff, 0xf0, 0x0, 0x0, 0x0, 0x0,
    0xf, 0xff, 0xff, 0xf6, 0x0, 0x7f, 0xff, 0xff,
    0xb0, 0x0, 0x0, 0x0, 0x0, 0xc, 0xff, 0xff,
    0xf7, 0x0, 0x7f, 0xff, 0xff, 0xa0, 0x0, 0x0,
    0x0, 0x0, 0xc, 0xff, 0xff, 0xf6, 0x0, 0x7f,
    0xff, 0xff, 0xa0, 0x0, 0x0, 0x0, 0x0, 0xe,
    0xff, 0xff, 0xf2, 0x0, 0x7f, 0xff, 0xff, 0xa0,
    0x0, 0x0, 0x0, 0x0, 0x4f, 0xff, 0xff, 0xd0,
    0x0, 0x7f, 0xff, 0xff, 0xa0, 0x0, 0x0, 0x0,
    0x1, 0xef, 0xff, 0xff, 0x50, 0x0, 0x7f, 0xff,
    0xff, 0xa0, 0x0, 0x0, 0x1, 0x5e, 0xff, 0xff,
    0xf9, 0x0, 0x0, 0x7f, 0xff, 0xff, 0xa0, 0x0,
    0x4f, 0xff, 0xff, 0xff, 0xff, 0x70, 0x0, 0x0,
    0x7f, 0xff, 0xff, 0xa0, 0x0, 0x4f, 0xff, 0xff,
    0xff, 0x91, 0x0, 0x0, 0x0, 0x7f, 0xff, 0xff,
    0xa0, 0x0, 0x4f, 0xff, 0xff, 0xff, 0xfd, 0x81,
    0x0, 0x0, 0x7f, 0xff, 0xff, 0xa0, 0x0, 0x4f,
    0xff, 0xff, 0xff, 0xff, 0xff, 0x60, 0x0, 0x7f,
    0xff, 0xff, 0xa0, 0x0, 0x4f, 0xff, 0xff, 0xff,
    0xff, 0xff, 0xf7, 0x0, 0x7f, 0xff, 0xff, 0xa0,
    0x0, 0x1, 0x11, 0x25, 0xbf, 0xff, 0xff, 0xff,
    0x30, 0x7f, 0xff, 0xff, 0xa0, 0x0, 0x0, 0x0,
    0x0, 0x4, 0xff, 0xff, 0xff, 0xc0, 0x7f, 0xff,
    0xff, 0xa0, 0x0, 0x0, 0x0, 0x0, 0x0, 0x5f,
    0xff, 0xff, 0xf3, 0x7f, 0xff, 0xff, 0xa0, 0x0,
    0x0, 0x0, 0x0, 0x0, 0xc, 0xff, 0xff, 0xf7,
    0x7f, 0xff, 0xff, 0xa0, 0x0, 0x0, 0x0, 0x0,
    0x0, 0x8, 0xff, 0xff, 0xfa, 0x7f, 0xff, 0xff,
    0xa0, 0x0, 0x0, 0x0, 0x0, 0x0, 0x7, 0xff,
    0xff, 0xfb, 0x7f, 0xff, 0xff, 0xa0, 0x0, 0x0,
    0x0, 0x0, 0x0, 0x8, 0xff, 0xff, 0xfb, 0x7f,
    0xff, 0xff, 0xa0, 0x0, 0x0, 0x0, 0x0, 0x0,
    0xc, 0xff, 0xff, 0xfa, 0x7f, 0xff, 0xff, 0xa0,
    0x0, 0x0, 0x0, 0x0, 0x0, 0x4f, 0xff, 0xff,
    0xf7, 0x7f, 0xff, 0xff, 0xa0, 0x0, 0x0, 0x0,
    0x0, 0x3, 0xef, 0xff, 0xff, 0xf3, 0x7f, 0xff,
    0xff, 0xa0, 0x0, 0x14, 0x44, 0x46, 0xaf, 0xff,
    0xff, 0xff, 0xc0, 0x7f, 0xff, 0xff, 0xa0, 0x0,
    0x6f, 0xff, 0xff, 0xff, 0xff, 0xff, 0xff, 0x40,
    0x7f, 0xff, 0xff, 0xa0, 0x0, 0x6f, 0xff, 0xff,
    0xff, 0xff, 0xff, 0xf7, 0x0, 0x7f, 0xff, 0xff,
    0xa0, 0x0, 0x6f, 0xff, 0xff, 0xff, 0xff, 0xff,
    0x70, 0x0, 0x7f, 0xff, 0xff, 0xa0, 0x0, 0x6f,
    0xff, 0xff, 0xff, 0xff, 0xc3, 0x0, 0x0, 0x7f,
    0xff, 0xff, 0xa0, 0x0, 0x6f, 0xff, 0xff, 0xec,
    0x83, 0x0, 0x0, 0x0,

    /* U+00E0 "à" */
    0x0, 0x0, 0x1, 0x44, 0x44, 0x43, 0x0, 0x0,
    0x0, 0x0, 0x0, 0x0, 0x0, 0x0, 0x0, 0xcf,
    0xff, 0xfe, 0x0, 0x0, 0x0, 0x0, 0x0, 0x0,
    0x0, 0x0, 0x0, 0x3f, 0xff, 0xff, 0x60, 0x0,
    0x0, 0x0, 0x0, 0x0, 0x0, 0x0, 0x0, 0x8,
    0xff, 0xff, 0xd0, 0x0, 0x0, 0x0, 0x0, 0x0,
    0x0, 0x0, 0x0, 0x0, 0xdf, 0xff, 0xf4, 0x0,
    0x0, 0x0, 0x0, 0x0, 0x0, 0x0, 0x0, 0x0,
    0x3f, 0xff, 0xfb, 0x0, 0x0, 0x0, 0x0, 0x0,
    0x0, 0x0, 0x0, 0x0, 0x9, 0xff, 0xff, 0x20,
    0x0, 0x0, 0x0, 0x0, 0x0, 0x0, 0x0, 0x0,
    0x0, 0xef, 0xff, 0x90, 0x0, 0x0, 0x0, 0x0,
    0x0, 0x0, 0x0, 0x0, 0x0, 0x0, 0x0, 0x0,
    0x0, 0x0, 0x0, 0x0, 0x0, 0x0, 0x0, 0x0,
    0x0, 0x0, 0x0, 0x0, 0x0, 0x0, 0x0, 0x0,
    0x0, 0x0, 0x0, 0x0, 0x0, 0x0, 0x0, 0x0,
    0x0, 0x0, 0x0, 0x0, 0x0, 0x0, 0x0, 0x1,
    0x6a, 0xde, 0xff, 0xeb, 0x83, 0x0, 0x0, 0x0,
    0x0, 0x0, 0x2, 0xaf, 0xff, 0xff, 0xff, 0xff,
    0xff, 0xc4, 0x0, 0x0, 0x0, 0x0, 0x6f, 0xff,
    0xff, 0xff, 0xff, 0xff, 0xff, 0xff, 0x80, 0x0,
    0x0, 0x7, 0xff, 0xff, 0xff, 0xff, 0xff, 0xff,
    0xff, 0xff, 0xf7, 0x0, 0x0, 0x4f, 0xff, 0xff,
    0xff, 0xfd, 0xcd, 0xff, 0xff, 0xff, 0xff, 0x30,
    0x0, 0xdf, 0xff, 0xff, 0xf8, 0x10, 0x0, 0x7,
    0xff, 0xff, 0xff, 0xa0, 0x4, 0xff, 0xff, 0xff,
    0x40, 0x0, 0x0, 0x0, 0x6f, 0xff, 0xff, 0xf0,
    0x0, 0x25, 0x9c, 0xf8, 0x0, 0x0, 0x0, 0x0,
    0xf, 0xff, 0xff, 0xf2, 0x0, 0x0, 0x0, 0x0,
    0x0, 0x0, 0x0, 0x0, 0xc, 0xff, 0xff, 0xf4,
    0x0, 0x0, 0x0, 0x0, 0x0, 0x0, 0x0, 0x0,
    0xd, 0xff, 0xff, 0xf5, 0x0, 0x0, 0x0, 0x0,
    0x0, 0x0, 0x0, 0x14, 0xaf, 0xff, 0xff, 0xf5,
    0x0, 0x0, 0x0, 0x0, 0x36, 0x8a, 0xce, 0xff,
    0xff, 0xff, 0xff, 0xf5, 0x0, 0x0, 0x5, 0xbf,
    0xff, 0xff, 0xff, 0xff, 0xff, 0xff, 0xff, 0xf5,
    0x0, 0x4, 0xef, 0xff, 0xff, 0xff, 0xff, 0xff,
    0xff, 0xff, 0xff, 0xf5, 0x0, 0x6f, 0xff, 0xff,
    0xff, 0xff, 0xff, 0xfe, 0x9c, 0xff, 0xff, 0xf5,
    0x3, 0xff, 0xff, 0xff, 0xff, 0xc9, 0x64, 0x10,
    0xb, 0xff, 0xff, 0xf5, 0xb, 0xff, 0xff, 0xff,
    0x81, 0x0, 0x0, 0x0, 0xb, 0xff, 0xff, 0xf5,
    0xf, 0xff, 0xff, 0xf4, 0x0, 0x0, 0x0, 0x0,
    0xb, 0xff, 0xff, 0xf5, 0x2f, 0xff, 0xff, 0xd0,
    0x0, 0x0, 0x0, 0x0, 0xd, 0xff, 0xff, 0xf5,
    0x3f, 0xff, 0xff, 0xb0, 0x0, 0x0, 0x0, 0x0,
    0x2f, 0xff, 0xff, 0xf5, 0x2f, 0xff, 0xff, 0xd0,
    0x0, 0x0, 0x0, 0x0, 0xcf, 0xff, 0xff, 0xf5,
    0xf, 0xff, 0xff, 0xf6, 0x0, 0x0, 0x0, 0xa,
    0xff, 0xff, 0xff, 0xf5, 0xb, 0xff, 0xff, 0xff,
    0xb5, 0x32, 0x37, 0xef, 0xff, 0xff, 0xff, 0xf5,
    0x4, 0xff, 0xff, 0xff, 0xff, 0xff, 0xff, 0xff,
    0xfb, 0xff, 0xff, 0xf5, 0x0, 0x8f, 0xff, 0xff,
    0xff, 0xff, 0xff, 0xff, 0x78, 0xff, 0xff, 0xf5,
    0x0, 0x9, 0xff, 0xff, 0xff, 0xff, 0xff, 0xf7,
    0x8, 0xff, 0xff, 0xf5, 0x0, 0x0, 0x3b, 0xff,
    0xff, 0xff, 0xfc, 0x30, 0x8, 0xff, 0xff, 0xf5,
    0x0, 0x0, 0x0, 0x14, 0x67, 0x75, 0x10, 0x0,
    0x0, 0x0, 0x0, 0x0,

    /* U+00E1 "á" */
    0x0, 0x0, 0x0, 0x0, 0x0, 0x0, 0x2, 0x44,
    0x44, 0x41, 0x0, 0x0, 0x0, 0x0, 0x0, 0x0,
    0x0, 0x0, 0xd, 0xff, 0xff, 0xd0, 0x0, 0x0,
    0x0, 0x0, 0x0, 0x0, 0x0, 0x0, 0x4f, 0xff,
    0xff, 0x40, 0x0, 0x0, 0x0, 0x0, 0x0, 0x0,
    0x0, 0x0, 0xbf, 0xff, 0xf9, 0x0, 0x0, 0x0,
    0x0, 0x0, 0x0, 0x0, 0x0, 0x2, 0xff, 0xff,
    0xe0, 0x0, 0x0, 0x0, 0x0, 0x0, 0x0, 0x0,
    0x0, 0xa, 0xff, 0xff, 0x40, 0x0, 0x0, 0x0,
    0x0, 0x0, 0x0, 0x0, 0x0, 0x1f, 0xff, 0xfa,
    0x0, 0x0, 0x0, 0x0, 0x0, 0x0, 0x0, 0x0,
    0x0, 0x8f, 0xff, 0xe1, 0x0, 0x0, 0x0, 0x0,
    0x0, 0x0, 0x0, 0x0, 0x0, 0x0, 0x0, 0x0,
    0x0, 0x0, 0x0, 0x0, 0x0, 0x0, 0x0, 0x0,
    0x0, 0x0, 0x0, 0x0, 0x0, 0x0, 0x0, 0x0,
    0x0, 0x0, 0x0, 0x0, 0x0, 0x0, 0x0, 0x0,
    0x0, 0x0, 0x0, 0x0, 0x0, 0x0, 0x0, 0x1,
    0x6a, 0xde, 0xff, 0xeb, 0x83, 0x0, 0x0, 0x0,
    0x0, 0x0, 0x2, 0xaf, 0xff, 0xff, 0xff, 0xff,
    0xff, 0xc4, 0x0, 0x0, 0x0, 0x0, 0x6f, 0xff,
    0xff, 0xff, 0xff, 0xff, 0xff, 0xff, 0x80, 0x0,
    0x0, 0x7, 0xff, 0xff, 0xff, 0xff, 0xff, 0xff,
    0xff, 0xff, 0xf7, 0x0, 0x0, 0x4f, 0xff, 0xff,
    0xff, 0xfd, 0xcd, 0xff, 0xff, 0xff, 0xff, 0x30,
    0x0, 0xdf, 0xff, 0xff, 0xf8, 0x10, 0x0, 0x7,
    0xff, 0xff, 0xff, 0xa0, 0x4, 0xff, 0xff, 0xff,
    0x40, 0x0, 0x0, 0x0, 0x6f, 0xff, 0xff, 0xf0,
    0x0, 0x25, 0x9c, 0xf8, 0x0, 0x0, 0x0, 0x0,
    0xf, 0xff, 0xff, 0xf2, 0x0, 0x0, 0x0, 0x0,
    0x0, 0x0, 0x0, 0x0, 0xc, 0xff, 0xff, 0xf4,
    0x0, 0x0, 0x0, 0x0, 0x0, 0x0, 0x0, 0x0,
    0xd, 0xff, 0xff, 0xf5, 0x0, 0x0, 0x0, 0x0,
    0x0, 0x0, 0x0, 0x14, 0xaf, 0xff, 0xff, 0xf5,
    0x0, 0x0, 0x0, 0x0, 0x36, 0x8a, 0xce, 0xff,
    0xff, 0xff, 0xff, 0xf5, 0x0, 0x0, 0x5, 0xbf,
    0xff, 0xff, 0xff, 0xff, 0xff, 0xff, 0xff, 0xf5,
    0x0, 0x4, 0xef, 0xff, 0xff, 0xff, 0xff, 0xff,
    0xff, 0xff, 0xff, 0xf5, 0x0, 0x6f, 0xff, 0xff,
    0xff, 0xff, 0xff, 0xfe, 0x9c, 0xff, 0xff, 0xf5,
    0x3, 0xff, 0xff, 0xff, 0xff, 0xc9, 0x64, 0x10,
    0xb, 0xff, 0xff, 0xf5, 0xb, 0xff, 0xff, 0xff,
    0x81, 0x0, 0x0, 0x0, 0xb, 0xff, 0xff, 0xf5,
    0xf, 0xff, 0xff, 0xf4, 0x0, 0x0, 0x0, 0x0,
    0xb, 0xff, 0xff, 0xf5, 0x2f, 0xff, 0xff, 0xd0,
    0x0, 0x0, 0x0, 0x0, 0xd, 0xff, 0xff, 0xf5,
    0x3f, 0xff, 0xff, 0xb0, 0x0, 0x0, 0x0, 0x0,
    0x2f, 0xff, 0xff, 0xf5, 0x2f, 0xff, 0xff, 0xd0,
    0x0, 0x0, 0x0, 0x0, 0xcf, 0xff, 0xff, 0xf5,
    0xf, 0xff, 0xff, 0xf6, 0x0, 0x0, 0x0, 0xa,
    0xff, 0xff, 0xff, 0xf5, 0xb, 0xff, 0xff, 0xff,
    0xb5, 0x32, 0x37, 0xef, 0xff, 0xff, 0xff, 0xf5,
    0x4, 0xff, 0xff, 0xff, 0xff, 0xff, 0xff, 0xff,
    0xfb, 0xff, 0xff, 0xf5, 0x0, 0x8f, 0xff, 0xff,
    0xff, 0xff, 0xff, 0xff, 0x78, 0xff, 0xff, 0xf5,
    0x0, 0x9, 0xff, 0xff, 0xff, 0xff, 0xff, 0xf7,
    0x8, 0xff, 0xff, 0xf5, 0x0, 0x0, 0x3b, 0xff,
    0xff, 0xff, 0xfc, 0x30, 0x8, 0xff, 0xff, 0xf5,
    0x0, 0x0, 0x0, 0x14, 0x67, 0x75, 0x10, 0x0,
    0x0, 0x0, 0x0, 0x0,

    /* U+00E2 "â" */
    0x0, 0x0, 0x0, 0x0, 0x1, 0x78, 0x88, 0x82,
    0x0, 0x0, 0x0, 0x0, 0x0, 0x0, 0x0, 0x0,
    0xc, 0xff, 0xff, 0xfd, 0x10, 0x0, 0x0, 0x0,
    0x0, 0x0, 0x0, 0x0, 0xbf, 0xff, 0xff, 0xff,
    0xc0, 0x0, 0x0, 0x0, 0x0, 0x0, 0x0, 0xa,
    0xff, 0xff, 0xbf, 0xff, 0xfb, 0x0, 0x0, 0x0,
    0x0, 0x0, 0x0, 0x9f, 0xff, 0xfa, 0x8, 0xff,
    0xff, 0xa0, 0x0, 0x0, 0x0, 0x0, 0x8, 0xff,
    0xff, 0xd0, 0x0, 0xbf, 0xff, 0xf9, 0x0, 0x0,
    0x0, 0x0, 0x7f, 0xff, 0xfe, 0x20, 0x0, 0x1d,
    0xff, 0xff, 0x70, 0x0, 0x0, 0x1, 0x78, 0x88,
    0x83, 0x0, 0x0, 0x2, 0x88, 0x88, 0x71, 0x0,
    0x0, 0x0, 0x0, 0x0, 0x0, 0x0, 0x0, 0x0,
    0x0, 0x0, 0x0, 0x0, 0x0, 0x0, 0x0, 0x0,
    0x0, 0x0, 0x0, 0x0, 0x0, 0x0, 0x0, 0x0,
    0x0, 0x0, 0x0, 0x0, 0x0, 0x0, 0x0, 0x0,
    0x0, 0x0, 0x0, 0x0, 0x0, 0x0, 0x0, 0x1,
    0x6a, 0xde, 0xff, 0xeb, 0x83, 0x0, 0x0, 0x0,
    0x0, 0x0, 0x2, 0xaf, 0xff, 0xff, 0xff, 0xff,
    0xff, 0xc4, 0x0, 0x0, 0x0, 0x0, 0x6f, 0xff,
    0xff, 0xff, 0xff, 0xff, 0xff, 0xff, 0x80, 0x0,
    0x0, 0x7, 0xff, 0xff, 0xff, 0xff, 0xff, 0xff,
    0xff, 0xff, 0xf7, 0x0, 0x0, 0x4f, 0xff, 0xff,
    0xff, 0xfd, 0xcd, 0xff, 0xff, 0xff, 0xff, 0x30,
    0x0, 0xdf, 0xff, 0xff, 0xf8, 0x10, 0x0, 0x7,
    0xff, 0xff, 0xff, 0xa0, 0x4, 0xff, 0xff, 0xff,
    0x40, 0x0, 0x0, 0x0, 0x6f, 0xff, 0xff, 0xf0,
    0x0, 0x25, 0x9c, 0xf8, 0x0, 0x0, 0x0, 0x0,
    0xf, 0xff, 0xff, 0xf2, 0x0, 0x0, 0x0, 0x0,
    0x0, 0x0, 0x0, 0x0, 0xc, 0xff, 0xff, 0xf4,
    0x0, 0x0, 0x0, 0x0, 0x0, 0x0, 0x0, 0x0,
    0xd, 0xff, 0xff, 0xf5, 0x0, 0x0, 0x0, 0x0,
    0x0, 0x0, 0x0, 0x14, 0xaf, 0xff, 0xff, 0xf5,
    0x0, 0x0, 0x0, 0x0, 0x36, 0x8a, 0xce, 0xff,
    0xff, 0xff, 0xff, 0xf5, 0x0, 0x0, 0x5, 0xbf,
    0xff, 0xff, 0xff, 0xff, 0xff, 0xff, 0xff, 0xf5,
    0x0, 0x4, 0xef, 0xff, 0xff, 0xff, 0xff, 0xff,
    0xff, 0xff, 0xff, 0xf5, 0x0, 0x6f, 0xff, 0xff,
    0xff, 0xff, 0xff, 0xfe, 0x9c, 0xff, 0xff, 0xf5,
    0x3, 0xff, 0xff, 0xff, 0xff, 0xc9, 0x64, 0x10,
    0xb, 0xff, 0xff, 0xf5, 0xb, 0xff, 0xff, 0xff,
    0x81, 0x0, 0x0, 0x0, 0xb, 0xff, 0xff, 0xf5,
    0xf, 0xff, 0xff, 0xf4, 0x0, 0x0, 0x0, 0x0,
    0xb, 0xff, 0xff, 0xf5, 0x2f, 0xff, 0xff, 0xd0,
    0x0, 0x0, 0x0, 0x0, 0xd, 0xff, 0xff, 0xf5,
    0x3f, 0xff, 0xff, 0xb0, 0x0, 0x0, 0x0, 0x0,
    0x2f, 0xff, 0xff, 0xf5, 0x2f, 0xff, 0xff, 0xd0,
    0x0, 0x0, 0x0, 0x0, 0xcf, 0xff, 0xff, 0xf5,
    0xf, 0xff, 0xff, 0xf6, 0x0, 0x0, 0x0, 0xa,
    0xff, 0xff, 0xff, 0xf5, 0xb, 0xff, 0xff, 0xff,
    0xb5, 0x32, 0x37, 0xef, 0xff, 0xff, 0xff, 0xf5,
    0x4, 0xff, 0xff, 0xff, 0xff, 0xff, 0xff, 0xff,
    0xfb, 0xff, 0xff, 0xf5, 0x0, 0x8f, 0xff, 0xff,
    0xff, 0xff, 0xff, 0xff, 0x78, 0xff, 0xff, 0xf5,
    0x0, 0x9, 0xff, 0xff, 0xff, 0xff, 0xff, 0xf7,
    0x8, 0xff, 0xff, 0xf5, 0x0, 0x0, 0x3b, 0xff,
    0xff, 0xff, 0xfc, 0x30, 0x8, 0xff, 0xff, 0xf5,
    0x0, 0x0, 0x0, 0x14, 0x67, 0x75, 0x10, 0x0,
    0x0, 0x0, 0x0, 0x0,

    /* U+00E3 "ã" */
    0x0, 0x0, 0x0, 0x8, 0xef, 0xd8, 0x10, 0x0,
    0x4f, 0xff, 0x30, 0x0, 0x0, 0x0, 0x0, 0xbf,
    0xff, 0xff, 0xe6, 0x0, 0x9f, 0xff, 0x20, 0x0,
    0x0, 0x0, 0x6, 0xff, 0xff, 0xff, 0xff, 0xec,
    0xff, 0xfe, 0x0, 0x0, 0x0, 0x0, 0xc, 0xff,
    0xfc, 0xdf, 0xff, 0xff, 0xff, 0xf8, 0x0, 0x0,
    0x0, 0x0, 0xf, 0xff, 0xc0, 0x4, 0xdf, 0xff,
    0xff, 0xd0, 0x0, 0x0, 0x0, 0x0, 0x1f, 0xff,
    0x70, 0x0, 0x7, 0xdf, 0xe9, 0x10, 0x0, 0x0,
    0x0, 0x0, 0x0, 0x0, 0x0, 0x0, 0x0, 0x0,
    0x0, 0x0, 0x0, 0x0, 0x0, 0x0, 0x0, 0x0,
    0x0, 0x0, 0x0, 0x0, 0x0, 0x0, 0x0, 0x0,
    0x0, 0x0, 0x0, 0x0, 0x0, 0x0, 0x0, 0x0,
    0x0, 0x0, 0x0, 0x0, 0x0, 0x0, 0x0, 0x0,
    0x0, 0x0, 0x0, 0x0, 0x0, 0x0, 0x0, 0x0,
    0x0, 0x0, 0x0, 0x1, 0x6a, 0xde, 0xff, 0xeb,
    0x83, 0x0, 0x0, 0x0, 0x0, 0x0, 0x2, 0xaf,
    0xff, 0xff, 0xff, 0xff, 0xff, 0xc4, 0x0, 0x0,
    0x0, 0x0, 0x6f, 0xff, 0xff, 0xff, 0xff, 0xff,
    0xff, 0xff, 0x80, 0x0, 0x0, 0x7, 0xff, 0xff,
    0xff, 0xff, 0xff, 0xff, 0xff, 0xff, 0xf7, 0x0,
    0x0, 0x4f, 0xff, 0xff, 0xff, 0xfd, 0xcd, 0xff,
    0xff, 0xff, 0xff, 0x30, 0x0, 0xdf, 0xff, 0xff,
    0xf8, 0x10, 0x0, 0x7, 0xff, 0xff, 0xff, 0xa0,
    0x4, 0xff, 0xff, 0xff, 0x40, 0x0, 0x0, 0x0,
    0x6f, 0xff, 0xff, 0xf0, 0x0, 0x25, 0x9c, 0xf8,
    0x0, 0x0, 0x0, 0x0, 0xf, 0xff, 0xff, 0xf2,
    0x0, 0x0, 0x0, 0x0, 0x0, 0x0, 0x0, 0x0,
    0xc, 0xff, 0xff, 0xf4, 0x0, 0x0, 0x0, 0x0,
    0x0, 0x0, 0x0, 0x0, 0xd, 0xff, 0xff, 0xf5,
    0x0, 0x0, 0x0, 0x0, 0x0, 0x0, 0x0, 0x14,
    0xaf, 0xff, 0xff, 0xf5, 0x0, 0x0, 0x0, 0x0,
    0x36, 0x8a, 0xce, 0xff, 0xff, 0xff, 0xff, 0xf5,
    0x0, 0x0, 0x5, 0xbf, 0xff, 0xff, 0xff, 0xff,
    0xff, 0xff, 0xff, 0xf5, 0x0, 0x4, 0xef, 0xff,
    0xff, 0xff, 0xff, 0xff, 0xff, 0xff, 0xff, 0xf5,
    0x0, 0x6f, 0xff, 0xff, 0xff, 0xff, 0xff, 0xfe,
    0x9c, 0xff, 0xff, 0xf5, 0x3, 0xff, 0xff, 0xff,
    0xff, 0xc9, 0x64, 0x10, 0xb, 0xff, 0xff, 0xf5,
    0xb, 0xff, 0xff, 0xff, 0x81, 0x0, 0x0, 0x0,
    0xb, 0xff, 0xff, 0xf5, 0xf, 0xff, 0xff, 0xf4,
    0x0, 0x0, 0x0, 0x0, 0xb, 0xff, 0xff, 0xf5,
    0x2f, 0xff, 0xff, 0xd0, 0x0, 0x0, 0x0, 0x0,
    0xd, 0xff, 0xff, 0xf5, 0x3f, 0xff, 0xff, 0xb0,
    0x0, 0x0, 0x0, 0x0, 0x2f, 0xff, 0xff, 0xf5,
    0x2f, 0xff, 0xff, 0xd0, 0x0, 0x0, 0x0, 0x0,
    0xcf, 0xff, 0xff, 0xf5, 0xf, 0xff, 0xff, 0xf6,
    0x0, 0x0, 0x0, 0xa, 0xff, 0xff, 0xff, 0xf5,
    0xb, 0xff, 0xff, 0xff, 0xb5, 0x32, 0x37, 0xef,
    0xff, 0xff, 0xff, 0xf5, 0x4, 0xff, 0xff, 0xff,
    0xff, 0xff, 0xff, 0xff, 0xfb, 0xff, 0xff, 0xf5,
    0x0, 0x8f, 0xff, 0xff, 0xff, 0xff, 0xff, 0xff,
    0x78, 0xff, 0xff, 0xf5, 0x0, 0x9, 0xff, 0xff,
    0xff, 0xff, 0xff, 0xf7, 0x8, 0xff, 0xff, 0xf5,
    0x0, 0x0, 0x3b, 0xff, 0xff, 0xff, 0xfc, 0x30,
    0x8, 0xff, 0xff, 0xf5, 0x0, 0x0, 0x0, 0x14,
    0x67, 0x75, 0x10, 0x0, 0x0, 0x0, 0x0, 0x0,

    /* U+00E4 "ä" */
    0x0, 0x0, 0x4, 0xcf, 0xc3, 0x0, 0x0, 0x2,
    0xbf, 0xd5, 0x0, 0x0, 0x0, 0x0, 0x3f, 0xff,
    0xff, 0x20, 0x0, 0x1e, 0xff, 0xff, 0x50, 0x0,
    0x0, 0x0, 0xaf, 0xff, 0xff, 0x90, 0x0, 0x7f,
    0xff, 0xff, 0xc0, 0x0, 0x0, 0x0, 0xbf, 0xff,
    0xff, 0xa0, 0x0, 0x8f, 0xff, 0xff, 0xe0, 0x0,
    0x0, 0x0, 0x8f, 0xff, 0xff, 0x60, 0x0, 0x4f,
    0xff, 0xff, 0xa0, 0x0, 0x0, 0x0, 0xc, 0xff,
    0xfb, 0x0, 0x0, 0x9, 0xff, 0xfd, 0x10, 0x0,
    0x0, 0x0, 0x0, 0x57, 0x40, 0x0, 0x0, 0x0,
    0x37, 0x50, 0x0, 0x0, 0x0, 0x0, 0x0, 0x0,
    0x0, 0x0, 0x0, 0x0, 0x0, 0x0, 0x0, 0x0,
    0x0, 0x0, 0x0, 0x0, 0x0, 0x0, 0x0, 0x0,
    0x0, 0x0, 0x0, 0x0, 0x0, 0x0, 0x0, 0x0,
    0x0, 0x0, 0x0, 0x0, 0x0, 0x0, 0x0, 0x0,
    0x0, 0x0, 0x0, 0x1, 0x6a, 0xde, 0xff, 0xeb,
    0x83, 0x0, 0x0, 0x0, 0x0, 0x0, 0x2, 0xaf,
    0xff, 0xff, 0xff, 0xff, 0xff, 0xc4, 0x0, 0x0,
    0x0, 0x0, 0x6f, 0xff, 0xff, 0xff, 0xff, 0xff,
    0xff, 0xff, 0x80, 0x0, 0x0, 0x7, 0xff, 0xff,
    0xff, 0xff, 0xff, 0xff, 0xff, 0xff, 0xf7, 0x0,
    0x0, 0x4f, 0xff, 0xff, 0xff, 0xfd, 0xcd, 0xff,
    0xff, 0xff, 0xff, 0x30, 0x0, 0xdf, 0xff, 0xff,
    0xf8, 0x10, 0x0, 0x7, 0xff, 0xff, 0xff, 0xa0,
    0x4, 0xff, 0xff, 0xff, 0x40, 0x0, 0x0, 0x0,
    0x6f, 0xff, 0xff, 0xf0, 0x0, 0x25, 0x9c, 0xf8,
    0x0, 0x0, 0x0, 0x0, 0xf, 0xff, 0xff, 0xf2,
    0x0, 0x0, 0x0, 0x0, 0x0, 0x0, 0x0, 0x0,
    0xc, 0xff, 0xff, 0xf4, 0x0, 0x0, 0x0, 0x0,
    0x0, 0x0, 0x0, 0x0, 0xd, 0xff, 0xff, 0xf5,
    0x0, 0x0, 0x0, 0x0, 0x0, 0x0, 0x0, 0x14,
    0xaf, 0xff, 0xff, 0xf5, 0x0, 0x0, 0x0, 0x0,
    0x36, 0x8a, 0xce, 0xff, 0xff, 0xff, 0xff, 0xf5,
    0x0, 0x0, 0x5, 0xbf, 0xff, 0xff, 0xff, 0xff,
    0xff, 0xff, 0xff, 0xf5, 0x0, 0x4, 0xef, 0xff,
    0xff, 0xff, 0xff, 0xff, 0xff, 0xff, 0xff, 0xf5,
    0x0, 0x6f, 0xff, 0xff, 0xff, 0xff, 0xff, 0xfe,
    0x9c, 0xff, 0xff, 0xf5, 0x3, 0xff, 0xff, 0xff,
    0xff, 0xc9, 0x64, 0x10, 0xb, 0xff, 0xff, 0xf5,
    0xb, 0xff, 0xff, 0xff, 0x81, 0x0, 0x0, 0x0,
    0xb, 0xff, 0xff, 0xf5, 0xf, 0xff, 0xff, 0xf4,
    0x0, 0x0, 0x0, 0x0, 0xb, 0xff, 0xff, 0xf5,
    0x2f, 0xff, 0xff, 0xd0, 0x0, 0x0, 0x0, 0x0,
    0xd, 0xff, 0xff, 0xf5, 0x3f, 0xff, 0xff, 0xb0,
    0x0, 0x0, 0x0, 0x0, 0x2f, 0xff, 0xff, 0xf5,
    0x2f, 0xff, 0xff, 0xd0, 0x0, 0x0, 0x0, 0x0,
    0xcf, 0xff, 0xff, 0xf5, 0xf, 0xff, 0xff, 0xf6,
    0x0, 0x0, 0x0, 0xa, 0xff, 0xff, 0xff, 0xf5,
    0xb, 0xff, 0xff, 0xff, 0xb5, 0x32, 0x37, 0xef,
    0xff, 0xff, 0xff, 0xf5, 0x4, 0xff, 0xff, 0xff,
    0xff, 0xff, 0xff, 0xff, 0xfb, 0xff, 0xff, 0xf5,
    0x0, 0x8f, 0xff, 0xff, 0xff, 0xff, 0xff, 0xff,
    0x78, 0xff, 0xff, 0xf5, 0x0, 0x9, 0xff, 0xff,
    0xff, 0xff, 0xff, 0xf7, 0x8, 0xff, 0xff, 0xf5,
    0x0, 0x0, 0x3b, 0xff, 0xff, 0xff, 0xfc, 0x30,
    0x8, 0xff, 0xff, 0xf5, 0x0, 0x0, 0x0, 0x14,
    0x67, 0x75, 0x10, 0x0, 0x0, 0x0, 0x0, 0x0,

    /* U+00E5 "å" */
    0x0, 0x0, 0x0, 0x0, 0x3, 0xad, 0xfe, 0xa4,
    0x0, 0x0, 0x0, 0x0, 0x0, 0x0, 0x0, 0x0,
    0x8f, 0xff, 0xff, 0xff, 0x90, 0x0, 0x0, 0x0,
    0x0, 0x0, 0x0, 0x7, 0xff, 0xff, 0xff, 0xff,
    0xf9, 0x0, 0x0, 0x0, 0x0, 0x0, 0x0, 0x2f,
    0xff, 0xf6, 0x36, 0xef, 0xff, 0x40, 0x0, 0x0,
    0x0, 0x0, 0x0, 0x8f, 0xff, 0x30, 0x0, 0x2f,
    0xff, 0xa0, 0x0, 0x0, 0x0, 0x0, 0x0, 0xbf,
    0xfd, 0x0, 0x0, 0xa, 0xff, 0xd0, 0x0, 0x0,
    0x0, 0x0, 0x0, 0xbf, 0xfc, 0x0, 0x0, 0xa,
    0xff, 0xd0, 0x0, 0x0, 0x0, 0x0, 0x0, 0x9f,
    0xff, 0x20, 0x0, 0x1e, 0xff, 0xb0, 0x0, 0x0,
    0x0, 0x0, 0x0, 0x3f, 0xff, 0xd4, 0x3, 0xcf,
    0xff, 0x50, 0x0, 0x0, 0x0, 0x0, 0x0, 0xa,
    0xff, 0xff, 0xff, 0xff, 0xfc, 0x0, 0x0, 0x0,
    0x0, 0x0, 0x0, 0x0, 0xbf, 0xff, 0xff, 0xff,
    0xc1, 0x0, 0x0, 0x0, 0x0, 0x0, 0x0, 0x0,
    0x6, 0xcf, 0xff, 0xd7, 0x0, 0x0, 0x0, 0x0,
    0x0, 0x0, 0x0, 0x0, 0x0, 0x0, 0x20, 0x0,
    0x0, 0x0, 0x0, 0x0, 0x0, 0x0, 0x0, 0x0,
    0x0, 0x0, 0x0, 0x0, 0x0, 0x0, 0x0, 0x0,
    0x0, 0x0, 0x0, 0x1, 0x6a, 0xde, 0xff, 0xeb,
    0x83, 0x0, 0x0, 0x0, 0x0, 0x0, 0x2, 0xaf,
    0xff, 0xff, 0xff, 0xff, 0xff, 0xc4, 0x0, 0x0,
    0x0, 0x0, 0x6f, 0xff, 0xff, 0xff, 0xff, 0xff,
    0xff, 0xff, 0x80, 0x0, 0x0, 0x7, 0xff, 0xff,
    0xff, 0xff, 0xff, 0xff, 0xff, 0xff, 0xf7, 0x0,
    0x0, 0x4f, 0xff, 0xff, 0xff, 0xfd, 0xcd, 0xff,
    0xff, 0xff, 0xff, 0x30, 0x0, 0xdf, 0xff, 0xff,
    0xf8, 0x10, 0x0, 0x7, 0xff, 0xff, 0xff, 0xa0,
    0x4, 0xff, 0xff, 0xff, 0x40, 0x0, 0x0, 0x0,
    0x6f, 0xff, 0xff, 0xf0, 0x0, 0x25, 0x9c, 0xf8,
    0x0, 0x0, 0x0, 0x0, 0xf, 0xff, 0xff, 0xf2,
    0x0, 0x0, 0x0, 0x0, 0x0, 0x0, 0x0, 0x0,
    0xc, 0xff, 0xff, 0xf4, 0x0, 0x0, 0x0, 0x0,
    0x0, 0x0, 0x0, 0x0, 0xd, 0xff, 0xff, 0xf5,
    0x0, 0x0, 0x0, 0x0, 0x0, 0x0, 0x0, 0x14,
    0xaf, 0xff, 0xff, 0xf5, 0x0, 0x0, 0x0, 0x0,
    0x36, 0x8a, 0xce, 0xff, 0xff, 0xff, 0xff, 0xf5,
    0x0, 0x0, 0x5, 0xbf, 0xff, 0xff, 0xff, 0xff,
    0xff, 0xff, 0xff, 0xf5, 0x0, 0x4, 0xef, 0xff,
    0xff, 0xff, 0xff, 0xff, 0xff, 0xff, 0xff, 0xf5,
    0x0, 0x6f, 0xff, 0xff, 0xff, 0xff, 0xff, 0xfe,
    0x9c, 0xff, 0xff, 0xf5, 0x3, 0xff, 0xff, 0xff,
    0xff, 0xc9, 0x64, 0x10, 0xb, 0xff, 0xff, 0xf5,
    0xb, 0xff, 0xff, 0xff, 0x81, 0x0, 0x0, 0x0,
    0xb, 0xff, 0xff, 0xf5, 0xf, 0xff, 0xff, 0xf4,
    0x0, 0x0, 0x0, 0x0, 0xb, 0xff, 0xff, 0xf5,
    0x2f, 0xff, 0xff, 0xd0, 0x0, 0x0, 0x0, 0x0,
    0xd, 0xff, 0xff, 0xf5, 0x3f, 0xff, 0xff, 0xb0,
    0x0, 0x0, 0x0, 0x0, 0x2f, 0xff, 0xff, 0xf5,
    0x2f, 0xff, 0xff, 0xd0, 0x0, 0x0, 0x0, 0x0,
    0xcf, 0xff, 0xff, 0xf5, 0xf, 0xff, 0xff, 0xf6,
    0x0, 0x0, 0x0, 0xa, 0xff, 0xff, 0xff, 0xf5,
    0xb, 0xff, 0xff, 0xff, 0xb5, 0x32, 0x37, 0xef,
    0xff, 0xff, 0xff, 0xf5, 0x4, 0xff, 0xff, 0xff,
    0xff, 0xff, 0xff, 0xff, 0xfb, 0xff, 0xff, 0xf5,
    0x0, 0x8f, 0xff, 0xff, 0xff, 0xff, 0xff, 0xff,
    0x78, 0xff, 0xff, 0xf5, 0x0, 0x9, 0xff, 0xff,
    0xff, 0xff, 0xff, 0xf7, 0x8, 0xff, 0xff, 0xf5,
    0x0, 0x0, 0x3b, 0xff, 0xff, 0xff, 0xfc, 0x30,
    0x8, 0xff, 0xff, 0xf5, 0x0, 0x0, 0x0, 0x14,
    0x67, 0x75, 0x10, 0x0, 0x0, 0x0, 0x0, 0x0,

    /* U+00E6 "æ" */
    0x0, 0x0, 0x0, 0x1, 0x6a, 0xde, 0xfe, 0xda,
    0x61, 0x0, 0x0, 0x0, 0x38, 0xcd, 0xff, 0xeb,
    0x72, 0x0, 0x0, 0x0, 0x0, 0x0, 0x0, 0x2a,
    0xff, 0xff, 0xff, 0xff, 0xff, 0xf7, 0x0, 0x2,
    0xbf, 0xff, 0xff, 0xff, 0xff, 0xfb, 0x20, 0x0,
    0x0, 0x0, 0x0, 0x7f, 0xff, 0xff, 0xff, 0xff,
    0xff, 0xff, 0xfa, 0x6, 0xff, 0xff, 0xff, 0xff,
    0xff, 0xff, 0xff, 0x70, 0x0, 0x0, 0x0, 0x8f,
    0xff, 0xff, 0xff, 0xff, 0xff, 0xff, 0xff, 0xfc,
    0xff, 0xff, 0xff, 0xff, 0xff, 0xff, 0xff, 0xff,
    0x80, 0x0, 0x0, 0x4f, 0xff, 0xff, 0xff, 0xfe,
    0xcd, 0xff, 0xff, 0xff, 0xff, 0xff, 0xff, 0xfe,
    0xcd, 0xff, 0xff, 0xff, 0xff, 0x50, 0x0, 0xd,
    0xff, 0xff, 0xff, 0x81, 0x0, 0x0, 0x7f, 0xff,
    0xff, 0xff, 0xff, 0xb3, 0x0, 0x0, 0x5d, 0xff,
    0xff, 0xfe, 0x10, 0x4, 0xff, 0xff, 0xff, 0x40,
    0x0, 0x0, 0x0, 0x6f, 0xff, 0xff, 0xff, 0x90,
    0x0, 0x0, 0x0, 0x1c, 0xff, 0xff, 0xf8, 0x0,
    0x1, 0x47, 0xbe, 0x70, 0x0, 0x0, 0x0, 0x0,
    0xef, 0xff, 0xff, 0xc0, 0x0, 0x0, 0x0, 0x0,
    0x2f, 0xff, 0xff, 0xe0, 0x0, 0x0, 0x0, 0x0,
    0x0, 0x0, 0x0, 0x0, 0xc, 0xff, 0xff, 0xf3,
    0x0, 0x0, 0x0, 0x0, 0x0, 0xaf, 0xff, 0xff,
    0x30, 0x0, 0x0, 0x0, 0x0, 0x0, 0x0, 0x0,
    0x0, 0xcf, 0xff, 0xfd, 0x0, 0x0, 0x0, 0x0,
    0x0, 0x5, 0xff, 0xff, 0xf7, 0x0, 0x0, 0x0,
    0x0, 0x0, 0x0, 0x0, 0x0, 0xc, 0xff, 0xff,
    0xa0, 0x0, 0x0, 0x0, 0x0, 0x0, 0x3f, 0xff,
    0xff, 0x90, 0x0, 0x0, 0x1, 0x59, 0xcd, 0xff,
    0xff, 0xff, 0xff, 0xff, 0xff, 0xff, 0xff, 0xff,
    0xff, 0xff, 0xff, 0xff, 0xff, 0xfb, 0x0, 0x0,
    0x2a, 0xff, 0xff, 0xff, 0xff, 0xff, 0xff, 0xff,
    0xff, 0xff, 0xff, 0xff, 0xff, 0xff, 0xff, 0xff,
    0xff, 0xff, 0xc0, 0x0, 0x7f, 0xff, 0xff, 0xff,
    0xff, 0xff, 0xff, 0xff, 0xff, 0xff, 0xff, 0xff,
    0xff, 0xff, 0xff, 0xff, 0xff, 0xff, 0xfc, 0x0,
    0x8f, 0xff, 0xff, 0xff, 0xff, 0xff, 0xff, 0xff,
    0xff, 0xff, 0xff, 0xff, 0xff, 0xff, 0xff, 0xff,
    0xff, 0xff, 0xff, 0xd0, 0x4f, 0xff, 0xff, 0xff,
    0xc7, 0x43, 0x33, 0x33, 0xdf, 0xff, 0xfa, 0x33,
    0x33, 0x33, 0x33, 0x33, 0x33, 0x33, 0x33, 0x32,
    0xb, 0xff, 0xff, 0xfe, 0x30, 0x0, 0x0, 0x0,
    0xc, 0xff, 0xff, 0xa0, 0x0, 0x0, 0x0, 0x0,
    0x0, 0x0, 0x0, 0x0, 0x0, 0xff, 0xff, 0xff,
    0x30, 0x0, 0x0, 0x0, 0x0, 0xcf, 0xff, 0xfd,
    0x0, 0x0, 0x0, 0x0, 0x0, 0x0, 0x0, 0x0,
    0x0, 0x2f, 0xff, 0xff, 0xc0, 0x0, 0x0, 0x0,
    0x0, 0xe, 0xff, 0xff, 0xf2, 0x0, 0x0, 0x0,
    0x0, 0x0, 0x0, 0x0, 0x0, 0x3, 0xff, 0xff,
    0xfb, 0x0, 0x0, 0x0, 0x0, 0x4, 0xff, 0xff,
    0xff, 0x90, 0x0, 0x0, 0x0, 0x0, 0x6, 0xca,
    0x97, 0x51, 0x2f, 0xff, 0xff, 0xe0, 0x0, 0x0,
    0x0, 0x0, 0xcf, 0xff, 0xff, 0xff, 0x50, 0x0,
    0x0, 0x0, 0x1, 0xef, 0xff, 0xff, 0x40, 0xff,
    0xff, 0xff, 0x70, 0x0, 0x0, 0x0, 0xbf, 0xff,
    0xff, 0xff, 0xff, 0x70, 0x0, 0x0, 0x2, 0xdf,
    0xff, 0xff, 0xe0, 0xb, 0xff, 0xff, 0xff, 0xb5,
    0x32, 0x38, 0xef, 0xff, 0xff, 0xff, 0xff, 0xff,
    0xe9, 0x66, 0x8b, 0xff, 0xff, 0xff, 0xf6, 0x0,
    0x3f, 0xff, 0xff, 0xff, 0xff, 0xff, 0xff, 0xff,
    0xff, 0x4e, 0xff, 0xff, 0xff, 0xff, 0xff, 0xff,
    0xff, 0xff, 0xfa, 0x0, 0x0, 0x9f, 0xff, 0xff,
    0xff, 0xff, 0xff, 0xff, 0xff, 0x40, 0x3e, 0xff,
    0xff, 0xff, 0xff, 0xff, 0xff, 0xff, 0xfb, 0x0,
    0x0, 0x0, 0x8f, 0xff, 0xff, 0xff, 0xff, 0xff,
    0xfc, 0x20, 0x0, 0x2c, 0xff, 0xff, 0xff, 0xff,
    0xff, 0xff, 0xf7, 0x0, 0x0, 0x0, 0x0, 0x3a,
    0xff, 0xff, 0xff, 0xff, 0xb5, 0x0, 0x0, 0x0,
    0x4, 0xbf, 0xff, 0xff, 0xff, 0xfe, 0x82, 0x0,
    0x0, 0x0, 0x0, 0x0, 0x0, 0x46, 0x77, 0x63,
    0x0, 0x0, 0x0, 0x0, 0x0, 0x0, 0x4, 0x67,
    0x76, 0x52, 0x0, 0x0, 0x0, 0x0,

    /* U+00E7 "ç" */
    0x0, 0x0, 0x0, 0x1, 0x6a, 0xde, 0xff, 0xdb,
    0x71, 0x0, 0x0, 0x0, 0x0, 0x0, 0x1, 0x8f,
    0xff, 0xff, 0xff, 0xff, 0xff, 0xa2, 0x0, 0x0,
    0x0, 0x0, 0x3e, 0xff, 0xff, 0xff, 0xff, 0xff,
    0xff, 0xff, 0x50, 0x0, 0x0, 0x4, 0xff, 0xff,
    0xff, 0xff, 0xff, 0xff, 0xff, 0xff, 0xf6, 0x0,
    0x0, 0x2f, 0xff, 0xff, 0xff, 0xff, 0xff, 0xff,
    0xff, 0xff, 0xff, 0x30, 0x0, 0xcf, 0xff, 0xff,
    0xfd, 0x62, 0x1, 0x5b, 0xff, 0xff, 0xff, 0xd0,
    0x5, 0xff, 0xff, 0xff, 0xb0, 0x0, 0x0, 0x0,
    0x8f, 0xff, 0xff, 0xf5, 0xc, 0xff, 0xff, 0xfd,
    0x0, 0x0, 0x0, 0x0, 0xb, 0xff, 0xff, 0xfa,
    0x2f, 0xff, 0xff, 0xf5, 0x0, 0x0, 0x0, 0x0,
    0x3, 0xff, 0xfe, 0xa6, 0x6f, 0xff, 0xff, 0xf0,
    0x0, 0x0, 0x0, 0x0, 0x0, 0x74, 0x10, 0x0,
    0x9f, 0xff, 0xff, 0xa0, 0x0, 0x0, 0x0, 0x0,
    0x0, 0x0, 0x0, 0x0, 0xcf, 0xff, 0xff, 0x70,
    0x0, 0x0, 0x0, 0x0, 0x0, 0x0, 0x0, 0x0,
    0xdf, 0xff, 0xff, 0x50, 0x0, 0x0, 0x0, 0x0,
    0x0, 0x0, 0x0, 0x0, 0xef, 0xff, 0xff, 0x50,
    0x0, 0x0, 0x0, 0x0, 0x0, 0x0, 0x0, 0x0,
    0xef, 0xff, 0xff, 0x50, 0x0, 0x0, 0x0, 0x0,
    0x0, 0x0, 0x0, 0x0, 0xdf, 0xff, 0xff, 0x60,
    0x0, 0x0, 0x0, 0x0, 0x0, 0x0, 0x0, 0x0,
    0xbf, 0xff, 0xff, 0x90, 0x0, 0x0, 0x0, 0x0,
    0x0, 0x0, 0x0, 0x0, 0x8f, 0xff, 0xff, 0xd0,
    0x0, 0x0, 0x0, 0x0, 0x0, 0x20, 0x0, 0x0,
    0x4f, 0xff, 0xff, 0xf2, 0x0, 0x0, 0x0, 0x0,
    0x0, 0xff, 0xc9, 0x52, 0xf, 0xff, 0xff, 0xfa,
    0x0, 0x0, 0x0, 0x0, 0x6, 0xff, 0xff, 0xfc,
    0x9, 0xff, 0xff, 0xff, 0x60, 0x0, 0x0, 0x0,
    0x2f, 0xff, 0xff, 0xf8, 0x1, 0xff, 0xff, 0xff,
    0xf6, 0x0, 0x0, 0x3, 0xef, 0xff, 0xff, 0xf1,
    0x0, 0x7f, 0xff, 0xff, 0xff, 0xea, 0x89, 0xcf,
    0xff, 0xff, 0xff, 0x80, 0x0, 0xa, 0xff, 0xff,
    0xff, 0xff, 0xff, 0xff, 0xff, 0xff, 0xfc, 0x0,
    0x0, 0x0, 0xaf, 0xff, 0xff, 0xff, 0xff, 0xff,
    0xff, 0xff, 0xc1, 0x0, 0x0, 0x0, 0x7, 0xff,
    0xff, 0xff, 0xff, 0xff, 0xff, 0xf9, 0x0, 0x0,
    0x0, 0x0, 0x0, 0x18, 0xef, 0xff, 0xff, 0xff,
    0xf9, 0x20, 0x0, 0x0, 0x0, 0x0, 0x0, 0x0,
    0x2, 0x5f, 0xff, 0x53, 0x0, 0x0, 0x0, 0x0,
    0x0, 0x0, 0x0, 0x0, 0x0, 0xf, 0xfd, 0x0,
    0x0, 0x0, 0x0, 0x0, 0x0, 0x0, 0x0, 0x0,
    0x0, 0x2f, 0xff, 0xfc, 0x70, 0x0, 0x0, 0x0,
    0x0, 0x0, 0x0, 0x0, 0x0, 0x5f, 0xff, 0xff,
    0xfa, 0x0, 0x0, 0x0, 0x0, 0x0, 0x0, 0x0,
    0x0, 0x14, 0x45, 0xcf, 0xff, 0x20, 0x0, 0x0,
    0x0, 0x0, 0x0, 0x0, 0x0, 0x0, 0x0, 0x4f,
    0xff, 0x50, 0x0, 0x0, 0x0, 0x0, 0x0, 0x0,
    0x0, 0x0, 0x0, 0x7f, 0xff, 0x50, 0x0, 0x0,
    0x0, 0x0, 0x0, 0x0, 0x3, 0xbb, 0xbd, 0xff,
    0xff, 0x10, 0x0, 0x0, 0x0, 0x0, 0x0, 0x0,
    0x4, 0xff, 0xff, 0xff, 0xf8, 0x0, 0x0, 0x0,
    0x0, 0x0, 0x0, 0x0, 0x4, 0xff, 0xff, 0xeb,
    0x50, 0x0, 0x0, 0x0,

    /* U+00E8 "è" */
    0x0, 0x0, 0x2, 0x44, 0x44, 0x41, 0x0, 0x0,
    0x0, 0x0, 0x0, 0x0, 0x0, 0x0, 0x0, 0x2f,
    0xff, 0xff, 0xa0, 0x0, 0x0, 0x0, 0x0, 0x0,
    0x0, 0x0, 0x0, 0x0, 0x7f, 0xff, 0xff, 0x20,
    0x0, 0x0, 0x0, 0x0, 0x0, 0x0, 0x0, 0x0,
    0x0, 0xcf, 0xff, 0xf9, 0x0, 0x0, 0x0, 0x0,
    0x0, 0x0, 0x0, 0x0, 0x0, 0x2, 0xff, 0xff,
    0xf0, 0x0, 0x0, 0x0, 0x0, 0x0, 0x0, 0x0,
    0x0, 0x0, 0x8, 0xff, 0xff, 0x70, 0x0, 0x0,
    0x0, 0x0, 0x0, 0x0, 0x0, 0x0, 0x0, 0xd,
    0xff, 0xfe, 0x0, 0x0, 0x0, 0x0, 0x0, 0x0,
    0x0, 0x0, 0x0, 0x0, 0x3f, 0xff, 0xf5, 0x0,
    0x0, 0x0, 0x0, 0x0, 0x0, 0x0, 0x0, 0x0,
    0x0, 0x0, 0x0, 0x0, 0x0, 0x0, 0x0, 0x0,
    0x0, 0x0, 0x0, 0x0, 0x0, 0x0, 0x0, 0x0,
    0x0, 0x0, 0x0, 0x0, 0x0, 0x0, 0x0, 0x0,
    0x0, 0x0, 0x0, 0x0, 0x0, 0x0, 0x0, 0x0,
    0x0, 0x0, 0x0, 0x0, 0x0, 0x16, 0xad, 0xff,
    0xed, 0xa5, 0x0, 0x0, 0x0, 0x0, 0x0, 0x0,
    0x1, 0x9f, 0xff, 0xff, 0xff, 0xff, 0xfe, 0x70,
    0x0, 0x0, 0x0, 0x0, 0x3, 0xef, 0xff, 0xff,
    0xff, 0xff, 0xff, 0xff, 0xd2, 0x0, 0x0, 0x0,
    0x4, 0xff, 0xff, 0xff, 0xff, 0xff, 0xff, 0xff,
    0xff, 0xe2, 0x0, 0x0, 0x2, 0xff, 0xff, 0xff,
    0xff, 0xfe, 0xff, 0xff, 0xff, 0xff, 0xd0, 0x0,
    0x0, 0xcf, 0xff, 0xff, 0xf8, 0x20, 0x0, 0x2a,
    0xff, 0xff, 0xff, 0x80, 0x0, 0x5f, 0xff, 0xff,
    0xf3, 0x0, 0x0, 0x0, 0x6, 0xff, 0xff, 0xff,
    0x10, 0xc, 0xff, 0xff, 0xf5, 0x0, 0x0, 0x0,
    0x0, 0xa, 0xff, 0xff, 0xf7, 0x2, 0xff, 0xff,
    0xfd, 0x0, 0x0, 0x0, 0x0, 0x0, 0x2f, 0xff,
    0xff, 0xc0, 0x6f, 0xff, 0xff, 0x70, 0x0, 0x0,
    0x0, 0x0, 0x0, 0xdf, 0xff, 0xff, 0x9, 0xff,
    0xff, 0xf4, 0x0, 0x0, 0x0, 0x0, 0x0, 0x9,
    0xff, 0xff, 0xf3, 0xcf, 0xff, 0xff, 0xff, 0xff,
    0xff, 0xff, 0xff, 0xff, 0xff, 0xff, 0xff, 0x4d,
    0xff, 0xff, 0xff, 0xff, 0xff, 0xff, 0xff, 0xff,
    0xff, 0xff, 0xff, 0xf5, 0xef, 0xff, 0xff, 0xff,
    0xff, 0xff, 0xff, 0xff, 0xff, 0xff, 0xff, 0xff,
    0x6e, 0xff, 0xff, 0xff, 0xff, 0xff, 0xff, 0xff,
    0xff, 0xff, 0xff, 0xff, 0xf6, 0xdf, 0xff, 0xff,
    0x53, 0x33, 0x33, 0x33, 0x33, 0x33, 0x33, 0x33,
    0x33, 0x1b, 0xff, 0xff, 0xf4, 0x0, 0x0, 0x0,
    0x0, 0x0, 0x0, 0x0, 0x0, 0x0, 0x8f, 0xff,
    0xff, 0x70, 0x0, 0x0, 0x0, 0x0, 0x0, 0x0,
    0x0, 0x0, 0x4, 0xff, 0xff, 0xfc, 0x0, 0x0,
    0x0, 0x0, 0x0, 0x0, 0x0, 0x0, 0x0, 0xf,
    0xff, 0xff, 0xf3, 0x0, 0x0, 0x0, 0x0, 0x0,
    0xba, 0x73, 0x0, 0x0, 0x9f, 0xff, 0xff, 0xd1,
    0x0, 0x0, 0x0, 0x0, 0x6f, 0xff, 0xff, 0xb0,
    0x2, 0xff, 0xff, 0xff, 0xd3, 0x0, 0x0, 0x0,
    0x6f, 0xff, 0xff, 0xf8, 0x0, 0x7, 0xff, 0xff,
    0xff, 0xfc, 0x76, 0x68, 0xef, 0xff, 0xff, 0xfe,
    0x10, 0x0, 0xb, 0xff, 0xff, 0xff, 0xff, 0xff,
    0xff, 0xff, 0xff, 0xff, 0x40, 0x0, 0x0, 0xb,
    0xff, 0xff, 0xff, 0xff, 0xff, 0xff, 0xff, 0xff,
    0x60, 0x0, 0x0, 0x0, 0x7, 0xff, 0xff, 0xff,
    0xff, 0xff, 0xff, 0xfd, 0x30, 0x0, 0x0, 0x0,
    0x0, 0x1, 0x8d, 0xff, 0xff, 0xff, 0xff, 0xc6,
    0x0, 0x0, 0x0, 0x0, 0x0, 0x0, 0x0, 0x2,
    0x56, 0x77, 0x64, 0x10, 0x0, 0x0, 0x0, 0x0,

    /* U+00E9 "é" */
    0x0, 0x0, 0x0, 0x0, 0x0, 0x0, 0x3, 0x44,
    0x44, 0x40, 0x0, 0x0, 0x0, 0x0, 0x0, 0x0,
    0x0, 0x0, 0x2, 0xff, 0xff, 0xf9, 0x0, 0x0,
    0x0, 0x0, 0x0, 0x0, 0x0, 0x0, 0x0, 0x9f,
    0xff, 0xfe, 0x10, 0x0, 0x0, 0x0, 0x0, 0x0,
    0x0, 0x0, 0x0, 0xf, 0xff, 0xff, 0x50, 0x0,
    0x0, 0x0, 0x0, 0x0, 0x0, 0x0, 0x0, 0x7,
    0xff, 0xff, 0xa0, 0x0, 0x0, 0x0, 0x0, 0x0,
    0x0, 0x0, 0x0, 0x0, 0xef, 0xff, 0xe1, 0x0,
    0x0, 0x0, 0x0, 0x0, 0x0, 0x0, 0x0, 0x0,
    0x5f, 0xff, 0xf6, 0x0, 0x0, 0x0, 0x0, 0x0,
    0x0, 0x0, 0x0, 0x0, 0xc, 0xff, 0xfb, 0x0,
    0x0, 0x0, 0x0, 0x0, 0x0, 0x0, 0x0, 0x0,
    0x0, 0x0, 0x0, 0x0, 0x0, 0x0, 0x0, 0x0,
    0x0, 0x0, 0x0, 0x0, 0x0, 0x0, 0x0, 0x0,
    0x0, 0x0, 0x0, 0x0, 0x0, 0x0, 0x0, 0x0,
    0x0, 0x0, 0x0, 0x0, 0x0, 0x0, 0x0, 0x0,
    0x0, 0x0, 0x0, 0x0, 0x0, 0x16, 0xad, 0xff,
    0xed, 0xa5, 0x0, 0x0, 0x0, 0x0, 0x0, 0x0,
    0x1, 0x9f, 0xff, 0xff, 0xff, 0xff, 0xfe, 0x70,
    0x0, 0x0, 0x0, 0x0, 0x3, 0xef, 0xff, 0xff,
    0xff, 0xff, 0xff, 0xff, 0xd2, 0x0, 0x0, 0x0,
    0x4, 0xff, 0xff, 0xff, 0xff, 0xff, 0xff, 0xff,
    0xff, 0xe2, 0x0, 0x0, 0x2, 0xff, 0xff, 0xff,
    0xff, 0xfe, 0xff, 0xff, 0xff, 0xff, 0xd0, 0x0,
    0x0, 0xcf, 0xff, 0xff, 0xf8, 0x20, 0x0, 0x2a,
    0xff, 0xff, 0xff, 0x80, 0x0, 0x5f, 0xff, 0xff,
    0xf3, 0x0, 0x0, 0x0, 0x6, 0xff, 0xff, 0xff,
    0x10, 0xc, 0xff, 0xff, 0xf5, 0x0, 0x0, 0x0,
    0x0, 0xa, 0xff, 0xff, 0xf7, 0x2, 0xff, 0xff,
    0xfd, 0x0, 0x0, 0x0, 0x0, 0x0, 0x2f, 0xff,
    0xff, 0xc0, 0x6f, 0xff, 0xff, 0x70, 0x0, 0x0,
    0x0, 0x0, 0x0, 0xdf, 0xff, 0xff, 0x9, 0xff,
    0xff, 0xf4, 0x0, 0x0, 0x0, 0x0, 0x0, 0x9,
    0xff, 0xff, 0xf3, 0xcf, 0xff, 0xff, 0xff, 0xff,
    0xff, 0xff, 0xff, 0xff, 0xff, 0xff, 0xff, 0x4d,
    0xff, 0xff, 0xff, 0xff, 0xff, 0xff, 0xff, 0xff,
    0xff, 0xff, 0xff, 0xf5, 0xef, 0xff, 0xff, 0xff,
    0xff, 0xff, 0xff, 0xff, 0xff, 0xff, 0xff, 0xff,
    0x6e, 0xff, 0xff, 0xff, 0xff, 0xff, 0xff, 0xff,
    0xff, 0xff, 0xff, 0xff, 0xf6, 0xdf, 0xff, 0xff,
    0x53, 0x33, 0x33, 0x33, 0x33, 0x33, 0x33, 0x33,
    0x33, 0x1b, 0xff, 0xff, 0xf4, 0x0, 0x0, 0x0,
    0x0, 0x0, 0x0, 0x0, 0x0, 0x0, 0x8f, 0xff,
    0xff, 0x70, 0x0, 0x0, 0x0, 0x0, 0x0, 0x0,
    0x0, 0x0, 0x4, 0xff, 0xff, 0xfc, 0x0, 0x0,
    0x0, 0x0, 0x0, 0x0, 0x0, 0x0, 0x0, 0xf,
    0xff, 0xff, 0xf3, 0x0, 0x0, 0x0, 0x0, 0x0,
    0xba, 0x73, 0x0, 0x0, 0x9f, 0xff, 0xff, 0xd1,
    0x0, 0x0, 0x0, 0x0, 0x6f, 0xff, 0xff, 0xb0,
    0x2, 0xff, 0xff, 0xff, 0xd3, 0x0, 0x0, 0x0,
    0x6f, 0xff, 0xff, 0xf8, 0x0, 0x7, 0xff, 0xff,
    0xff, 0xfc, 0x76, 0x68, 0xef, 0xff, 0xff, 0xfe,
    0x10, 0x0, 0xb, 0xff, 0xff, 0xff, 0xff, 0xff,
    0xff, 0xff, 0xff, 0xff, 0x40, 0x0, 0x0, 0xb,
    0xff, 0xff, 0xff, 0xff, 0xff, 0xff, 0xff, 0xff,
    0x60, 0x0, 0x0, 0x0, 0x7, 0xff, 0xff, 0xff,
    0xff, 0xff, 0xff, 0xfd, 0x30, 0x0, 0x0, 0x0,
    0x0, 0x1, 0x8d, 0xff, 0xff, 0xff, 0xff, 0xc6,
    0x0, 0x0, 0x0, 0x0, 0x0, 0x0, 0x0, 0x2,
    0x56, 0x77, 0x64, 0x10, 0x0, 0x0, 0x0, 0x0,

    /* U+00EA "ê" */
    0x0, 0x0, 0x0, 0x0, 0x3, 0x88, 0x88, 0x70,
    0x0, 0x0, 0x0, 0x0, 0x0, 0x0, 0x0, 0x0,
    0x2, 0xef, 0xff, 0xff, 0xa0, 0x0, 0x0, 0x0,
    0x0, 0x0, 0x0, 0x0, 0x2, 0xef, 0xff, 0xff,
    0xff, 0x90, 0x0, 0x0, 0x0, 0x0, 0x0, 0x0,
    0x1, 0xdf, 0xff, 0xfb, 0xff, 0xff, 0x70, 0x0,
    0x0, 0x0, 0x0, 0x0, 0x1, 0xdf, 0xff, 0xf6,
    0xc, 0xff, 0xff, 0x60, 0x0, 0x0, 0x0, 0x0,
    0x0, 0xcf, 0xff, 0xf9, 0x0, 0x1e, 0xff, 0xff,
    0x40, 0x0, 0x0, 0x0, 0x0, 0xbf, 0xff, 0xfc,
    0x0, 0x0, 0x3f, 0xff, 0xff, 0x30, 0x0, 0x0,
    0x0, 0x38, 0x88, 0x87, 0x10, 0x0, 0x0, 0x48,
    0x88, 0x86, 0x0, 0x0, 0x0, 0x0, 0x0, 0x0,
    0x0, 0x0, 0x0, 0x0, 0x0, 0x0, 0x0, 0x0,
    0x0, 0x0, 0x0, 0x0, 0x0, 0x0, 0x0, 0x0,
    0x0, 0x0, 0x0, 0x0, 0x0, 0x0, 0x0, 0x0,
    0x0, 0x0, 0x0, 0x0, 0x0, 0x0, 0x0, 0x0,
    0x0, 0x0, 0x0, 0x0, 0x0, 0x16, 0xad, 0xff,
    0xed, 0xa5, 0x0, 0x0, 0x0, 0x0, 0x0, 0x0,
    0x1, 0x9f, 0xff, 0xff, 0xff, 0xff, 0xfe, 0x70,
    0x0, 0x0, 0x0, 0x0, 0x3, 0xef, 0xff, 0xff,
    0xff, 0xff, 0xff, 0xff, 0xd2, 0x0, 0x0, 0x0,
    0x4, 0xff, 0xff, 0xff, 0xff, 0xff, 0xff, 0xff,
    0xff, 0xe2, 0x0, 0x0, 0x2, 0xff, 0xff, 0xff,
    0xff, 0xfe, 0xff, 0xff, 0xff, 0xff, 0xd0, 0x0,
    0x0, 0xcf, 0xff, 0xff, 0xf8, 0x20, 0x0, 0x2a,
    0xff, 0xff, 0xff, 0x80, 0x0, 0x5f, 0xff, 0xff,
    0xf3, 0x0, 0x0, 0x0, 0x6, 0xff, 0xff, 0xff,
    0x10, 0xc, 0xff, 0xff, 0xf5, 0x0, 0x0, 0x0,
    0x0, 0xa, 0xff, 0xff, 0xf7, 0x2, 0xff, 0xff,
    0xfd, 0x0, 0x0, 0x0, 0x0, 0x0, 0x2f, 0xff,
    0xff, 0xc0, 0x6f, 0xff, 0xff, 0x70, 0x0, 0x0,
    0x0, 0x0, 0x0, 0xdf, 0xff, 0xff, 0x9, 0xff,
    0xff, 0xf4, 0x0, 0x0, 0x0, 0x0, 0x0, 0x9,
    0xff, 0xff, 0xf3, 0xcf, 0xff, 0xff, 0xff, 0xff,
    0xff, 0xff, 0xff, 0xff, 0xff, 0xff, 0xff, 0x4d,
    0xff, 0xff, 0xff, 0xff, 0xff, 0xff, 0xff, 0xff,
    0xff, 0xff, 0xff, 0xf5, 0xef, 0xff, 0xff, 0xff,
    0xff, 0xff, 0xff, 0xff, 0xff, 0xff, 0xff, 0xff,
    0x6e, 0xff, 0xff, 0xff, 0xff, 0xff, 0xff, 0xff,
    0xff, 0xff, 0xff, 0xff, 0xf6, 0xdf, 0xff, 0xff,
    0x53, 0x33, 0x33, 0x33, 0x33, 0x33, 0x33, 0x33,
    0x33, 0x1b, 0xff, 0xff, 0xf4, 0x0, 0x0, 0x0,
    0x0, 0x0, 0x0, 0x0, 0x0, 0x0, 0x8f, 0xff,
    0xff, 0x70, 0x0, 0x0, 0x0, 0x0, 0x0, 0x0,
    0x0, 0x0, 0x4, 0xff, 0xff, 0xfc, 0x0, 0x0,
    0x0, 0x0, 0x0, 0x0, 0x0, 0x0, 0x0, 0xf,
    0xff, 0xff, 0xf3, 0x0, 0x0, 0x0, 0x0, 0x0,
    0xba, 0x73, 0x0, 0x0, 0x9f, 0xff, 0xff, 0xd1,
    0x0, 0x0, 0x0, 0x0, 0x6f, 0xff, 0xff, 0xb0,
    0x2, 0xff, 0xff, 0xff, 0xd3, 0x0, 0x0, 0x0,
    0x6f, 0xff, 0xff, 0xf8, 0x0, 0x7, 0xff, 0xff,
    0xff, 0xfc, 0x76, 0x68, 0xef, 0xff, 0xff, 0xfe,
    0x10, 0x0, 0xb, 0xff, 0xff, 0xff, 0xff, 0xff,
    0xff, 0xff, 0xff, 0xff, 0x40, 0x0, 0x0, 0xb,
    0xff, 0xff, 0xff, 0xff, 0xff, 0xff, 0xff, 0xff,
    0x60, 0x0, 0x0, 0x0, 0x7, 0xff, 0xff, 0xff,
    0xff, 0xff, 0xff, 0xfd, 0x30, 0x0, 0x0, 0x0,
    0x0, 0x1, 0x8d, 0xff, 0xff, 0xff, 0xff, 0xc6,
    0x0, 0x0, 0x0, 0x0, 0x0, 0x0, 0x0, 0x2,
    0x56, 0x77, 0x64, 0x10, 0x0, 0x0, 0x0, 0x0,

    /* U+00EB "ë" */
    0x0, 0x0, 0x7, 0xde, 0xa1, 0x0, 0x0, 0x5,
    0xdf, 0xc3, 0x0, 0x0, 0x0, 0x0, 0x7, 0xff,
    0xff, 0xd0, 0x0, 0x4, 0xff, 0xff, 0xf2, 0x0,
    0x0, 0x0, 0x0, 0xef, 0xff, 0xff, 0x40, 0x0,
    0xbf, 0xff, 0xff, 0x80, 0x0, 0x0, 0x0, 0xf,
    0xff, 0xff, 0xf6, 0x0, 0xd, 0xff, 0xff, 0xf9,
    0x0, 0x0, 0x0, 0x0, 0xcf, 0xff, 0xff, 0x20,
    0x0, 0x9f, 0xff, 0xff, 0x50, 0x0, 0x0, 0x0,
    0x2, 0xef, 0xff, 0x70, 0x0, 0x1, 0xdf, 0xff,
    0xa0, 0x0, 0x0, 0x0, 0x0, 0x1, 0x67, 0x30,
    0x0, 0x0, 0x0, 0x57, 0x40, 0x0, 0x0, 0x0,
    0x0, 0x0, 0x0, 0x0, 0x0, 0x0, 0x0, 0x0,
    0x0, 0x0, 0x0, 0x0, 0x0, 0x0, 0x0, 0x0,
    0x0, 0x0, 0x0, 0x0, 0x0, 0x0, 0x0, 0x0,
    0x0, 0x0, 0x0, 0x0, 0x0, 0x0, 0x0, 0x0,
    0x0, 0x0, 0x0, 0x0, 0x0, 0x0, 0x0, 0x0,
    0x1, 0x6a, 0xdf, 0xfe, 0xda, 0x50, 0x0, 0x0,
    0x0, 0x0, 0x0, 0x0, 0x19, 0xff, 0xff, 0xff,
    0xff, 0xff, 0xe7, 0x0, 0x0, 0x0, 0x0, 0x0,
    0x3e, 0xff, 0xff, 0xff, 0xff, 0xff, 0xff, 0xfd,
    0x20, 0x0, 0x0, 0x0, 0x4f, 0xff, 0xff, 0xff,
    0xff, 0xff, 0xff, 0xff, 0xfe, 0x20, 0x0, 0x0,
    0x2f, 0xff, 0xff, 0xff, 0xff, 0xef, 0xff, 0xff,
    0xff, 0xfd, 0x0, 0x0, 0xc, 0xff, 0xff, 0xff,
    0x82, 0x0, 0x2, 0xaf, 0xff, 0xff, 0xf8, 0x0,
    0x5, 0xff, 0xff, 0xff, 0x30, 0x0, 0x0, 0x0,
    0x6f, 0xff, 0xff, 0xf1, 0x0, 0xcf, 0xff, 0xff,
    0x50, 0x0, 0x0, 0x0, 0x0, 0xaf, 0xff, 0xff,
    0x70, 0x2f, 0xff, 0xff, 0xd0, 0x0, 0x0, 0x0,
    0x0, 0x2, 0xff, 0xff, 0xfc, 0x6, 0xff, 0xff,
    0xf7, 0x0, 0x0, 0x0, 0x0, 0x0, 0xd, 0xff,
    0xff, 0xf0, 0x9f, 0xff, 0xff, 0x40, 0x0, 0x0,
    0x0, 0x0, 0x0, 0x9f, 0xff, 0xff, 0x3c, 0xff,
    0xff, 0xff, 0xff, 0xff, 0xff, 0xff, 0xff, 0xff,
    0xff, 0xff, 0xf4, 0xdf, 0xff, 0xff, 0xff, 0xff,
    0xff, 0xff, 0xff, 0xff, 0xff, 0xff, 0xff, 0x5e,
    0xff, 0xff, 0xff, 0xff, 0xff, 0xff, 0xff, 0xff,
    0xff, 0xff, 0xff, 0xf6, 0xef, 0xff, 0xff, 0xff,
    0xff, 0xff, 0xff, 0xff, 0xff, 0xff, 0xff, 0xff,
    0x6d, 0xff, 0xff, 0xf5, 0x33, 0x33, 0x33, 0x33,
    0x33, 0x33, 0x33, 0x33, 0x31, 0xbf, 0xff, 0xff,
    0x40, 0x0, 0x0, 0x0, 0x0, 0x0, 0x0, 0x0,
    0x0, 0x8, 0xff, 0xff, 0xf7, 0x0, 0x0, 0x0,
    0x0, 0x0, 0x0, 0x0, 0x0, 0x0, 0x4f, 0xff,
    0xff, 0xc0, 0x0, 0x0, 0x0, 0x0, 0x0, 0x0,
    0x0, 0x0, 0x0, 0xff, 0xff, 0xff, 0x30, 0x0,
    0x0, 0x0, 0x0, 0xb, 0xa7, 0x30, 0x0, 0x9,
    0xff, 0xff, 0xfd, 0x10, 0x0, 0x0, 0x0, 0x6,
    0xff, 0xff, 0xfb, 0x0, 0x2f, 0xff, 0xff, 0xfd,
    0x30, 0x0, 0x0, 0x6, 0xff, 0xff, 0xff, 0x80,
    0x0, 0x7f, 0xff, 0xff, 0xff, 0xc7, 0x66, 0x8e,
    0xff, 0xff, 0xff, 0xe1, 0x0, 0x0, 0xbf, 0xff,
    0xff, 0xff, 0xff, 0xff, 0xff, 0xff, 0xff, 0xf4,
    0x0, 0x0, 0x0, 0xbf, 0xff, 0xff, 0xff, 0xff,
    0xff, 0xff, 0xff, 0xf6, 0x0, 0x0, 0x0, 0x0,
    0x7f, 0xff, 0xff, 0xff, 0xff, 0xff, 0xff, 0xd3,
    0x0, 0x0, 0x0, 0x0, 0x0, 0x18, 0xdf, 0xff,
    0xff, 0xff, 0xfc, 0x60, 0x0, 0x0, 0x0, 0x0,
    0x0, 0x0, 0x0, 0x25, 0x67, 0x76, 0x41, 0x0,
    0x0, 0x0, 0x0,

    /* U+00EC "ì" */
    0x24, 0x44, 0x44, 0x10, 0x0, 0x2, 0xff, 0xff,
    0xfa, 0x0, 0x0, 0x7, 0xff, 0xff, 0xf2, 0x0,
    0x0, 0xc, 0xff, 0xff, 0x90, 0x0, 0x0, 0x2f,
    0xff, 0xff, 0x10, 0x0, 0x0, 0x8f, 0xff, 0xf7,
    0x0, 0x0, 0x0, 0xdf, 0xff, 0xe0, 0x0, 0x0,
    0x3, 0xff, 0xff, 0x50, 0x0, 0x0, 0x0, 0x0,
    0x0, 0x0, 0x0, 0x0, 0x0, 0x0, 0x0, 0x0,
    0x0, 0x0, 0x0, 0x0, 0x0, 0x0, 0xc, 0xff,
    0xff, 0xf5, 0x0, 0x0, 0xcf, 0xff, 0xff, 0x50,
    0x0, 0xc, 0xff, 0xff, 0xf5, 0x0, 0x0, 0xcf,
    0xff, 0xff, 0x50, 0x0, 0xc, 0xff, 0xff, 0xf5,
    0x0, 0x0, 0xcf, 0xff, 0xff, 0x50, 0x0, 0xc,
    0xff, 0xff, 0xf5, 0x0, 0x0, 0xcf, 0xff, 0xff,
    0x50, 0x0, 0xc, 0xff, 0xff, 0xf5, 0x0, 0x0,
    0xcf, 0xff, 0xff, 0x50, 0x0, 0xc, 0xff, 0xff,
    0xf5, 0x0, 0x0, 0xcf, 0xff, 0xff, 0x50, 0x0,
    0xc, 0xff, 0xff, 0xf5, 0x0, 0x0, 0xcf, 0xff,
    0xff, 0x50, 0x0, 0xc, 0xff, 0xff, 0xf5, 0x0,
    0x0, 0xcf, 0xff, 0xff, 0x50, 0x0, 0xc, 0xff,
    0xff, 0xf5, 0x0, 0x0, 0xcf, 0xff, 0xff, 0x50,
    0x0, 0xc, 0xff, 0xff, 0xf5, 0x0, 0x0, 0xcf,
    0xff, 0xff, 0x50, 0x0, 0xc, 0xff, 0xff, 0xf5,
    0x0, 0x0, 0xcf, 0xff, 0xff, 0x50, 0x0, 0xc,
    0xff, 0xff, 0xf5, 0x0, 0x0, 0xcf, 0xff, 0xff,
    0x50, 0x0, 0xc, 0xff, 0xff, 0xf5, 0x0, 0x0,
    0xcf, 0xff, 0xff, 0x50, 0x0, 0xc, 0xff, 0xff,
    0xf5,

    /* U+00ED "í" */
    0x0, 0x0, 0x34, 0x44, 0x44, 0x0, 0x0, 0x1f,
    0xff, 0xff, 0xa0, 0x0, 0x8, 0xff, 0xff, 0xe1,
    0x0, 0x0, 0xff, 0xff, 0xf5, 0x0, 0x0, 0x7f,
    0xff, 0xfb, 0x0, 0x0, 0xe, 0xff, 0xff, 0x10,
    0x0, 0x5, 0xff, 0xff, 0x60, 0x0, 0x0, 0xcf,
    0xff, 0xb0, 0x0, 0x0, 0x0, 0x0, 0x0, 0x0,
    0x0, 0x0, 0x0, 0x0, 0x0, 0x0, 0x0, 0x0,
    0x0, 0x0, 0x0, 0x0, 0xc, 0xff, 0xff, 0xf5,
    0x0, 0x0, 0xcf, 0xff, 0xff, 0x50, 0x0, 0xc,
    0xff, 0xff, 0xf5, 0x0, 0x0, 0xcf, 0xff, 0xff,
    0x50, 0x0, 0xc, 0xff, 0xff, 0xf5, 0x0, 0x0,
    0xcf, 0xff, 0xff, 0x50, 0x0, 0xc, 0xff, 0xff,
    0xf5, 0x0, 0x0, 0xcf, 0xff, 0xff, 0x50, 0x0,
    0xc, 0xff, 0xff, 0xf5, 0x0, 0x0, 0xcf, 0xff,
    0xff, 0x50, 0x0, 0xc, 0xff, 0xff, 0xf5, 0x0,
    0x0, 0xcf, 0xff, 0xff, 0x50, 0x0, 0xc, 0xff,
    0xff, 0xf5, 0x0, 0x0, 0xcf, 0xff, 0xff, 0x50,
    0x0, 0xc, 0xff, 0xff, 0xf5, 0x0, 0x0, 0xcf,
    0xff, 0xff, 0x50, 0x0, 0xc, 0xff, 0xff, 0xf5,
    0x0, 0x0, 0xcf, 0xff, 0xff, 0x50, 0x0, 0xc,
    0xff, 0xff, 0xf5, 0x0, 0x0, 0xcf, 0xff, 0xff,
    0x50, 0x0, 0xc, 0xff, 0xff, 0xf5, 0x0, 0x0,
    0xcf, 0xff, 0xff, 0x50, 0x0, 0xc, 0xff, 0xff,
    0xf5, 0x0, 0x0, 0xcf, 0xff, 0xff, 0x50, 0x0,
    0xc, 0xff, 0xff, 0xf5, 0x0, 0x0, 0xcf, 0xff,
    0xff, 0x50, 0x0, 0xc, 0xff, 0xff, 0xf5, 0x0,
    0x0,

    /* U+00EE "î" */
    0x0, 0x0, 0x0, 0x38, 0x88, 0x87, 0x0, 0x0,
    0x0, 0x0, 0x0, 0x0, 0x2e, 0xff, 0xff, 0xfa,
    0x0, 0x0, 0x0, 0x0, 0x0, 0x2e, 0xff, 0xff,
    0xff, 0xf8, 0x0, 0x0, 0x0, 0x0, 0x1d, 0xff,
    0xff, 0xcf, 0xff, 0xf7, 0x0, 0x0, 0x0, 0x1d,
    0xff, 0xff, 0x60, 0xcf, 0xff, 0xf6, 0x0, 0x0,
    0xc, 0xff, 0xff, 0x90, 0x1, 0xef, 0xff, 0xf4,
    0x0, 0xb, 0xff, 0xff, 0xb0, 0x0, 0x3, 0xff,
    0xff, 0xf3, 0x3, 0x88, 0x88, 0x71, 0x0, 0x0,
    0x4, 0x88, 0x88, 0x60, 0x0, 0x0, 0x0, 0x0,
    0x0, 0x0, 0x0, 0x0, 0x0, 0x0, 0x0, 0x0,
    0x0, 0x0, 0x0, 0x0, 0x0, 0x0, 0x0, 0x0,
    0x0, 0x0, 0x0, 0x0, 0x0, 0x0, 0x0, 0x0,
    0x0, 0x0, 0x0, 0xc, 0xff, 0xff, 0xf5, 0x0,
    0x0, 0x0, 0x0, 0x0, 0x0, 0xcf, 0xff, 0xff,
    0x50, 0x0, 0x0, 0x0, 0x0, 0x0, 0xc, 0xff,
    0xff, 0xf5, 0x0, 0x0, 0x0, 0x0, 0x0, 0x0,
    0xcf, 0xff, 0xff, 0x50, 0x0, 0x0, 0x0, 0x0,
    0x0, 0xc, 0xff, 0xff, 0xf5, 0x0, 0x0, 0x0,
    0x0, 0x0, 0x0, 0xcf, 0xff, 0xff, 0x50, 0x0,
    0x0, 0x0, 0x0, 0x0, 0xc, 0xff, 0xff, 0xf5,
    0x0, 0x0, 0x0, 0x0, 0x0, 0x0, 0xcf, 0xff,
    0xff, 0x50, 0x0, 0x0, 0x0, 0x0, 0x0, 0xc,
    0xff, 0xff, 0xf5, 0x0, 0x0, 0x0, 0x0, 0x0,
    0x0, 0xcf, 0xff, 0xff, 0x50, 0x0, 0x0, 0x0,
    0x0, 0x0, 0xc, 0xff, 0xff, 0xf5, 0x0, 0x0,
    0x0, 0x0, 0x0, 0x0, 0xcf, 0xff, 0xff, 0x50,
    0x0, 0x0, 0x0, 0x0, 0x0, 0xc, 0xff, 0xff,
    0xf5, 0x0, 0x0, 0x0, 0x0, 0x0, 0x0, 0xcf,
    0xff, 0xff, 0x50, 0x0, 0x0, 0x0, 0x0, 0x0,
    0xc, 0xff, 0xff, 0xf5, 0x0, 0x0, 0x0, 0x0,
    0x0, 0x0, 0xcf, 0xff, 0xff, 0x50, 0x0, 0x0,
    0x0, 0x0, 0x0, 0xc, 0xff, 0xff, 0xf5, 0x0,
    0x0, 0x0, 0x0, 0x0, 0x0, 0xcf, 0xff, 0xff,
    0x50, 0x0, 0x0, 0x0, 0x0, 0x0, 0xc, 0xff,
    0xff, 0xf5, 0x0, 0x0, 0x0, 0x0, 0x0, 0x0,
    0xcf, 0xff, 0xff, 0x50, 0x0, 0x0, 0x0, 0x0,
    0x0, 0xc, 0xff, 0xff, 0xf5, 0x0, 0x0, 0x0,
    0x0, 0x0, 0x0, 0xcf, 0xff, 0xff, 0x50, 0x0,
    0x0, 0x0, 0x0, 0x0, 0xc, 0xff, 0xff, 0xf5,
    0x0, 0x0, 0x0, 0x0, 0x0, 0x0, 0xcf, 0xff,
    0xff, 0x50, 0x0, 0x0, 0x0, 0x0, 0x0, 0xc,
    0xff, 0xff, 0xf5, 0x0, 0x0, 0x0, 0x0, 0x0,
    0x0, 0xcf, 0xff, 0xff, 0x50, 0x0, 0x0, 0x0,
    0x0, 0x0, 0xc, 0xff, 0xff, 0xf5, 0x0, 0x0,
    0x0,

    /* U+00EF "ï" */
    0x0, 0x7d, 0xea, 0x10, 0x0, 0x0, 0x5d, 0xfc,
    0x30, 0x8, 0xff, 0xff, 0xd0, 0x0, 0x4, 0xff,
    0xff, 0xf1, 0xf, 0xff, 0xff, 0xf4, 0x0, 0xb,
    0xff, 0xff, 0xf8, 0xf, 0xff, 0xff, 0xf6, 0x0,
    0xd, 0xff, 0xff, 0xf9, 0xc, 0xff, 0xff, 0xf2,
    0x0, 0x9, 0xff, 0xff, 0xf5, 0x3, 0xef, 0xff,
    0x70, 0x0, 0x1, 0xdf, 0xff, 0xa0, 0x0, 0x16,
    0x73, 0x0, 0x0, 0x0, 0x5, 0x74, 0x0, 0x0,
    0x0, 0x0, 0x0, 0x0, 0x0, 0x0, 0x0, 0x0,
    0x0, 0x0, 0x0, 0x0, 0x0, 0x0, 0x0, 0x0,
    0x0, 0x0, 0x0, 0x0, 0x0, 0x0, 0x0, 0x0,
    0x0, 0x0, 0x0, 0x0, 0x0, 0xcf, 0xff, 0xff,
    0x50, 0x0, 0x0, 0x0, 0x0, 0x0, 0xcf, 0xff,
    0xff, 0x50, 0x0, 0x0, 0x0, 0x0, 0x0, 0xcf,
    0xff, 0xff, 0x50, 0x0, 0x0, 0x0, 0x0, 0x0,
    0xcf, 0xff, 0xff, 0x50, 0x0, 0x0, 0x0, 0x0,
    0x0, 0xcf, 0xff, 0xff, 0x50, 0x0, 0x0, 0x0,
    0x0, 0x0, 0xcf, 0xff, 0xff, 0x50, 0x0, 0x0,
    0x0, 0x0, 0x0, 0xcf, 0xff, 0xff, 0x50, 0x0,
    0x0, 0x0, 0x0, 0x0, 0xcf, 0xff, 0xff, 0x50,
    0x0, 0x0, 0x0, 0x0, 0x0, 0xcf, 0xff, 0xff,
    0x50, 0x0, 0x0, 0x0, 0x0, 0x0, 0xcf, 0xff,
    0xff, 0x50, 0x0, 0x0, 0x0, 0x0, 0x0, 0xcf,
    0xff, 0xff, 0x50, 0x0, 0x0, 0x0, 0x0, 0x0,
    0xcf, 0xff, 0xff, 0x50, 0x0, 0x0, 0x0, 0x0,
    0x0, 0xcf, 0xff, 0xff, 0x50, 0x0, 0x0, 0x0,
    0x0, 0x0, 0xcf, 0xff, 0xff, 0x50, 0x0, 0x0,
    0x0, 0x0, 0x0, 0xcf, 0xff, 0xff, 0x50, 0x0,
    0x0, 0x0, 0x0, 0x0, 0xcf, 0xff, 0xff, 0x50,
    0x0, 0x0, 0x0, 0x0, 0x0, 0xcf, 0xff, 0xff,
    0x50, 0x0, 0x0, 0x0, 0x0, 0x0, 0xcf, 0xff,
    0xff, 0x50, 0x0, 0x0, 0x0, 0x0, 0x0, 0xcf,
    0xff, 0xff, 0x50, 0x0, 0x0, 0x0, 0x0, 0x0,
    0xcf, 0xff, 0xff, 0x50, 0x0, 0x0, 0x0, 0x0,
    0x0, 0xcf, 0xff, 0xff, 0x50, 0x0, 0x0, 0x0,
    0x0, 0x0, 0xcf, 0xff, 0xff, 0x50, 0x0, 0x0,
    0x0, 0x0, 0x0, 0xcf, 0xff, 0xff, 0x50, 0x0,
    0x0, 0x0, 0x0, 0x0, 0xcf, 0xff, 0xff, 0x50,
    0x0, 0x0, 0x0, 0x0, 0x0, 0xcf, 0xff, 0xff,
    0x50, 0x0, 0x0, 0x0, 0x0, 0x0, 0xcf, 0xff,
    0xff, 0x50, 0x0, 0x0, 0x0, 0x0, 0x0, 0xcf,
    0xff, 0xff, 0x50, 0x0, 0x0,

    /* U+00F0 "ð" */
    0x0, 0x0, 0x4, 0x82, 0x0, 0x0, 0x0, 0x0,
    0x0, 0x0, 0x0, 0x0, 0x0, 0x0, 0x0, 0xaf,
    0xfb, 0x30, 0x0, 0x0, 0x0, 0x3, 0x90, 0x0,
    0x0, 0x0, 0x0, 0xf, 0xff, 0xff, 0xb2, 0x0,
    0x0, 0x3b, 0xff, 0x0, 0x0, 0x0, 0x0, 0x3,
    0xff, 0xff, 0xff, 0xf8, 0x2, 0xbf, 0xff, 0xf4,
    0x0, 0x0, 0x0, 0x0, 0x3, 0xbf, 0xff, 0xff,
    0xfe, 0xff, 0xff, 0xfb, 0x20, 0x0, 0x0, 0x0,
    0x0, 0x0, 0x4e, 0xff, 0xff, 0xff, 0xff, 0xb3,
    0x0, 0x0, 0x0, 0x0, 0x0, 0x0, 0x0, 0x3f,
    0xff, 0xff, 0xff, 0x90, 0x0, 0x0, 0x0, 0x0,
    0x0, 0x0, 0x2, 0xaf, 0xff, 0xff, 0xff, 0xff,
    0x60, 0x0, 0x0, 0x0, 0x0, 0x0, 0x19, 0xff,
    0xff, 0xfc, 0xef, 0xff, 0xff, 0x50, 0x0, 0x0,
    0x0, 0x0, 0x6, 0xff, 0xff, 0xc4, 0x2, 0xef,
    0xff, 0xff, 0x30, 0x0, 0x0, 0x0, 0x0, 0x2f,
    0xfd, 0x50, 0x0, 0x1, 0xef, 0xff, 0xfd, 0x0,
    0x0, 0x0, 0x0, 0x0, 0xc5, 0x0, 0x0, 0x0,
    0x3, 0xff, 0xff, 0xf9, 0x0, 0x0, 0x0, 0x0,
    0x0, 0x0, 0x0, 0x0, 0x0, 0x5, 0xff, 0xff,
    0xf3, 0x0, 0x0, 0x0, 0x0, 0x1, 0x7b, 0xef,
    0xfd, 0x82, 0xa, 0xff, 0xff, 0xb0, 0x0, 0x0,
    0x0, 0x8, 0xff, 0xff, 0xff, 0xff, 0xf7, 0x1f,
    0xff, 0xff, 0x40, 0x0, 0x0, 0x1c, 0xff, 0xff,
    0xff, 0xff, 0xff, 0xfa, 0x8f, 0xff, 0xfb, 0x0,
    0x0, 0xc, 0xff, 0xff, 0xff, 0xff, 0xff, 0xff,
    0xfa, 0xff, 0xff, 0xf1, 0x0, 0x9, 0xff, 0xff,
    0xff, 0xd7, 0x43, 0x59, 0xff, 0xff, 0xff, 0xff,
    0x60, 0x3, 0xff, 0xff, 0xff, 0x80, 0x0, 0x0,
    0x2, 0xdf, 0xff, 0xff, 0xfb, 0x0, 0xbf, 0xff,
    0xff, 0xa0, 0x0, 0x0, 0x0, 0x2, 0xef, 0xff,
    0xff, 0xe0, 0x1f, 0xff, 0xff, 0xf1, 0x0, 0x0,
    0x0, 0x0, 0x7, 0xff, 0xff, 0xff, 0x16, 0xff,
    0xff, 0xfa, 0x0, 0x0, 0x0, 0x0, 0x0, 0xf,
    0xff, 0xff, 0xf3, 0x9f, 0xff, 0xff, 0x50, 0x0,
    0x0, 0x0, 0x0, 0x0, 0xbf, 0xff, 0xff, 0x5c,
    0xff, 0xff, 0xf2, 0x0, 0x0, 0x0, 0x0, 0x0,
    0x8, 0xff, 0xff, 0xf5, 0xdf, 0xff, 0xff, 0x0,
    0x0, 0x0, 0x0, 0x0, 0x0, 0x6f, 0xff, 0xff,
    0x6e, 0xff, 0xff, 0xf0, 0x0, 0x0, 0x0, 0x0,
    0x0, 0x5, 0xff, 0xff, 0xf5, 0xdf, 0xff, 0xff,
    0x10, 0x0, 0x0, 0x0, 0x0, 0x0, 0x6f, 0xff,
    0xff, 0x5c, 0xff, 0xff, 0xf2, 0x0, 0x0, 0x0,
    0x0, 0x0, 0x7, 0xff, 0xff, 0xf2, 0xaf, 0xff,
    0xff, 0x60, 0x0, 0x0, 0x0, 0x0, 0x0, 0xbf,
    0xff, 0xff, 0x7, 0xff, 0xff, 0xfb, 0x0, 0x0,
    0x0, 0x0, 0x0, 0x1f, 0xff, 0xff, 0xc0, 0x2f,
    0xff, 0xff, 0xf3, 0x0, 0x0, 0x0, 0x0, 0x8,
    0xff, 0xff, 0xf7, 0x0, 0xcf, 0xff, 0xff, 0xc0,
    0x0, 0x0, 0x0, 0x3, 0xff, 0xff, 0xff, 0x10,
    0x4, 0xff, 0xff, 0xff, 0xc2, 0x0, 0x0, 0x5,
    0xef, 0xff, 0xff, 0x90, 0x0, 0xb, 0xff, 0xff,
    0xff, 0xfb, 0x87, 0x9d, 0xff, 0xff, 0xff, 0xe1,
    0x0, 0x0, 0x1d, 0xff, 0xff, 0xff, 0xff, 0xff,
    0xff, 0xff, 0xff, 0xf4, 0x0, 0x0, 0x0, 0x2d,
    0xff, 0xff, 0xff, 0xff, 0xff, 0xff, 0xff, 0xf5,
    0x0, 0x0, 0x0, 0x0, 0x1a, 0xff, 0xff, 0xff,
    0xff, 0xff, 0xff, 0xd3, 0x0, 0x0, 0x0, 0x0,
    0x0, 0x3, 0xaf, 0xff, 0xff, 0xff, 0xfc, 0x60,
    0x0, 0x0, 0x0, 0x0, 0x0, 0x0, 0x0, 0x3,
    0x67, 0x76, 0x41, 0x0, 0x0, 0x0, 0x0, 0x0,

    /* U+00F1 "ñ" */
    0x0, 0x0, 0x0, 0x38, 0xa9, 0x50, 0x0, 0x1,
    0xaa, 0xa3, 0x0, 0x0, 0x0, 0x0, 0x6, 0xff,
    0xff, 0xfd, 0x50, 0x7, 0xff, 0xf4, 0x0, 0x0,
    0x0, 0x0, 0x3f, 0xff, 0xff, 0xff, 0xfe, 0xcf,
    0xff, 0xf1, 0x0, 0x0, 0x0, 0x0, 0x9f, 0xff,
    0xff, 0xff, 0xff, 0xff, 0xff, 0xa0, 0x0, 0x0,
    0x0, 0x0, 0xdf, 0xfe, 0x21, 0x8f, 0xff, 0xff,
    0xfe, 0x10, 0x0, 0x0, 0x0, 0x0, 0xff, 0xf9,
    0x0, 0x1, 0x8d, 0xfe, 0xa2, 0x0, 0x0, 0x0,
    0x0, 0x0, 0x0, 0x0, 0x0, 0x0, 0x0, 0x0,
    0x0, 0x0, 0x0, 0x0, 0x0, 0x0, 0x0, 0x0,
    0x0, 0x0, 0x0, 0x0, 0x0, 0x0, 0x0, 0x0,
    0x0, 0x0, 0x0, 0x0, 0x0, 0x0, 0x0, 0x0,
    0x0, 0x0, 0x0, 0x0, 0x0, 0x0, 0x0, 0x0,
    0x0, 0x0, 0x0, 0x0, 0x0, 0x0, 0x0, 0x0,
    0xcf, 0xff, 0xff, 0x0, 0x0, 0x49, 0xdf, 0xfe,
    0xb6, 0x0, 0x0, 0x0, 0xcf, 0xff, 0xff, 0x0,
    0x1b, 0xff, 0xff, 0xff, 0xff, 0xe6, 0x0, 0x0,
    0xcf, 0xff, 0xff, 0x1, 0xdf, 0xff, 0xff, 0xff,
    0xff, 0xff, 0x80, 0x0, 0xcf, 0xff, 0xff, 0xb,
    0xff, 0xff, 0xff, 0xff, 0xff, 0xff, 0xf5, 0x0,
    0xcf, 0xff, 0xff, 0x6f, 0xff, 0xff, 0xff, 0xff,
    0xff, 0xff, 0xfe, 0x0, 0xcf, 0xff, 0xff, 0xef,
    0xfc, 0x74, 0x57, 0xdf, 0xff, 0xff, 0xff, 0x60,
    0xcf, 0xff, 0xff, 0xff, 0x60, 0x0, 0x0, 0xa,
    0xff, 0xff, 0xff, 0xb0, 0xcf, 0xff, 0xff, 0xf6,
    0x0, 0x0, 0x0, 0x0, 0xdf, 0xff, 0xff, 0xe0,
    0xcf, 0xff, 0xff, 0xd0, 0x0, 0x0, 0x0, 0x0,
    0x5f, 0xff, 0xff, 0xf0, 0xcf, 0xff, 0xff, 0x80,
    0x0, 0x0, 0x0, 0x0, 0x1f, 0xff, 0xff, 0xf1,
    0xcf, 0xff, 0xff, 0x60, 0x0, 0x0, 0x0, 0x0,
    0xf, 0xff, 0xff, 0xf2, 0xcf, 0xff, 0xff, 0x50,
    0x0, 0x0, 0x0, 0x0, 0xf, 0xff, 0xff, 0xf2,
    0xcf, 0xff, 0xff, 0x50, 0x0, 0x0, 0x0, 0x0,
    0xf, 0xff, 0xff, 0xf2, 0xcf, 0xff, 0xff, 0x50,
    0x0, 0x0, 0x0, 0x0, 0xf, 0xff, 0xff, 0xf2,
    0xcf, 0xff, 0xff, 0x50, 0x0, 0x0, 0x0, 0x0,
    0xf, 0xff, 0xff, 0xf2, 0xcf, 0xff, 0xff, 0x50,
    0x0, 0x0, 0x0, 0x0, 0xf, 0xff, 0xff, 0xf2,
    0xcf, 0xff, 0xff, 0x50, 0x0, 0x0, 0x0, 0x0,
    0xf, 0xff, 0xff, 0xf2, 0xcf, 0xff, 0xff, 0x50,
    0x0, 0x0, 0x0, 0x0, 0xf, 0xff, 0xff, 0xf2,
    0xcf, 0xff, 0xff, 0x50, 0x0, 0x0, 0x0, 0x0,
    0xf, 0xff, 0xff, 0xf2, 0xcf, 0xff, 0xff, 0x50,
    0x0, 0x0, 0x0, 0x0, 0xf, 0xff, 0xff, 0xf2,
    0xcf, 0xff, 0xff, 0x50, 0x0, 0x0, 0x0, 0x0,
    0xf, 0xff, 0xff, 0xf2, 0xcf, 0xff, 0xff, 0x50,
    0x0, 0x0, 0x0, 0x0, 0xf, 0xff, 0xff, 0xf2,
    0xcf, 0xff, 0xff, 0x50, 0x0, 0x0, 0x0, 0x0,
    0xf, 0xff, 0xff, 0xf2, 0xcf, 0xff, 0xff, 0x50,
    0x0, 0x0, 0x0, 0x0, 0xf, 0xff, 0xff, 0xf2,
    0xcf, 0xff, 0xff, 0x50, 0x0, 0x0, 0x0, 0x0,
    0xf, 0xff, 0xff, 0xf2, 0xcf, 0xff, 0xff, 0x50,
    0x0, 0x0, 0x0, 0x0, 0xf, 0xff, 0xff, 0xf2,
    0xcf, 0xff, 0xff, 0x50, 0x0, 0x0, 0x0, 0x0,
    0xf, 0xff, 0xff, 0xf2,

    /* U+00F2 "ò" */
    0x0, 0x0, 0x1, 0x44, 0x44, 0x43, 0x0, 0x0,
    0x0, 0x0, 0x0, 0x0, 0x0, 0x0, 0x0, 0x0,
    0xcf, 0xff, 0xfe, 0x0, 0x0, 0x0, 0x0, 0x0,
    0x0, 0x0, 0x0, 0x0, 0x0, 0x2f, 0xff, 0xff,
    0x60, 0x0, 0x0, 0x0, 0x0, 0x0, 0x0, 0x0,
    0x0, 0x0, 0x8, 0xff, 0xff, 0xd0, 0x0, 0x0,
    0x0, 0x0, 0x0, 0x0, 0x0, 0x0, 0x0, 0x0,
    0xdf, 0xff, 0xf5, 0x0, 0x0, 0x0, 0x0, 0x0,
    0x0, 0x0, 0x0, 0x0, 0x0, 0x3f, 0xff, 0xfc,
    0x0, 0x0, 0x0, 0x0, 0x0, 0x0, 0x0, 0x0,
    0x0, 0x0, 0x8, 0xff, 0xff, 0x30, 0x0, 0x0,
    0x0, 0x0, 0x0, 0x0, 0x0, 0x0, 0x0, 0x0,
    0xdf, 0xff, 0xa0, 0x0, 0x0, 0x0, 0x0, 0x0,
    0x0, 0x0, 0x0, 0x0, 0x0, 0x0, 0x0, 0x0,
    0x0, 0x0, 0x0, 0x0, 0x0, 0x0, 0x0, 0x0,
    0x0, 0x0, 0x0, 0x0, 0x0, 0x0, 0x0, 0x0,
    0x0, 0x0, 0x0, 0x0, 0x0, 0x0, 0x0, 0x0,
    0x0, 0x0, 0x0, 0x0, 0x0, 0x0, 0x0, 0x0,
    0x0, 0x0, 0x1, 0x6a, 0xde, 0xff, 0xdb, 0x71,
    0x0, 0x0, 0x0, 0x0, 0x0, 0x0, 0x1, 0x8f,
    0xff, 0xff, 0xff, 0xff, 0xff, 0xa2, 0x0, 0x0,
    0x0, 0x0, 0x0, 0x3e, 0xff, 0xff, 0xff, 0xff,
    0xff, 0xff, 0xff, 0x50, 0x0, 0x0, 0x0, 0x4,
    0xff, 0xff, 0xff, 0xff, 0xff, 0xff, 0xff, 0xff,
    0xf6, 0x0, 0x0, 0x0, 0x2f, 0xff, 0xff, 0xff,
    0xff, 0xff, 0xff, 0xff, 0xff, 0xff, 0x40, 0x0,
    0x0, 0xcf, 0xff, 0xff, 0xfe, 0x62, 0x1, 0x5c,
    0xff, 0xff, 0xff, 0xe1, 0x0, 0x5, 0xff, 0xff,
    0xff, 0xc0, 0x0, 0x0, 0x0, 0x9f, 0xff, 0xff,
    0xf8, 0x0, 0xc, 0xff, 0xff, 0xfe, 0x10, 0x0,
    0x0, 0x0, 0xb, 0xff, 0xff, 0xff, 0x0, 0x2f,
    0xff, 0xff, 0xf6, 0x0, 0x0, 0x0, 0x0, 0x2,
    0xff, 0xff, 0xff, 0x50, 0x6f, 0xff, 0xff, 0xe0,
    0x0, 0x0, 0x0, 0x0, 0x0, 0xbf, 0xff, 0xff,
    0xa0, 0x9f, 0xff, 0xff, 0xb0, 0x0, 0x0, 0x0,
    0x0, 0x0, 0x7f, 0xff, 0xff, 0xd0, 0xcf, 0xff,
    0xff, 0x70, 0x0, 0x0, 0x0, 0x0, 0x0, 0x3f,
    0xff, 0xff, 0xf0, 0xdf, 0xff, 0xff, 0x60, 0x0,
    0x0, 0x0, 0x0, 0x0, 0x2f, 0xff, 0xff, 0xf1,
    0xef, 0xff, 0xff, 0x50, 0x0, 0x0, 0x0, 0x0,
    0x0, 0x1f, 0xff, 0xff, 0xf1, 0xef, 0xff, 0xff,
    0x50, 0x0, 0x0, 0x0, 0x0, 0x0, 0x1f, 0xff,
    0xff, 0xf1, 0xdf, 0xff, 0xff, 0x60, 0x0, 0x0,
    0x0, 0x0, 0x0, 0x2f, 0xff, 0xff, 0xf0, 0xbf,
    0xff, 0xff, 0x90, 0x0, 0x0, 0x0, 0x0, 0x0,
    0x5f, 0xff, 0xff, 0xe0, 0x8f, 0xff, 0xff, 0xd0,
    0x0, 0x0, 0x0, 0x0, 0x0, 0x9f, 0xff, 0xff,
    0xc0, 0x4f, 0xff, 0xff, 0xf2, 0x0, 0x0, 0x0,
    0x0, 0x0, 0xef, 0xff, 0xff, 0x80, 0xf, 0xff,
    0xff, 0xfa, 0x0, 0x0, 0x0, 0x0, 0x6, 0xff,
    0xff, 0xff, 0x30, 0x9, 0xff, 0xff, 0xff, 0x60,
    0x0, 0x0, 0x0, 0x3f, 0xff, 0xff, 0xfc, 0x0,
    0x1, 0xff, 0xff, 0xff, 0xf6, 0x0, 0x0, 0x4,
    0xef, 0xff, 0xff, 0xf4, 0x0, 0x0, 0x7f, 0xff,
    0xff, 0xff, 0xea, 0x89, 0xdf, 0xff, 0xff, 0xff,
    0xa0, 0x0, 0x0, 0xa, 0xff, 0xff, 0xff, 0xff,
    0xff, 0xff, 0xff, 0xff, 0xfd, 0x0, 0x0, 0x0,
    0x0, 0xaf, 0xff, 0xff, 0xff, 0xff, 0xff, 0xff,
    0xff, 0xd1, 0x0, 0x0, 0x0, 0x0, 0x7, 0xff,
    0xff, 0xff, 0xff, 0xff, 0xff, 0xf9, 0x0, 0x0,
    0x0, 0x0, 0x0, 0x0, 0x18, 0xef, 0xff, 0xff,
    0xff, 0xe9, 0x20, 0x0, 0x0, 0x0, 0x0, 0x0,
    0x0, 0x0, 0x2, 0x57, 0x77, 0x53, 0x0, 0x0,
    0x0, 0x0, 0x0,

    /* U+00F3 "ó" */
    0x0, 0x0, 0x0, 0x0, 0x0, 0x0, 0x2, 0x44,
    0x44, 0x41, 0x0, 0x0, 0x0, 0x0, 0x0, 0x0,
    0x0, 0x0, 0x0, 0xc, 0xff, 0xff, 0xe0, 0x0,
    0x0, 0x0, 0x0, 0x0, 0x0, 0x0, 0x0, 0x0,
    0x4f, 0xff, 0xff, 0x40, 0x0, 0x0, 0x0, 0x0,
    0x0, 0x0, 0x0, 0x0, 0x0, 0xbf, 0xff, 0xfa,
    0x0, 0x0, 0x0, 0x0, 0x0, 0x0, 0x0, 0x0,
    0x0, 0x2, 0xff, 0xff, 0xe1, 0x0, 0x0, 0x0,
    0x0, 0x0, 0x0, 0x0, 0x0, 0x0, 0x9, 0xff,
    0xff, 0x50, 0x0, 0x0, 0x0, 0x0, 0x0, 0x0,
    0x0, 0x0, 0x0, 0x1f, 0xff, 0xfb, 0x0, 0x0,
    0x0, 0x0, 0x0, 0x0, 0x0, 0x0, 0x0, 0x0,
    0x7f, 0xff, 0xf1, 0x0, 0x0, 0x0, 0x0, 0x0,
    0x0, 0x0, 0x0, 0x0, 0x0, 0x0, 0x0, 0x0,
    0x0, 0x0, 0x0, 0x0, 0x0, 0x0, 0x0, 0x0,
    0x0, 0x0, 0x0, 0x0, 0x0, 0x0, 0x0, 0x0,
    0x0, 0x0, 0x0, 0x0, 0x0, 0x0, 0x0, 0x0,
    0x0, 0x0, 0x0, 0x0, 0x0, 0x0, 0x0, 0x0,
    0x0, 0x0, 0x1, 0x6a, 0xde, 0xff, 0xdb, 0x71,
    0x0, 0x0, 0x0, 0x0, 0x0, 0x0, 0x1, 0x8f,
    0xff, 0xff, 0xff, 0xff, 0xff, 0xa2, 0x0, 0x0,
    0x0, 0x0, 0x0, 0x3e, 0xff, 0xff, 0xff, 0xff,
    0xff, 0xff, 0xff, 0x50, 0x0, 0x0, 0x0, 0x4,
    0xff, 0xff, 0xff, 0xff, 0xff, 0xff, 0xff, 0xff,
    0xf6, 0x0, 0x0, 0x0, 0x2f, 0xff, 0xff, 0xff,
    0xff, 0xff, 0xff, 0xff, 0xff, 0xff, 0x40, 0x0,
    0x0, 0xcf, 0xff, 0xff, 0xfe, 0x62, 0x1, 0x5c,
    0xff, 0xff, 0xff, 0xe1, 0x0, 0x5, 0xff, 0xff,
    0xff, 0xc0, 0x0, 0x0, 0x0, 0x9f, 0xff, 0xff,
    0xf8, 0x0, 0xc, 0xff, 0xff, 0xfe, 0x10, 0x0,
    0x0, 0x0, 0xb, 0xff, 0xff, 0xff, 0x0, 0x2f,
    0xff, 0xff, 0xf6, 0x0, 0x0, 0x0, 0x0, 0x2,
    0xff, 0xff, 0xff, 0x50, 0x6f, 0xff, 0xff, 0xe0,
    0x0, 0x0, 0x0, 0x0, 0x0, 0xbf, 0xff, 0xff,
    0xa0, 0x9f, 0xff, 0xff, 0xb0, 0x0, 0x0, 0x0,
    0x0, 0x0, 0x7f, 0xff, 0xff, 0xd0, 0xcf, 0xff,
    0xff, 0x70, 0x0, 0x0, 0x0, 0x0, 0x0, 0x3f,
    0xff, 0xff, 0xf0, 0xdf, 0xff, 0xff, 0x60, 0x0,
    0x0, 0x0, 0x0, 0x0, 0x2f, 0xff, 0xff, 0xf1,
    0xef, 0xff, 0xff, 0x50, 0x0, 0x0, 0x0, 0x0,
    0x0, 0x1f, 0xff, 0xff, 0xf1, 0xef, 0xff, 0xff,
    0x50, 0x0, 0x0, 0x0, 0x0, 0x0, 0x1f, 0xff,
    0xff, 0xf1, 0xdf, 0xff, 0xff, 0x60, 0x0, 0x0,
    0x0, 0x0, 0x0, 0x2f, 0xff, 0xff, 0xf0, 0xbf,
    0xff, 0xff, 0x90, 0x0, 0x0, 0x0, 0x0, 0x0,
    0x5f, 0xff, 0xff, 0xe0, 0x8f, 0xff, 0xff, 0xd0,
    0x0, 0x0, 0x0, 0x0, 0x0, 0x9f, 0xff, 0xff,
    0xc0, 0x4f, 0xff, 0xff, 0xf2, 0x0, 0x0, 0x0,
    0x0, 0x0, 0xef, 0xff, 0xff, 0x80, 0xf, 0xff,
    0xff, 0xfa, 0x0, 0x0, 0x0, 0x0, 0x6, 0xff,
    0xff, 0xff, 0x30, 0x9, 0xff, 0xff, 0xff, 0x60,
    0x0, 0x0, 0x0, 0x3f, 0xff, 0xff, 0xfc, 0x0,
    0x1, 0xff, 0xff, 0xff, 0xf6, 0x0, 0x0, 0x4,
    0xef, 0xff, 0xff, 0xf4, 0x0, 0x0, 0x7f, 0xff,
    0xff, 0xff, 0xea, 0x89, 0xdf, 0xff, 0xff, 0xff,
    0xa0, 0x0, 0x0, 0xa, 0xff, 0xff, 0xff, 0xff,
    0xff, 0xff, 0xff, 0xff, 0xfd, 0x0, 0x0, 0x0,
    0x0, 0xaf, 0xff, 0xff, 0xff, 0xff, 0xff, 0xff,
    0xff, 0xd1, 0x0, 0x0, 0x0, 0x0, 0x7, 0xff,
    0xff, 0xff, 0xff, 0xff, 0xff, 0xf9, 0x0, 0x0,
    0x0, 0x0, 0x0, 0x0, 0x18, 0xef, 0xff, 0xff,
    0xff, 0xe9, 0x20, 0x0, 0x0, 0x0, 0x0, 0x0,
    0x0, 0x0, 0x2, 0x57, 0x77, 0x53, 0x0, 0x0,
    0x0, 0x0, 0x0,

    /* U+00F4 "ô" */
    0x0, 0x0, 0x0, 0x0, 0x0, 0x78, 0x88, 0x82,
    0x0, 0x0, 0x0, 0x0, 0x0, 0x0, 0x0, 0x0,
    0x0, 0xc, 0xff, 0xff, 0xfd, 0x10, 0x0, 0x0,
    0x0, 0x0, 0x0, 0x0, 0x0, 0x0, 0xbf, 0xff,
    0xff, 0xff, 0xd0, 0x0, 0x0, 0x0, 0x0, 0x0,
    0x0, 0x0, 0xa, 0xff, 0xff, 0xbf, 0xff, 0xfc,
    0x0, 0x0, 0x0, 0x0, 0x0, 0x0, 0x0, 0x9f,
    0xff, 0xfb, 0x8, 0xff, 0xff, 0xa0, 0x0, 0x0,
    0x0, 0x0, 0x0, 0x8, 0xff, 0xff, 0xd0, 0x0,
    0xbf, 0xff, 0xf9, 0x0, 0x0, 0x0, 0x0, 0x0,
    0x7f, 0xff, 0xfe, 0x20, 0x0, 0xd, 0xff, 0xff,
    0x80, 0x0, 0x0, 0x0, 0x0, 0x78, 0x88, 0x83,
    0x0, 0x0, 0x2, 0x88, 0x88, 0x71, 0x0, 0x0,
    0x0, 0x0, 0x0, 0x0, 0x0, 0x0, 0x0, 0x0,
    0x0, 0x0, 0x0, 0x0, 0x0, 0x0, 0x0, 0x0,
    0x0, 0x0, 0x0, 0x0, 0x0, 0x0, 0x0, 0x0,
    0x0, 0x0, 0x0, 0x0, 0x0, 0x0, 0x0, 0x0,
    0x0, 0x0, 0x0, 0x0, 0x0, 0x0, 0x0, 0x0,
    0x0, 0x0, 0x1, 0x6a, 0xde, 0xff, 0xdb, 0x71,
    0x0, 0x0, 0x0, 0x0, 0x0, 0x0, 0x1, 0x8f,
    0xff, 0xff, 0xff, 0xff, 0xff, 0xa2, 0x0, 0x0,
    0x0, 0x0, 0x0, 0x3e, 0xff, 0xff, 0xff, 0xff,
    0xff, 0xff, 0xff, 0x50, 0x0, 0x0, 0x0, 0x4,
    0xff, 0xff, 0xff, 0xff, 0xff, 0xff, 0xff, 0xff,
    0xf6, 0x0, 0x0, 0x0, 0x2f, 0xff, 0xff, 0xff,
    0xff, 0xff, 0xff, 0xff, 0xff, 0xff, 0x40, 0x0,
    0x0, 0xcf, 0xff, 0xff, 0xfe, 0x62, 0x1, 0x5c,
    0xff, 0xff, 0xff, 0xe1, 0x0, 0x5, 0xff, 0xff,
    0xff, 0xc0, 0x0, 0x0, 0x0, 0x9f, 0xff, 0xff,
    0xf8, 0x0, 0xc, 0xff, 0xff, 0xfe, 0x10, 0x0,
    0x0, 0x0, 0xb, 0xff, 0xff, 0xff, 0x0, 0x2f,
    0xff, 0xff, 0xf6, 0x0, 0x0, 0x0, 0x0, 0x2,
    0xff, 0xff, 0xff, 0x50, 0x6f, 0xff, 0xff, 0xe0,
    0x0, 0x0, 0x0, 0x0, 0x0, 0xbf, 0xff, 0xff,
    0xa0, 0x9f, 0xff, 0xff, 0xb0, 0x0, 0x0, 0x0,
    0x0, 0x0, 0x7f, 0xff, 0xff, 0xd0, 0xcf, 0xff,
    0xff, 0x70, 0x0, 0x0, 0x0, 0x0, 0x0, 0x3f,
    0xff, 0xff, 0xf0, 0xdf, 0xff, 0xff, 0x60, 0x0,
    0x0, 0x0, 0x0, 0x0, 0x2f, 0xff, 0xff, 0xf1,
    0xef, 0xff, 0xff, 0x50, 0x0, 0x0, 0x0, 0x0,
    0x0, 0x1f, 0xff, 0xff, 0xf1, 0xef, 0xff, 0xff,
    0x50, 0x0, 0x0, 0x0, 0x0, 0x0, 0x1f, 0xff,
    0xff, 0xf1, 0xdf, 0xff, 0xff, 0x60, 0x0, 0x0,
    0x0, 0x0, 0x0, 0x2f, 0xff, 0xff, 0xf0, 0xbf,
    0xff, 0xff, 0x90, 0x0, 0x0, 0x0, 0x0, 0x0,
    0x5f, 0xff, 0xff, 0xe0, 0x8f, 0xff, 0xff, 0xd0,
    0x0, 0x0, 0x0, 0x0, 0x0, 0x9f, 0xff, 0xff,
    0xc0, 0x4f, 0xff, 0xff, 0xf2, 0x0, 0x0, 0x0,
    0x0, 0x0, 0xef, 0xff, 0xff, 0x80, 0xf, 0xff,
    0xff, 0xfa, 0x0, 0x0, 0x0, 0x0, 0x6, 0xff,
    0xff, 0xff, 0x30, 0x9, 0xff, 0xff, 0xff, 0x60,
    0x0, 0x0, 0x0, 0x3f, 0xff, 0xff, 0xfc, 0x0,
    0x1, 0xff, 0xff, 0xff, 0xf6, 0x0, 0x0, 0x4,
    0xef, 0xff, 0xff, 0xf4, 0x0, 0x0, 0x7f, 0xff,
    0xff, 0xff, 0xea, 0x89, 0xdf, 0xff, 0xff, 0xff,
    0xa0, 0x0, 0x0, 0xa, 0xff, 0xff, 0xff, 0xff,
    0xff, 0xff, 0xff, 0xff, 0xfd, 0x0, 0x0, 0x0,
    0x0, 0xaf, 0xff, 0xff, 0xff, 0xff, 0xff, 0xff,
    0xff, 0xd1, 0x0, 0x0, 0x0, 0x0, 0x7, 0xff,
    0xff, 0xff, 0xff, 0xff, 0xff, 0xf9, 0x0, 0x0,
    0x0, 0x0, 0x0, 0x0, 0x18, 0xef, 0xff, 0xff,
    0xff, 0xe9, 0x20, 0x0, 0x0, 0x0, 0x0, 0x0,
    0x0, 0x0, 0x2, 0x57, 0x77, 0x53, 0x0, 0x0,
    0x0, 0x0, 0x0,

    /* U+00F5 "õ" */
    0x0, 0x0, 0x0, 0x8, 0xef, 0xd8, 0x10, 0x0,
    0x4f, 0xff, 0x40, 0x0, 0x0, 0x0, 0x0, 0x0,
    0xbf, 0xff, 0xff, 0xe6, 0x0, 0x9f, 0xff, 0x20,
    0x0, 0x0, 0x0, 0x0, 0x5, 0xff, 0xff, 0xff,
    0xff, 0xec, 0xff, 0xfe, 0x0, 0x0, 0x0, 0x0,
    0x0, 0xb, 0xff, 0xfc, 0xdf, 0xff, 0xff, 0xff,
    0xf8, 0x0, 0x0, 0x0, 0x0, 0x0, 0xf, 0xff,
    0xc0, 0x4, 0xdf, 0xff, 0xff, 0xd0, 0x0, 0x0,
    0x0, 0x0, 0x0, 0x1f, 0xff, 0x80, 0x0, 0x7,
    0xdf, 0xe9, 0x10, 0x0, 0x0, 0x0, 0x0, 0x0,
    0x0, 0x0, 0x0, 0x0, 0x0, 0x0, 0x0, 0x0,
    0x0, 0x0, 0x0, 0x0, 0x0, 0x0, 0x0, 0x0,
    0x0, 0x0, 0x0, 0x0, 0x0, 0x0, 0x0, 0x0,
    0x0, 0x0, 0x0, 0x0, 0x0, 0x0, 0x0, 0x0,
    0x0, 0x0, 0x0, 0x0, 0x0, 0x0, 0x0, 0x0,
    0x0, 0x0, 0x0, 0x0, 0x0, 0x0, 0x0, 0x0,
    0x0, 0x0, 0x0, 0x0, 0x0, 0x1, 0x6a, 0xde,
    0xff, 0xdb, 0x71, 0x0, 0x0, 0x0, 0x0, 0x0,
    0x0, 0x1, 0x8f, 0xff, 0xff, 0xff, 0xff, 0xff,
    0xa2, 0x0, 0x0, 0x0, 0x0, 0x0, 0x3e, 0xff,
    0xff, 0xff, 0xff, 0xff, 0xff, 0xff, 0x50, 0x0,
    0x0, 0x0, 0x4, 0xff, 0xff, 0xff, 0xff, 0xff,
    0xff, 0xff, 0xff, 0xf6, 0x0, 0x0, 0x0, 0x2f,
    0xff, 0xff, 0xff, 0xff, 0xff, 0xff, 0xff, 0xff,
    0xff, 0x40, 0x0, 0x0, 0xcf, 0xff, 0xff, 0xfe,
    0x62, 0x1, 0x5c, 0xff, 0xff, 0xff, 0xe1, 0x0,
    0x5, 0xff, 0xff, 0xff, 0xc0, 0x0, 0x0, 0x0,
    0x9f, 0xff, 0xff, 0xf8, 0x0, 0xc, 0xff, 0xff,
    0xfe, 0x10, 0x0, 0x0, 0x0, 0xb, 0xff, 0xff,
    0xff, 0x0, 0x2f, 0xff, 0xff, 0xf6, 0x0, 0x0,
    0x0, 0x0, 0x2, 0xff, 0xff, 0xff, 0x50, 0x6f,
    0xff, 0xff, 0xe0, 0x0, 0x0, 0x0, 0x0, 0x0,
    0xbf, 0xff, 0xff, 0xa0, 0x9f, 0xff, 0xff, 0xb0,
    0x0, 0x0, 0x0, 0x0, 0x0, 0x7f, 0xff, 0xff,
    0xd0, 0xcf, 0xff, 0xff, 0x70, 0x0, 0x0, 0x0,
    0x0, 0x0, 0x3f, 0xff, 0xff, 0xf0, 0xdf, 0xff,
    0xff, 0x60, 0x0, 0x0, 0x0, 0x0, 0x0, 0x2f,
    0xff, 0xff, 0xf1, 0xef, 0xff, 0xff, 0x50, 0x0,
    0x0, 0x0, 0x0, 0x0, 0x1f, 0xff, 0xff, 0xf1,
    0xef, 0xff, 0xff, 0x50, 0x0, 0x0, 0x0, 0x0,
    0x0, 0x1f, 0xff, 0xff, 0xf1, 0xdf, 0xff, 0xff,
    0x60, 0x0, 0x0, 0x0, 0x0, 0x0, 0x2f, 0xff,
    0xff, 0xf0, 0xbf, 0xff, 0xff, 0x90, 0x0, 0x0,
    0x0, 0x0, 0x0, 0x5f, 0xff, 0xff, 0xe0, 0x8f,
    0xff, 0xff, 0xd0, 0x0, 0x0, 0x0, 0x0, 0x0,
    0x9f, 0xff, 0xff, 0xc0, 0x4f, 0xff, 0xff, 0xf2,
    0x0, 0x0, 0x0, 0x0, 0x0, 0xef, 0xff, 0xff,
    0x80, 0xf, 0xff, 0xff, 0xfa, 0x0, 0x0, 0x0,
    0x0, 0x6, 0xff, 0xff, 0xff, 0x30, 0x9, 0xff,
    0xff, 0xff, 0x60, 0x0, 0x0, 0x0, 0x3f, 0xff,
    0xff, 0xfc, 0x0, 0x1, 0xff, 0xff, 0xff, 0xf6,
    0x0, 0x0, 0x4, 0xef, 0xff, 0xff, 0xf4, 0x0,
    0x0, 0x7f, 0xff, 0xff, 0xff, 0xea, 0x89, 0xdf,
    0xff, 0xff, 0xff, 0xa0, 0x0, 0x0, 0xa, 0xff,
    0xff, 0xff, 0xff, 0xff, 0xff, 0xff, 0xff, 0xfd,
    0x0, 0x0, 0x0, 0x0, 0xaf, 0xff, 0xff, 0xff,
    0xff, 0xff, 0xff, 0xff, 0xd1, 0x0, 0x0, 0x0,
    0x0, 0x7, 0xff, 0xff, 0xff, 0xff, 0xff, 0xff,
    0xf9, 0x0, 0x0, 0x0, 0x0, 0x0, 0x0, 0x18,
    0xef, 0xff, 0xff, 0xff, 0xe9, 0x20, 0x0, 0x0,
    0x0, 0x0, 0x0, 0x0, 0x0, 0x2, 0x57, 0x77,
    0x53, 0x0, 0x0, 0x0, 0x0, 0x0,

    /* U+00F6 "ö" */
    0x0, 0x0, 0x4, 0xcf, 0xc3, 0x0, 0x0, 0x2,
    0xbf, 0xd6, 0x0, 0x0, 0x0, 0x0, 0x0, 0x3f,
    0xff, 0xff, 0x20, 0x0, 0x1e, 0xff, 0xff, 0x60,
    0x0, 0x0, 0x0, 0x0, 0x9f, 0xff, 0xff, 0x90,
    0x0, 0x6f, 0xff, 0xff, 0xd0, 0x0, 0x0, 0x0,
    0x0, 0xbf, 0xff, 0xff, 0xb0, 0x0, 0x8f, 0xff,
    0xff, 0xe0, 0x0, 0x0, 0x0, 0x0, 0x7f, 0xff,
    0xff, 0x70, 0x0, 0x4f, 0xff, 0xff, 0xa0, 0x0,
    0x0, 0x0, 0x0, 0xc, 0xff, 0xfb, 0x0, 0x0,
    0x9, 0xff, 0xfd, 0x10, 0x0, 0x0, 0x0, 0x0,
    0x0, 0x47, 0x40, 0x0, 0x0, 0x0, 0x37, 0x50,
    0x0, 0x0, 0x0, 0x0, 0x0, 0x0, 0x0, 0x0,
    0x0, 0x0, 0x0, 0x0, 0x0, 0x0, 0x0, 0x0,
    0x0, 0x0, 0x0, 0x0, 0x0, 0x0, 0x0, 0x0,
    0x0, 0x0, 0x0, 0x0, 0x0, 0x0, 0x0, 0x0,
    0x0, 0x0, 0x0, 0x0, 0x0, 0x0, 0x0, 0x0,
    0x0, 0x0, 0x0, 0x0, 0x0, 0x1, 0x6a, 0xde,
    0xff, 0xdb, 0x71, 0x0, 0x0, 0x0, 0x0, 0x0,
    0x0, 0x1, 0x8f, 0xff, 0xff, 0xff, 0xff, 0xff,
    0xa2, 0x0, 0x0, 0x0, 0x0, 0x0, 0x3e, 0xff,
    0xff, 0xff, 0xff, 0xff, 0xff, 0xff, 0x50, 0x0,
    0x0, 0x0, 0x4, 0xff, 0xff, 0xff, 0xff, 0xff,
    0xff, 0xff, 0xff, 0xf6, 0x0, 0x0, 0x0, 0x2f,
    0xff, 0xff, 0xff, 0xff, 0xff, 0xff, 0xff, 0xff,
    0xff, 0x40, 0x0, 0x0, 0xcf, 0xff, 0xff, 0xfe,
    0x62, 0x1, 0x5c, 0xff, 0xff, 0xff, 0xe1, 0x0,
    0x5, 0xff, 0xff, 0xff, 0xc0, 0x0, 0x0, 0x0,
    0x9f, 0xff, 0xff, 0xf8, 0x0, 0xc, 0xff, 0xff,
    0xfe, 0x10, 0x0, 0x0, 0x0, 0xb, 0xff, 0xff,
    0xff, 0x0, 0x2f, 0xff, 0xff, 0xf6, 0x0, 0x0,
    0x0, 0x0, 0x2, 0xff, 0xff, 0xff, 0x50, 0x6f,
    0xff, 0xff, 0xe0, 0x0, 0x0, 0x0, 0x0, 0x0,
    0xbf, 0xff, 0xff, 0xa0, 0x9f, 0xff, 0xff, 0xb0,
    0x0, 0x0, 0x0, 0x0, 0x0, 0x7f, 0xff, 0xff,
    0xd0, 0xcf, 0xff, 0xff, 0x70, 0x0, 0x0, 0x0,
    0x0, 0x0, 0x3f, 0xff, 0xff, 0xf0, 0xdf, 0xff,
    0xff, 0x60, 0x0, 0x0, 0x0, 0x0, 0x0, 0x2f,
    0xff, 0xff, 0xf1, 0xef, 0xff, 0xff, 0x50, 0x0,
    0x0, 0x0, 0x0, 0x0, 0x1f, 0xff, 0xff, 0xf1,
    0xef, 0xff, 0xff, 0x50, 0x0, 0x0, 0x0, 0x0,
    0x0, 0x1f, 0xff, 0xff, 0xf1, 0xdf, 0xff, 0xff,
    0x60, 0x0, 0x0, 0x0, 0x0, 0x0, 0x2f, 0xff,
    0xff, 0xf0, 0xbf, 0xff, 0xff, 0x90, 0x0, 0x0,
    0x0, 0x0, 0x0, 0x5f, 0xff, 0xff, 0xe0, 0x8f,
    0xff, 0xff, 0xd0, 0x0, 0x0, 0x0, 0x0, 0x0,
    0x9f, 0xff, 0xff, 0xc0, 0x4f, 0xff, 0xff, 0xf2,
    0x0, 0x0, 0x0, 0x0, 0x0, 0xef, 0xff, 0xff,
    0x80, 0xf, 0xff, 0xff, 0xfa, 0x0, 0x0, 0x0,
    0x0, 0x6, 0xff, 0xff, 0xff, 0x30, 0x9, 0xff,
    0xff, 0xff, 0x60, 0x0, 0x0, 0x0, 0x3f, 0xff,
    0xff, 0xfc, 0x0, 0x1, 0xff, 0xff, 0xff, 0xf6,
    0x0, 0x0, 0x4, 0xef, 0xff, 0xff, 0xf4, 0x0,
    0x0, 0x7f, 0xff, 0xff, 0xff, 0xea, 0x89, 0xdf,
    0xff, 0xff, 0xff, 0xa0, 0x0, 0x0, 0xa, 0xff,
    0xff, 0xff, 0xff, 0xff, 0xff, 0xff, 0xff, 0xfd,
    0x0, 0x0, 0x0, 0x0, 0xaf, 0xff, 0xff, 0xff,
    0xff, 0xff, 0xff, 0xff, 0xd1, 0x0, 0x0, 0x0,
    0x0, 0x7, 0xff, 0xff, 0xff, 0xff, 0xff, 0xff,
    0xf9, 0x0, 0x0, 0x0, 0x0, 0x0, 0x0, 0x18,
    0xef, 0xff, 0xff, 0xff, 0xe9, 0x20, 0x0, 0x0,
    0x0, 0x0, 0x0, 0x0, 0x0, 0x2, 0x57, 0x77,
    0x53, 0x0, 0x0, 0x0, 0x0, 0x0,

    /* U+00F7 "÷" */
    0x0, 0x0, 0x0, 0x0, 0x0, 0x9e, 0xfb, 0x20,
    0x0, 0x0, 0x0, 0x0, 0x0, 0x0, 0x0, 0x0,
    0xc, 0xff, 0xff, 0xe2, 0x0, 0x0, 0x0, 0x0,
    0x0, 0x0, 0x0, 0x0, 0x5f, 0xff, 0xff, 0xf9,
    0x0, 0x0, 0x0, 0x0, 0x0, 0x0, 0x0, 0x0,
    0x8f, 0xff, 0xff, 0xfd, 0x0, 0x0, 0x0, 0x0,
    0x0, 0x0, 0x0, 0x0, 0x7f, 0xff, 0xff, 0xfc,
    0x0, 0x0, 0x0, 0x0, 0x0, 0x0, 0x0, 0x0,
    0x2f, 0xff, 0xff, 0xf7, 0x0, 0x0, 0x0, 0x0,
    0x0, 0x0, 0x0, 0x0, 0x6, 0xff, 0xff, 0xa0,
    0x0, 0x0, 0x0, 0x0, 0x0, 0x0, 0x0, 0x0,
    0x0, 0x27, 0x84, 0x0, 0x0, 0x0, 0x0, 0x0,
    0x0, 0x0, 0x0, 0x0, 0x0, 0x0, 0x0, 0x0,
    0x0, 0x0, 0x0, 0x0, 0x0, 0x0, 0x0, 0x0,
    0x0, 0x0, 0x0, 0x0, 0x0, 0x0, 0x0, 0x0,
    0x13, 0x33, 0x33, 0x33, 0x33, 0x33, 0x33, 0x33,
    0x33, 0x33, 0x33, 0x32, 0x6f, 0xff, 0xff, 0xff,
    0xff, 0xff, 0xff, 0xff, 0xff, 0xff, 0xff, 0xfb,
    0x6f, 0xff, 0xff, 0xff, 0xff, 0xff, 0xff, 0xff,
    0xff, 0xff, 0xff, 0xfb, 0x6f, 0xff, 0xff, 0xff,
    0xff, 0xff, 0xff, 0xff, 0xff, 0xff, 0xff, 0xfb,
    0x6f, 0xff, 0xff, 0xff, 0xff, 0xff, 0xff, 0xff,
    0xff, 0xff, 0xff, 0xfb, 0x6f, 0xff, 0xff, 0xff,
    0xff, 0xff, 0xff, 0xff, 0xff, 0xff, 0xff, 0xfb,
    0x0, 0x0, 0x0, 0x0, 0x0, 0x0, 0x0, 0x0,
    0x0, 0x0, 0x0, 0x0, 0x0, 0x0, 0x0, 0x0,
    0x0, 0x0, 0x0, 0x0, 0x0, 0x0, 0x0, 0x0,
    0x0, 0x0, 0x0, 0x0, 0x0, 0x0, 0x0, 0x0,
    0x0, 0x0, 0x0, 0x0, 0x0, 0x0, 0x0, 0x0,
    0x0, 0x9e, 0xfb, 0x20, 0x0, 0x0, 0x0, 0x0,
    0x0, 0x0, 0x0, 0x0, 0xc, 0xff, 0xff, 0xe2,
    0x0, 0x0, 0x0, 0x0, 0x0, 0x0, 0x0, 0x0,
    0x5f, 0xff, 0xff, 0xfa, 0x0, 0x0, 0x0, 0x0,
    0x0, 0x0, 0x0, 0x0, 0x8f, 0xff, 0xff, 0xfd,
    0x0, 0x0, 0x0, 0x0, 0x0, 0x0, 0x0, 0x0,
    0x7f, 0xff, 0xff, 0xfc, 0x0, 0x0, 0x0, 0x0,
    0x0, 0x0, 0x0, 0x0, 0x2f, 0xff, 0xff, 0xf6,
    0x0, 0x0, 0x0, 0x0, 0x0, 0x0, 0x0, 0x0,
    0x6, 0xff, 0xff, 0xa0, 0x0, 0x0, 0x0, 0x0,
    0x0, 0x0, 0x0, 0x0, 0x0, 0x27, 0x84, 0x0,
    0x0, 0x0, 0x0, 0x0,

    /* U+00F8 "ø" */
    0x0, 0x0, 0x0, 0x0, 0x0, 0x0, 0x0, 0x0,
    0x0, 0x0, 0x0, 0x6, 0x30, 0x0, 0x0, 0x0,
    0x0, 0x1, 0x6a, 0xde, 0xff, 0xdb, 0x71, 0x0,
    0x4, 0xff, 0x40, 0x0, 0x0, 0x0, 0x18, 0xff,
    0xff, 0xff, 0xff, 0xff, 0xfa, 0x23, 0xff, 0xff,
    0x10, 0x0, 0x0, 0x3e, 0xff, 0xff, 0xff, 0xff,
    0xff, 0xff, 0xff, 0xff, 0xff, 0x50, 0x0, 0x0,
    0x4f, 0xff, 0xff, 0xff, 0xff, 0xff, 0xff, 0xff,
    0xff, 0xff, 0x70, 0x0, 0x0, 0x2f, 0xff, 0xff,
    0xff, 0xff, 0xff, 0xff, 0xff, 0xff, 0xff, 0xe0,
    0x0, 0x0, 0xc, 0xff, 0xff, 0xff, 0xe6, 0x20,
    0x15, 0xcf, 0xff, 0xff, 0xff, 0x10, 0x0, 0x5,
    0xff, 0xff, 0xff, 0xc0, 0x0, 0x0, 0x0, 0xff,
    0xff, 0xff, 0xf8, 0x0, 0x0, 0xcf, 0xff, 0xff,
    0xe1, 0x0, 0x0, 0x0, 0x4f, 0xff, 0xff, 0xff,
    0xf0, 0x0, 0x2f, 0xff, 0xff, 0xf6, 0x0, 0x0,
    0x0, 0x3f, 0xff, 0xff, 0xff, 0xff, 0x50, 0x6,
    0xff, 0xff, 0xfe, 0x0, 0x0, 0x0, 0x1e, 0xff,
    0xff, 0xff, 0xff, 0xfa, 0x0, 0x9f, 0xff, 0xff,
    0xb0, 0x0, 0x0, 0xd, 0xff, 0xf7, 0x7f, 0xff,
    0xff, 0xd0, 0xc, 0xff, 0xff, 0xf7, 0x0, 0x0,
    0xb, 0xff, 0xfa, 0x3, 0xff, 0xff, 0xff, 0x0,
    0xdf, 0xff, 0xff, 0x60, 0x0, 0x9, 0xff, 0xfc,
    0x0, 0x2f, 0xff, 0xff, 0xf1, 0xe, 0xff, 0xff,
    0xf5, 0x0, 0x7, 0xff, 0xfd, 0x10, 0x1, 0xff,
    0xff, 0xff, 0x10, 0xef, 0xff, 0xff, 0x50, 0x4,
    0xff, 0xfe, 0x20, 0x0, 0x1f, 0xff, 0xff, 0xf1,
    0xd, 0xff, 0xff, 0xf6, 0x3, 0xff, 0xff, 0x30,
    0x0, 0x2, 0xff, 0xff, 0xff, 0x0, 0xbf, 0xff,
    0xff, 0x91, 0xef, 0xff, 0x50, 0x0, 0x0, 0x5f,
    0xff, 0xff, 0xe0, 0x8, 0xff, 0xff, 0xfd, 0xdf,
    0xff, 0x70, 0x0, 0x0, 0x9, 0xff, 0xff, 0xfc,
    0x0, 0x4f, 0xff, 0xff, 0xff, 0xff, 0xa0, 0x0,
    0x0, 0x0, 0xef, 0xff, 0xff, 0x80, 0x0, 0xff,
    0xff, 0xff, 0xff, 0xc0, 0x0, 0x0, 0x0, 0x6f,
    0xff, 0xff, 0xf3, 0x0, 0x9, 0xff, 0xff, 0xff,
    0xf1, 0x0, 0x0, 0x0, 0x3f, 0xff, 0xff, 0xfc,
    0x0, 0x0, 0x1f, 0xff, 0xff, 0xff, 0x60, 0x0,
    0x0, 0x4e, 0xff, 0xff, 0xff, 0x40, 0x0, 0x0,
    0xaf, 0xff, 0xff, 0xff, 0xea, 0x89, 0xdf, 0xff,
    0xff, 0xff, 0xa0, 0x0, 0x0, 0x1e, 0xff, 0xff,
    0xff, 0xff, 0xff, 0xff, 0xff, 0xff, 0xff, 0xd0,
    0x0, 0x0, 0xd, 0xff, 0xff, 0xff, 0xff, 0xff,
    0xff, 0xff, 0xff, 0xff, 0xd1, 0x0, 0x0, 0xb,
    0xff, 0xfa, 0x7f, 0xff, 0xff, 0xff, 0xff, 0xff,
    0xff, 0x90, 0x0, 0x0, 0x0, 0x6f, 0xfc, 0x0,
    0x18, 0xef, 0xff, 0xff, 0xff, 0xe9, 0x20, 0x0,
    0x0, 0x0, 0x0, 0x4c, 0x10, 0x0, 0x0, 0x25,
    0x77, 0x75, 0x30, 0x0, 0x0, 0x0, 0x0, 0x0,
    0x0, 0x0, 0x0, 0x0, 0x0, 0x0, 0x0, 0x0,
    0x0, 0x0, 0x0, 0x0, 0x0,

    /* U+00F9 "ù" */
    0x0, 0x0, 0xd, 0xff, 0xff, 0xe0, 0x0, 0x0,
    0x0, 0x0, 0x0, 0x0, 0x0, 0x0, 0x3, 0xff,
    0xff, 0xf6, 0x0, 0x0, 0x0, 0x0, 0x0, 0x0,
    0x0, 0x0, 0x0, 0x9f, 0xff, 0xfd, 0x0, 0x0,
    0x0, 0x0, 0x0, 0x0, 0x0, 0x0, 0x0, 0xd,
    0xff, 0xff, 0x40, 0x0, 0x0, 0x0, 0x0, 0x0,
    0x0, 0x0, 0x0, 0x4, 0xff, 0xff, 0xb0, 0x0,
    0x0, 0x0, 0x0, 0x0, 0x0, 0x0, 0x0, 0x0,
    0x9f, 0xff, 0xf3, 0x0, 0x0, 0x0, 0x0, 0x0,
    0x0, 0x0, 0x0, 0x0, 0x1e, 0xff, 0xfa, 0x0,
    0x0, 0x0, 0x0, 0x0, 0x0, 0x0, 0x0, 0x0,
    0x2, 0x44, 0x44, 0x0, 0x0, 0x0, 0x0, 0x0,
    0x0, 0x0, 0x0, 0x0, 0x0, 0x0, 0x0, 0x0,
    0x0, 0x0, 0x0, 0x0, 0x0, 0x0, 0x0, 0x0,
    0x0, 0x0, 0x0, 0x0, 0x0, 0x0, 0x0, 0x0,
    0x0, 0x0, 0x0, 0x0, 0x0, 0x0, 0x0, 0x0,
    0x0, 0x0, 0x0, 0x0, 0xcf, 0xff, 0xff, 0x50,
    0x0, 0x0, 0x0, 0x0, 0xf, 0xff, 0xff, 0xf2,
    0xcf, 0xff, 0xff, 0x50, 0x0, 0x0, 0x0, 0x0,
    0xf, 0xff, 0xff, 0xf2, 0xcf, 0xff, 0xff, 0x50,
    0x0, 0x0, 0x0, 0x0, 0xf, 0xff, 0xff, 0xf2,
    0xcf, 0xff, 0xff, 0x50, 0x0, 0x0, 0x0, 0x0,
    0xf, 0xff, 0xff, 0xf2, 0xcf, 0xff, 0xff, 0x50,
    0x0, 0x0, 0x0, 0x0, 0xf, 0xff, 0xff, 0xf2,
    0xcf, 0xff, 0xff, 0x50, 0x0, 0x0, 0x0, 0x0,
    0xf, 0xff, 0xff, 0xf2, 0xcf, 0xff, 0xff, 0x50,
    0x0, 0x0, 0x0, 0x0, 0xf, 0xff, 0xff, 0xf2,
    0xcf, 0xff, 0xff, 0x50, 0x0, 0x0, 0x0, 0x0,
    0xf, 0xff, 0xff, 0xf2, 0xcf, 0xff, 0xff, 0x50,
    0x0, 0x0, 0x0, 0x0, 0xf, 0xff, 0xff, 0xf2,
    0xcf, 0xff, 0xff, 0x50, 0x0, 0x0, 0x0, 0x0,
    0xf, 0xff, 0xff, 0xf2, 0xcf, 0xff, 0xff, 0x50,
    0x0, 0x0, 0x0, 0x0, 0xf, 0xff, 0xff, 0xf2,
    0xcf, 0xff, 0xff, 0x50, 0x0, 0x0, 0x0, 0x0,
    0xf, 0xff, 0xff, 0xf2, 0xcf, 0xff, 0xff, 0x50,
    0x0, 0x0, 0x0, 0x0, 0xf, 0xff, 0xff, 0xf2,
    0xcf, 0xff, 0xff, 0x50, 0x0, 0x0, 0x0, 0x0,
    0xf, 0xff, 0xff, 0xf2, 0xcf, 0xff, 0xff, 0x50,
    0x0, 0x0, 0x0, 0x0, 0xf, 0xff, 0xff, 0xf2,
    0xcf, 0xff, 0xff, 0x50, 0x0, 0x0, 0x0, 0x0,
    0xf, 0xff, 0xff, 0xf2, 0xcf, 0xff, 0xff, 0x50,
    0x0, 0x0, 0x0, 0x0, 0xf, 0xff, 0xff, 0xf2,
    0xbf, 0xff, 0xff, 0x70, 0x0, 0x0, 0x0, 0x0,
    0x2f, 0xff, 0xff, 0xf2, 0xaf, 0xff, 0xff, 0xb0,
    0x0, 0x0, 0x0, 0x0, 0x7f, 0xff, 0xff, 0xf2,
    0x8f, 0xff, 0xff, 0xf3, 0x0, 0x0, 0x0, 0x1,
    0xef, 0xff, 0xff, 0xf2, 0x5f, 0xff, 0xff, 0xfe,
    0x20, 0x0, 0x0, 0x2d, 0xff, 0xff, 0xff, 0xf2,
    0x1f, 0xff, 0xff, 0xff, 0xf9, 0x54, 0x59, 0xff,
    0xfe, 0xff, 0xff, 0xf2, 0x9, 0xff, 0xff, 0xff,
    0xff, 0xff, 0xff, 0xff, 0xca, 0xff, 0xff, 0xf2,
    0x1, 0xef, 0xff, 0xff, 0xff, 0xff, 0xff, 0xff,
    0x2a, 0xff, 0xff, 0xf2, 0x0, 0x3e, 0xff, 0xff,
    0xff, 0xff, 0xff, 0xf5, 0xa, 0xff, 0xff, 0xf2,
    0x0, 0x2, 0xcf, 0xff, 0xff, 0xff, 0xfe, 0x40,
    0xa, 0xff, 0xff, 0xf2, 0x0, 0x0, 0x4, 0x9d,
    0xff, 0xeb, 0x60, 0x0, 0xa, 0xff, 0xff, 0xf2,

    /* U+00FA "ú" */
    0x0, 0x0, 0x0, 0x0, 0x0, 0x0, 0x9f, 0xff,
    0xff, 0x30, 0x0, 0x0, 0x0, 0x0, 0x0, 0x0,
    0x0, 0x1, 0xff, 0xff, 0xf9, 0x0, 0x0, 0x0,
    0x0, 0x0, 0x0, 0x0, 0x0, 0x7, 0xff, 0xff,
    0xe0, 0x0, 0x0, 0x0, 0x0, 0x0, 0x0, 0x0,
    0x0, 0xe, 0xff, 0xff, 0x40, 0x0, 0x0, 0x0,
    0x0, 0x0, 0x0, 0x0, 0x0, 0x6f, 0xff, 0xfa,
    0x0, 0x0, 0x0, 0x0, 0x0, 0x0, 0x0, 0x0,
    0x0, 0xdf, 0xff, 0xe1, 0x0, 0x0, 0x0, 0x0,
    0x0, 0x0, 0x0, 0x0, 0x4, 0xff, 0xff, 0x50,
    0x0, 0x0, 0x0, 0x0, 0x0, 0x0, 0x0, 0x0,
    0x2, 0x44, 0x44, 0x0, 0x0, 0x0, 0x0, 0x0,
    0x0, 0x0, 0x0, 0x0, 0x0, 0x0, 0x0, 0x0,
    0x0, 0x0, 0x0, 0x0, 0x0, 0x0, 0x0, 0x0,
    0x0, 0x0, 0x0, 0x0, 0x0, 0x0, 0x0, 0x0,
    0x0, 0x0, 0x0, 0x0, 0x0, 0x0, 0x0, 0x0,
    0x0, 0x0, 0x0, 0x0, 0xcf, 0xff, 0xff, 0x50,
    0x0, 0x0, 0x0, 0x0, 0xf, 0xff, 0xff, 0xf2,
    0xcf, 0xff, 0xff, 0x50, 0x0, 0x0, 0x0, 0x0,
    0xf, 0xff, 0xff, 0xf2, 0xcf, 0xff, 0xff, 0x50,
    0x0, 0x0, 0x0, 0x0, 0xf, 0xff, 0xff, 0xf2,
    0xcf, 0xff, 0xff, 0x50, 0x0, 0x0, 0x0, 0x0,
    0xf, 0xff, 0xff, 0xf2, 0xcf, 0xff, 0xff, 0x50,
    0x0, 0x0, 0x0, 0x0, 0xf, 0xff, 0xff, 0xf2,
    0xcf, 0xff, 0xff, 0x50, 0x0, 0x0, 0x0, 0x0,
    0xf, 0xff, 0xff, 0xf2, 0xcf, 0xff, 0xff, 0x50,
    0x0, 0x0, 0x0, 0x0, 0xf, 0xff, 0xff, 0xf2,
    0xcf, 0xff, 0xff, 0x50, 0x0, 0x0, 0x0, 0x0,
    0xf, 0xff, 0xff, 0xf2, 0xcf, 0xff, 0xff, 0x50,
    0x0, 0x0, 0x0, 0x0, 0xf, 0xff, 0xff, 0xf2,
    0xcf, 0xff, 0xff, 0x50, 0x0, 0x0, 0x0, 0x0,
    0xf, 0xff, 0xff, 0xf2, 0xcf, 0xff, 0xff, 0x50,
    0x0, 0x0, 0x0, 0x0, 0xf, 0xff, 0xff, 0xf2,
    0xcf, 0xff, 0xff, 0x50, 0x0, 0x0, 0x0, 0x0,
    0xf, 0xff, 0xff, 0xf2, 0xcf, 0xff, 0xff, 0x50,
    0x0, 0x0, 0x0, 0x0, 0xf, 0xff, 0xff, 0xf2,
    0xcf, 0xff, 0xff, 0x50, 0x0, 0x0, 0x0, 0x0,
    0xf, 0xff, 0xff, 0xf2, 0xcf, 0xff, 0xff, 0x50,
    0x0, 0x0, 0x0, 0x0, 0xf, 0xff, 0xff, 0xf2,
    0xcf, 0xff, 0xff, 0x50, 0x0, 0x0, 0x0, 0x0,
    0xf, 0xff, 0xff, 0xf2, 0xcf, 0xff, 0xff, 0x50,
    0x0, 0x0, 0x0, 0x0, 0xf, 0xff, 0xff, 0xf2,
    0xbf, 0xff, 0xff, 0x70, 0x0, 0x0, 0x0, 0x0,
    0x2f, 0xff, 0xff, 0xf2, 0xaf, 0xff, 0xff, 0xb0,
    0x0, 0x0, 0x0, 0x0, 0x7f, 0xff, 0xff, 0xf2,
    0x8f, 0xff, 0xff, 0xf3, 0x0, 0x0, 0x0, 0x1,
    0xef, 0xff, 0xff, 0xf2, 0x5f, 0xff, 0xff, 0xfe,
    0x20, 0x0, 0x0, 0x2d, 0xff, 0xff, 0xff, 0xf2,
    0x1f, 0xff, 0xff, 0xff, 0xf9, 0x54, 0x59, 0xff,
    0xfe, 0xff, 0xff, 0xf2, 0x9, 0xff, 0xff, 0xff,
    0xff, 0xff, 0xff, 0xff, 0xca, 0xff, 0xff, 0xf2,
    0x1, 0xef, 0xff, 0xff, 0xff, 0xff, 0xff, 0xff,
    0x2a, 0xff, 0xff, 0xf2, 0x0, 0x3e, 0xff, 0xff,
    0xff, 0xff, 0xff, 0xf5, 0xa, 0xff, 0xff, 0xf2,
    0x0, 0x2, 0xcf, 0xff, 0xff, 0xff, 0xfe, 0x40,
    0xa, 0xff, 0xff, 0xf2, 0x0, 0x0, 0x4, 0x9d,
    0xff, 0xeb, 0x60, 0x0, 0xa, 0xff, 0xff, 0xf2,

    /* U+00FB "û" */
    0x0, 0x0, 0x0, 0x0, 0x7, 0x88, 0x88, 0x30,
    0x0, 0x0, 0x0, 0x0, 0x0, 0x0, 0x0, 0x0,
    0xaf, 0xff, 0xff, 0xe2, 0x0, 0x0, 0x0, 0x0,
    0x0, 0x0, 0x0, 0x9, 0xff, 0xff, 0xff, 0xfd,
    0x10, 0x0, 0x0, 0x0, 0x0, 0x0, 0x0, 0x8f,
    0xff, 0xfb, 0xff, 0xff, 0xd0, 0x0, 0x0, 0x0,
    0x0, 0x0, 0x7, 0xff, 0xff, 0xc0, 0x6f, 0xff,
    0xfc, 0x0, 0x0, 0x0, 0x0, 0x0, 0x6f, 0xff,
    0xfe, 0x10, 0x9, 0xff, 0xff, 0xa0, 0x0, 0x0,
    0x0, 0x5, 0xff, 0xff, 0xf3, 0x0, 0x0, 0xcf,
    0xff, 0xf9, 0x0, 0x0, 0x0, 0x7, 0x88, 0x88,
    0x40, 0x0, 0x0, 0x17, 0x88, 0x88, 0x20, 0x0,
    0x0, 0x0, 0x0, 0x0, 0x0, 0x0, 0x0, 0x0,
    0x0, 0x0, 0x0, 0x0, 0x0, 0x0, 0x0, 0x0,
    0x0, 0x0, 0x0, 0x0, 0x0, 0x0, 0x0, 0x0,
    0x0, 0x0, 0x0, 0x0, 0x0, 0x0, 0x0, 0x0,
    0x0, 0x0, 0x0, 0x0, 0xcf, 0xff, 0xff, 0x50,
    0x0, 0x0, 0x0, 0x0, 0xf, 0xff, 0xff, 0xf2,
    0xcf, 0xff, 0xff, 0x50, 0x0, 0x0, 0x0, 0x0,
    0xf, 0xff, 0xff, 0xf2, 0xcf, 0xff, 0xff, 0x50,
    0x0, 0x0, 0x0, 0x0, 0xf, 0xff, 0xff, 0xf2,
    0xcf, 0xff, 0xff, 0x50, 0x0, 0x0, 0x0, 0x0,
    0xf, 0xff, 0xff, 0xf2, 0xcf, 0xff, 0xff, 0x50,
    0x0, 0x0, 0x0, 0x0, 0xf, 0xff, 0xff, 0xf2,
    0xcf, 0xff, 0xff, 0x50, 0x0, 0x0, 0x0, 0x0,
    0xf, 0xff, 0xff, 0xf2, 0xcf, 0xff, 0xff, 0x50,
    0x0, 0x0, 0x0, 0x0, 0xf, 0xff, 0xff, 0xf2,
    0xcf, 0xff, 0xff, 0x50, 0x0, 0x0, 0x0, 0x0,
    0xf, 0xff, 0xff, 0xf2, 0xcf, 0xff, 0xff, 0x50,
    0x0, 0x0, 0x0, 0x0, 0xf, 0xff, 0xff, 0xf2,
    0xcf, 0xff, 0xff, 0x50, 0x0, 0x0, 0x0, 0x0,
    0xf, 0xff, 0xff, 0xf2, 0xcf, 0xff, 0xff, 0x50,
    0x0, 0x0, 0x0, 0x0, 0xf, 0xff, 0xff, 0xf2,
    0xcf, 0xff, 0xff, 0x50, 0x0, 0x0, 0x0, 0x0,
    0xf, 0xff, 0xff, 0xf2, 0xcf, 0xff, 0xff, 0x50,
    0x0, 0x0, 0x0, 0x0, 0xf, 0xff, 0xff, 0xf2,
    0xcf, 0xff, 0xff, 0x50, 0x0, 0x0, 0x0, 0x0,
    0xf, 0xff, 0xff, 0xf2, 0xcf, 0xff, 0xff, 0x50,
    0x0, 0x0, 0x0, 0x0, 0xf, 0xff, 0xff, 0xf2,
    0xcf, 0xff, 0xff, 0x50, 0x0, 0x0, 0x0, 0x0,
    0xf, 0xff, 0xff, 0xf2, 0xcf, 0xff, 0xff, 0x50,
    0x0, 0x0, 0x0, 0x0, 0xf, 0xff, 0xff, 0xf2,
    0xbf, 0xff, 0xff, 0x70, 0x0, 0x0, 0x0, 0x0,
    0x2f, 0xff, 0xff, 0xf2, 0xaf, 0xff, 0xff, 0xb0,
    0x0, 0x0, 0x0, 0x0, 0x7f, 0xff, 0xff, 0xf2,
    0x8f, 0xff, 0xff, 0xf3, 0x0, 0x0, 0x0, 0x1,
    0xef, 0xff, 0xff, 0xf2, 0x5f, 0xff, 0xff, 0xfe,
    0x20, 0x0, 0x0, 0x2d, 0xff, 0xff, 0xff, 0xf2,
    0x1f, 0xff, 0xff, 0xff, 0xf9, 0x54, 0x59, 0xff,
    0xfe, 0xff, 0xff, 0xf2, 0x9, 0xff, 0xff, 0xff,
    0xff, 0xff, 0xff, 0xff, 0xca, 0xff, 0xff, 0xf2,
    0x1, 0xef, 0xff, 0xff, 0xff, 0xff, 0xff, 0xff,
    0x2a, 0xff, 0xff, 0xf2, 0x0, 0x3e, 0xff, 0xff,
    0xff, 0xff, 0xff, 0xf5, 0xa, 0xff, 0xff, 0xf2,
    0x0, 0x2, 0xcf, 0xff, 0xff, 0xff, 0xfe, 0x40,
    0xa, 0xff, 0xff, 0xf2, 0x0, 0x0, 0x4, 0x9d,
    0xff, 0xeb, 0x60, 0x0, 0xa, 0xff, 0xff, 0xf2,

    /* U+00FC "ü" */
    0x0, 0x0, 0x4, 0x75, 0x0, 0x0, 0x0, 0x3,
    0x76, 0x10, 0x0, 0x0, 0x0, 0x0, 0xaf, 0xff,
    0xc0, 0x0, 0x0, 0x7f, 0xff, 0xe2, 0x0, 0x0,
    0x0, 0x6, 0xff, 0xff, 0xf8, 0x0, 0x2, 0xff,
    0xff, 0xfc, 0x0, 0x0, 0x0, 0x9, 0xff, 0xff,
    0xfc, 0x0, 0x6, 0xff, 0xff, 0xff, 0x0, 0x0,
    0x0, 0x8, 0xff, 0xff, 0xfb, 0x0, 0x5, 0xff,
    0xff, 0xfe, 0x0, 0x0, 0x0, 0x2, 0xff, 0xff,
    0xf4, 0x0, 0x0, 0xdf, 0xff, 0xf7, 0x0, 0x0,
    0x0, 0x0, 0x3c, 0xfd, 0x40, 0x0, 0x0, 0x1a,
    0xed, 0x70, 0x0, 0x0, 0x0, 0x0, 0x0, 0x0,
    0x0, 0x0, 0x0, 0x0, 0x0, 0x0, 0x0, 0x0,
    0x0, 0x0, 0x0, 0x0, 0x0, 0x0, 0x0, 0x0,
    0x0, 0x0, 0x0, 0x0, 0x0, 0x0, 0x0, 0x0,
    0x0, 0x0, 0x0, 0x0, 0x0, 0x0, 0x0, 0x0,
    0x0, 0x0, 0x0, 0x0, 0x0, 0x0, 0x0, 0x0,
    0x0, 0x0, 0x0, 0x0, 0xcf, 0xff, 0xff, 0x50,
    0x0, 0x0, 0x0, 0x0, 0xf, 0xff, 0xff, 0xf2,
    0xcf, 0xff, 0xff, 0x50, 0x0, 0x0, 0x0, 0x0,
    0xf, 0xff, 0xff, 0xf2, 0xcf, 0xff, 0xff, 0x50,
    0x0, 0x0, 0x0, 0x0, 0xf, 0xff, 0xff, 0xf2,
    0xcf, 0xff, 0xff, 0x50, 0x0, 0x0, 0x0, 0x0,
    0xf, 0xff, 0xff, 0xf2, 0xcf, 0xff, 0xff, 0x50,
    0x0, 0x0, 0x0, 0x0, 0xf, 0xff, 0xff, 0xf2,
    0xcf, 0xff, 0xff, 0x50, 0x0, 0x0, 0x0, 0x0,
    0xf, 0xff, 0xff, 0xf2, 0xcf, 0xff, 0xff, 0x50,
    0x0, 0x0, 0x0, 0x0, 0xf, 0xff, 0xff, 0xf2,
    0xcf, 0xff, 0xff, 0x50, 0x0, 0x0, 0x0, 0x0,
    0xf, 0xff, 0xff, 0xf2, 0xcf, 0xff, 0xff, 0x50,
    0x0, 0x0, 0x0, 0x0, 0xf, 0xff, 0xff, 0xf2,
    0xcf, 0xff, 0xff, 0x50, 0x0, 0x0, 0x0, 0x0,
    0xf, 0xff, 0xff, 0xf2, 0xcf, 0xff, 0xff, 0x50,
    0x0, 0x0, 0x0, 0x0, 0xf, 0xff, 0xff, 0xf2,
    0xcf, 0xff, 0xff, 0x50, 0x0, 0x0, 0x0, 0x0,
    0xf, 0xff, 0xff, 0xf2, 0xcf, 0xff, 0xff, 0x50,
    0x0, 0x0, 0x0, 0x0, 0xf, 0xff, 0xff, 0xf2,
    0xcf, 0xff, 0xff, 0x50, 0x0, 0x0, 0x0, 0x0,
    0xf, 0xff, 0xff, 0xf2, 0xcf, 0xff, 0xff, 0x50,
    0x0, 0x0, 0x0, 0x0, 0xf, 0xff, 0xff, 0xf2,
    0xcf, 0xff, 0xff, 0x50, 0x0, 0x0, 0x0, 0x0,
    0xf, 0xff, 0xff, 0xf2, 0xcf, 0xff, 0xff, 0x50,
    0x0, 0x0, 0x0, 0x0, 0xf, 0xff, 0xff, 0xf2,
    0xbf, 0xff, 0xff, 0x70, 0x0, 0x0, 0x0, 0x0,
    0x2f, 0xff, 0xff, 0xf2, 0xaf, 0xff, 0xff, 0xb0,
    0x0, 0x0, 0x0, 0x0, 0x7f, 0xff, 0xff, 0xf2,
    0x8f, 0xff, 0xff, 0xf3, 0x0, 0x0, 0x0, 0x1,
    0xef, 0xff, 0xff, 0xf2, 0x5f, 0xff, 0xff, 0xfe,
    0x20, 0x0, 0x0, 0x2d, 0xff, 0xff, 0xff, 0xf2,
    0x1f, 0xff, 0xff, 0xff, 0xf9, 0x54, 0x59, 0xff,
    0xfe, 0xff, 0xff, 0xf2, 0x9, 0xff, 0xff, 0xff,
    0xff, 0xff, 0xff, 0xff, 0xca, 0xff, 0xff, 0xf2,
    0x1, 0xef, 0xff, 0xff, 0xff, 0xff, 0xff, 0xff,
    0x2a, 0xff, 0xff, 0xf2, 0x0, 0x3e, 0xff, 0xff,
    0xff, 0xff, 0xff, 0xf5, 0xa, 0xff, 0xff, 0xf2,
    0x0, 0x2, 0xcf, 0xff, 0xff, 0xff, 0xfe, 0x40,
    0xa, 0xff, 0xff, 0xf2, 0x0, 0x0, 0x4, 0x9d,
    0xff, 0xeb, 0x60, 0x0, 0xa, 0xff, 0xff, 0xf2,

    /* U+00FD "ý" */
    0x0, 0x0, 0x0, 0x0, 0x0, 0x0, 0x0, 0x4,
    0x44, 0x44, 0x40, 0x0, 0x0, 0x0, 0x0, 0x0,
    0x0, 0x0, 0x0, 0x0, 0x0, 0x3f, 0xff, 0xff,
    0x80, 0x0, 0x0, 0x0, 0x0, 0x0, 0x0, 0x0,
    0x0, 0x0, 0x0, 0xaf, 0xff, 0xfd, 0x0, 0x0,
    0x0, 0x0, 0x0, 0x0, 0x0, 0x0, 0x0, 0x0,
    0x2, 0xff, 0xff, 0xf3, 0x0, 0x0, 0x0, 0x0,
    0x0, 0x0, 0x0, 0x0, 0x0, 0x0, 0x9, 0xff,
    0xff, 0x90, 0x0, 0x0, 0x0, 0x0, 0x0, 0x0,
    0x0, 0x0, 0x0, 0x0, 0x1f, 0xff, 0xfd, 0x0,
    0x0, 0x0, 0x0, 0x0, 0x0, 0x0, 0x0, 0x0,
    0x0, 0x0, 0x7f, 0xff, 0xf4, 0x0, 0x0, 0x0,
    0x0, 0x0, 0x0, 0x0, 0x0, 0x0, 0x0, 0x0,
    0xef, 0xff, 0x90, 0x0, 0x0, 0x0, 0x0, 0x0,
    0x0, 0x0, 0x0, 0x0, 0x0, 0x0, 0x0, 0x0,
    0x0, 0x0, 0x0, 0x0, 0x0, 0x0, 0x0, 0x0,
    0x0, 0x0, 0x0, 0x0, 0x0, 0x0, 0x0, 0x0,
    0x0, 0x0, 0x0, 0x0, 0x0, 0x0, 0x0, 0x0,
    0x0, 0x0, 0x0, 0x0, 0x0, 0x0, 0x0, 0x0,
    0x0, 0x0, 0xe, 0xff, 0xff, 0xf9, 0x0, 0x0,
    0x0, 0x0, 0x0, 0x0, 0x4f, 0xff, 0xff, 0xf2,
    0x8, 0xff, 0xff, 0xfe, 0x0, 0x0, 0x0, 0x0,
    0x0, 0x0, 0x9f, 0xff, 0xff, 0xc0, 0x2, 0xff,
    0xff, 0xff, 0x40, 0x0, 0x0, 0x0, 0x0, 0x0,
    0xef, 0xff, 0xff, 0x60, 0x0, 0xcf, 0xff, 0xff,
    0x90, 0x0, 0x0, 0x0, 0x0, 0x4, 0xff, 0xff,
    0xff, 0x0, 0x0, 0x6f, 0xff, 0xff, 0xe0, 0x0,
    0x0, 0x0, 0x0, 0xa, 0xff, 0xff, 0xfa, 0x0,
    0x0, 0x1f, 0xff, 0xff, 0xf3, 0x0, 0x0, 0x0,
    0x0, 0xf, 0xff, 0xff, 0xf4, 0x0, 0x0, 0xb,
    0xff, 0xff, 0xf9, 0x0, 0x0, 0x0, 0x0, 0x5f,
    0xff, 0xff, 0xe0, 0x0, 0x0, 0x5, 0xff, 0xff,
    0xfe, 0x0, 0x0, 0x0, 0x0, 0xaf, 0xff, 0xff,
    0x80, 0x0, 0x0, 0x0, 0xef, 0xff, 0xff, 0x30,
    0x0, 0x0, 0x0, 0xff, 0xff, 0xff, 0x20, 0x0,
    0x0, 0x0, 0x9f, 0xff, 0xff, 0x80, 0x0, 0x0,
    0x5, 0xff, 0xff, 0xfc, 0x0, 0x0, 0x0, 0x0,
    0x3f, 0xff, 0xff, 0xe0, 0x0, 0x0, 0xa, 0xff,
    0xff, 0xf6, 0x0, 0x0, 0x0, 0x0, 0xd, 0xff,
    0xff, 0xf3, 0x0, 0x0, 0xf, 0xff, 0xff, 0xf1,
    0x0, 0x0, 0x0, 0x0, 0x7, 0xff, 0xff, 0xf8,
    0x0, 0x0, 0x5f, 0xff, 0xff, 0xa0, 0x0, 0x0,
    0x0, 0x0, 0x1, 0xff, 0xff, 0xfd, 0x0, 0x0,
    0xbf, 0xff, 0xff, 0x40, 0x0, 0x0, 0x0, 0x0,
    0x0, 0xbf, 0xff, 0xff, 0x30, 0x0, 0xff, 0xff,
    0xfe, 0x0, 0x0, 0x0, 0x0, 0x0, 0x0, 0x6f,
    0xff, 0xff, 0x70, 0x5, 0xff, 0xff, 0xf8, 0x0,
    0x0, 0x0, 0x0, 0x0, 0x0, 0xf, 0xff, 0xff,
    0xc0, 0xa, 0xff, 0xff, 0xf3, 0x0, 0x0, 0x0,
    0x0, 0x0, 0x0, 0xa, 0xff, 0xff, 0xf0, 0xe,
    0xff, 0xff, 0xd0, 0x0, 0x0, 0x0, 0x0, 0x0,
    0x0, 0x4, 0xff, 0xff, 0xf4, 0x3f, 0xff, 0xff,
    0x70, 0x0, 0x0, 0x0, 0x0, 0x0, 0x0, 0x0,
    0xef, 0xff, 0xf8, 0x7f, 0xff, 0xff, 0x10, 0x0,
    0x0, 0x0, 0x0, 0x0, 0x0, 0x0, 0x8f, 0xff,
    0xfc, 0xbf, 0xff, 0xfb, 0x0, 0x0, 0x0, 0x0,
    0x0, 0x0, 0x0, 0x0, 0x2f, 0xff, 0xff, 0xff,
    0xff, 0xf5, 0x0, 0x0, 0x0, 0x0, 0x0, 0x0,
    0x0, 0x0, 0xc, 0xff, 0xff, 0xff, 0xff, 0xe0,
    0x0, 0x0, 0x0, 0x0, 0x0, 0x0, 0x0, 0x0,
    0x7, 0xff, 0xff, 0xff, 0xff, 0x90, 0x0, 0x0,
    0x0, 0x0, 0x0, 0x0, 0x0, 0x0, 0x1, 0xff,
    0xff, 0xff, 0xff, 0x30, 0x0, 0x0, 0x0, 0x0,
    0x0, 0x0, 0x0, 0x0, 0x0, 0xbf, 0xff, 0xff,
    0xfd, 0x0, 0x0, 0x0, 0x0, 0x0, 0x0, 0x0,
    0x0, 0x0, 0x0, 0x5f, 0xff, 0xff, 0xf7, 0x0,
    0x0, 0x0, 0x0, 0x0, 0x0, 0x0, 0x0, 0x0,
    0x0, 0x5f, 0xff, 0xff, 0xf1, 0x0, 0x0, 0x0,
    0x0, 0x0, 0x0, 0x0, 0x0, 0x0, 0x0, 0x8f,
    0xff, 0xff, 0xb0, 0x0, 0x0, 0x0, 0x0, 0x0,
    0x0, 0x0, 0x0, 0x0, 0x0, 0xdf, 0xff, 0xff,
    0x50, 0x0, 0x0, 0x0, 0x0, 0x0, 0x0, 0x0,
    0x0, 0x0, 0x5, 0xff, 0xff, 0xfe, 0x0, 0x0,
    0x0, 0x0, 0x0, 0x0, 0x0, 0x0, 0x44, 0x11,
    0x6f, 0xff, 0xff, 0xf8, 0x0, 0x0, 0x0, 0x0,
    0x0, 0x0, 0x0, 0x0, 0xef, 0xff, 0xff, 0xff,
    0xff, 0xe1, 0x0, 0x0, 0x0, 0x0, 0x0, 0x0,
    0x0, 0x2, 0xff, 0xff, 0xff, 0xff, 0xff, 0x50,
    0x0, 0x0, 0x0, 0x0, 0x0, 0x0, 0x0, 0x7,
    0xff, 0xff, 0xff, 0xff, 0xf7, 0x0, 0x0, 0x0,
    0x0, 0x0, 0x0, 0x0, 0x0, 0xc, 0xff, 0xff,
    0xff, 0xff, 0x60, 0x0, 0x0, 0x0, 0x0, 0x0,
    0x0, 0x0, 0x0, 0x8, 0xce, 0xff, 0xeb, 0x71,
    0x0, 0x0, 0x0, 0x0, 0x0, 0x0, 0x0, 0x0,

    /* U+00FE "þ" */
    0xcf, 0xff, 0xff, 0x50, 0x0, 0x0, 0x0, 0x0,
    0x0, 0x0, 0x0, 0x0, 0xc, 0xff, 0xff, 0xf5,
    0x0, 0x0, 0x0, 0x0, 0x0, 0x0, 0x0, 0x0,
    0x0, 0xcf, 0xff, 0xff, 0x50, 0x0, 0x0, 0x0,
    0x0, 0x0, 0x0, 0x0, 0x0, 0xc, 0xff, 0xff,
    0xf5, 0x0, 0x0, 0x0, 0x0, 0x0, 0x0, 0x0,
    0x0, 0x0, 0xcf, 0xff, 0xff, 0x50, 0x0, 0x0,
    0x0, 0x0, 0x0, 0x0, 0x0, 0x0, 0xc, 0xff,
    0xff, 0xf5, 0x0, 0x0, 0x0, 0x0, 0x0, 0x0,
    0x0, 0x0, 0x0, 0xcf, 0xff, 0xff, 0x50, 0x0,
    0x0, 0x0, 0x0, 0x0, 0x0, 0x0, 0x0, 0xc,
    0xff, 0xff, 0xf5, 0x0, 0x0, 0x0, 0x0, 0x0,
    0x0, 0x0, 0x0, 0x0, 0xcf, 0xff, 0xff, 0x50,
    0x0, 0x0, 0x0, 0x0, 0x0, 0x0, 0x0, 0x0,
    0xc, 0xff, 0xff, 0xf5, 0x0, 0x4, 0xad, 0xff,
    0xeb, 0x61, 0x0, 0x0, 0x0, 0xcf, 0xff, 0xff,
    0x50, 0x1b, 0xff, 0xff, 0xff, 0xff, 0xf7, 0x0,
    0x0, 0xc, 0xff, 0xff, 0xf5, 0x1d, 0xff, 0xff,
    0xff, 0xff, 0xff, 0xfb, 0x0, 0x0, 0xcf, 0xff,
    0xff, 0x5a, 0xff, 0xff, 0xff, 0xff, 0xff, 0xff,
    0xfc, 0x0, 0xc, 0xff, 0xff, 0xfa, 0xff, 0xff,
    0xff, 0xff, 0xff, 0xff, 0xff, 0xf8, 0x0, 0xcf,
    0xff, 0xff, 0xff, 0xfd, 0x63, 0x23, 0x7e, 0xff,
    0xff, 0xff, 0xf2, 0xc, 0xff, 0xff, 0xff, 0xf9,
    0x0, 0x0, 0x0, 0x1b, 0xff, 0xff, 0xff, 0x90,
    0xcf, 0xff, 0xff, 0xfc, 0x0, 0x0, 0x0, 0x0,
    0xe, 0xff, 0xff, 0xff, 0xc, 0xff, 0xff, 0xff,
    0x30, 0x0, 0x0, 0x0, 0x0, 0x5f, 0xff, 0xff,
    0xf4, 0xcf, 0xff, 0xff, 0xc0, 0x0, 0x0, 0x0,
    0x0, 0x0, 0xff, 0xff, 0xff, 0x8c, 0xff, 0xff,
    0xf8, 0x0, 0x0, 0x0, 0x0, 0x0, 0xa, 0xff,
    0xff, 0xfa, 0xcf, 0xff, 0xff, 0x50, 0x0, 0x0,
    0x0, 0x0, 0x0, 0x8f, 0xff, 0xff, 0xcc, 0xff,
    0xff, 0xf4, 0x0, 0x0, 0x0, 0x0, 0x0, 0x6,
    0xff, 0xff, 0xfd, 0xcf, 0xff, 0xff, 0x30, 0x0,
    0x0, 0x0, 0x0, 0x0, 0x6f, 0xff, 0xff, 0xec,
    0xff, 0xff, 0xf4, 0x0, 0x0, 0x0, 0x0, 0x0,
    0x6, 0xff, 0xff, 0xfd, 0xcf, 0xff, 0xff, 0x50,
    0x0, 0x0, 0x0, 0x0, 0x0, 0x8f, 0xff, 0xff,
    0xcc, 0xff, 0xff, 0xf8, 0x0, 0x0, 0x0, 0x0,
    0x0, 0xb, 0xff, 0xff, 0xfa, 0xcf, 0xff, 0xff,
    0xd0, 0x0, 0x0, 0x0, 0x0, 0x0, 0xff, 0xff,
    0xff, 0x8c, 0xff, 0xff, 0xff, 0x30, 0x0, 0x0,
    0x0, 0x0, 0x6f, 0xff, 0xff, 0xf4, 0xcf, 0xff,
    0xff, 0xfc, 0x0, 0x0, 0x0, 0x0, 0x1e, 0xff,
    0xff, 0xff, 0xc, 0xff, 0xff, 0xff, 0xfa, 0x0,
    0x0, 0x0, 0x1c, 0xff, 0xff, 0xff, 0x90, 0xcf,
    0xff, 0xff, 0xff, 0xfd, 0x63, 0x23, 0x7e, 0xff,
    0xff, 0xff, 0xf1, 0xc, 0xff, 0xff, 0xfa, 0xff,
    0xff, 0xff, 0xff, 0xff, 0xff, 0xff, 0xf8, 0x0,
    0xcf, 0xff, 0xff, 0x5a, 0xff, 0xff, 0xff, 0xff,
    0xff, 0xff, 0xfb, 0x0, 0xc, 0xff, 0xff, 0xf5,
    0xc, 0xff, 0xff, 0xff, 0xff, 0xff, 0xfb, 0x0,
    0x0, 0xcf, 0xff, 0xff, 0x50, 0x1b, 0xff, 0xff,
    0xff, 0xff, 0xf7, 0x0, 0x0, 0xc, 0xff, 0xff,
    0xf5, 0x0, 0x4, 0xad, 0xff, 0xeb, 0x61, 0x0,
    0x0, 0x0, 0xcf, 0xff, 0xff, 0x50, 0x0, 0x0,
    0x0, 0x0, 0x0, 0x0, 0x0, 0x0, 0xc, 0xff,
    0xff, 0xf5, 0x0, 0x0, 0x0, 0x0, 0x0, 0x0,
    0x0, 0x0, 0x0, 0xcf, 0xff, 0xff, 0x50, 0x0,
    0x0, 0x0, 0x0, 0x0, 0x0, 0x0, 0x0, 0xc,
    0xff, 0xff, 0xf5, 0x0, 0x0, 0x0, 0x0, 0x0,
    0x0, 0x0, 0x0, 0x0, 0xcf, 0xff, 0xff, 0x50,
    0x0, 0x0, 0x0, 0x0, 0x0, 0x0, 0x0, 0x0,
    0xc, 0xff, 0xff, 0xf5, 0x0, 0x0, 0x0, 0x0,
    0x0, 0x0, 0x0, 0x0, 0x0, 0xcf, 0xff, 0xff,
    0x50, 0x0, 0x0, 0x0, 0x0, 0x0, 0x0, 0x0,
    0x0, 0xc, 0xff, 0xff, 0xf5, 0x0, 0x0, 0x0,
    0x0, 0x0, 0x0, 0x0, 0x0, 0x0, 0xcf, 0xff,
    0xff, 0x50, 0x0, 0x0, 0x0, 0x0, 0x0, 0x0,
    0x0, 0x0, 0xc, 0xff, 0xff, 0xf5, 0x0, 0x0,
    0x0, 0x0, 0x0, 0x0, 0x0, 0x0, 0x0,

    /* U+00FF "ÿ" */
    0x0, 0x0, 0x0, 0x8, 0xee, 0x90, 0x0, 0x0,
    0x6, 0xdf, 0xb2, 0x0, 0x0, 0x0, 0x0, 0x0,
    0x0, 0x9f, 0xff, 0xfb, 0x0, 0x0, 0x6f, 0xff,
    0xfe, 0x10, 0x0, 0x0, 0x0, 0x0, 0x0, 0xff,
    0xff, 0xff, 0x20, 0x0, 0xdf, 0xff, 0xff, 0x60,
    0x0, 0x0, 0x0, 0x0, 0x2, 0xff, 0xff, 0xff,
    0x40, 0x0, 0xef, 0xff, 0xff, 0x70, 0x0, 0x0,
    0x0, 0x0, 0x0, 0xef, 0xff, 0xff, 0x10, 0x0,
    0xbf, 0xff, 0xff, 0x30, 0x0, 0x0, 0x0, 0x0,
    0x0, 0x4f, 0xff, 0xf5, 0x0, 0x0, 0x2d, 0xff,
    0xf8, 0x0, 0x0, 0x0, 0x0, 0x0, 0x0, 0x1,
    0x66, 0x20, 0x0, 0x0, 0x0, 0x57, 0x30, 0x0,
    0x0, 0x0, 0x0, 0x0, 0x0, 0x0, 0x0, 0x0,
    0x0, 0x0, 0x0, 0x0, 0x0, 0x0, 0x0, 0x0,
    0x0, 0x0, 0x0, 0x0, 0x0, 0x0, 0x0, 0x0,
    0x0, 0x0, 0x0, 0x0, 0x0, 0x0, 0x0, 0x0,
    0x0, 0x0, 0x0, 0x0, 0x0, 0x0, 0x0, 0x0,
    0x0, 0x0, 0x0, 0x0, 0xe, 0xff, 0xff, 0xf9,
    0x0, 0x0, 0x0, 0x0, 0x0, 0x0, 0x4f, 0xff,
    0xff, 0xf2, 0x8, 0xff, 0xff, 0xfe, 0x0, 0x0,
    0x0, 0x0, 0x0, 0x0, 0x9f, 0xff, 0xff, 0xc0,
    0x2, 0xff, 0xff, 0xff, 0x40, 0x0, 0x0, 0x0,
    0x0, 0x0, 0xef, 0xff, 0xff, 0x60, 0x0, 0xcf,
    0xff, 0xff, 0x90, 0x0, 0x0, 0x0, 0x0, 0x4,
    0xff, 0xff, 0xff, 0x0, 0x0, 0x6f, 0xff, 0xff,
    0xe0, 0x0, 0x0, 0x0, 0x0, 0xa, 0xff, 0xff,
    0xfa, 0x0, 0x0, 0x1f, 0xff, 0xff, 0xf3, 0x0,
    0x0, 0x0, 0x0, 0xf, 0xff, 0xff, 0xf4, 0x0,
    0x0, 0xb, 0xff, 0xff, 0xf9, 0x0, 0x0, 0x0,
    0x0, 0x5f, 0xff, 0xff, 0xe0, 0x0, 0x0, 0x5,
    0xff, 0xff, 0xfe, 0x0, 0x0, 0x0, 0x0, 0xaf,
    0xff, 0xff, 0x80, 0x0, 0x0, 0x0, 0xef, 0xff,
    0xff, 0x30, 0x0, 0x0, 0x0, 0xff, 0xff, 0xff,
    0x20, 0x0, 0x0, 0x0, 0x9f, 0xff, 0xff, 0x80,
    0x0, 0x0, 0x5, 0xff, 0xff, 0xfc, 0x0, 0x0,
    0x0, 0x0, 0x3f, 0xff, 0xff, 0xe0, 0x0, 0x0,
    0xa, 0xff, 0xff, 0xf6, 0x0, 0x0, 0x0, 0x0,
    0xd, 0xff, 0xff, 0xf3, 0x0, 0x0, 0xf, 0xff,
    0xff, 0xf1, 0x0, 0x0, 0x0, 0x0, 0x7, 0xff,
    0xff, 0xf8, 0x0, 0x0, 0x5f, 0xff, 0xff, 0xa0,
    0x0, 0x0, 0x0, 0x0, 0x1, 0xff, 0xff, 0xfd,
    0x0, 0x0, 0xbf, 0xff, 0xff, 0x40, 0x0, 0x0,
    0x0, 0x0, 0x0, 0xbf, 0xff, 0xff, 0x30, 0x0,
    0xff, 0xff, 0xfe, 0x0, 0x0, 0x0, 0x0, 0x0,
    0x0, 0x6f, 0xff, 0xff, 0x70, 0x5, 0xff, 0xff,
    0xf8, 0x0, 0x0, 0x0, 0x0, 0x0, 0x0, 0xf,
    0xff, 0xff, 0xc0, 0xa, 0xff, 0xff, 0xf3, 0x0,
    0x0, 0x0, 0x0, 0x0, 0x0, 0xa, 0xff, 0xff,
    0xf0, 0xe, 0xff, 0xff, 0xd0, 0x0, 0x0, 0x0,
    0x0, 0x0, 0x0, 0x4, 0xff, 0xff, 0xf4, 0x3f,
    0xff, 0xff, 0x70, 0x0, 0x0, 0x0, 0x0, 0x0,
    0x0, 0x0, 0xef, 0xff, 0xf8, 0x7f, 0xff, 0xff,
    0x10, 0x0, 0x0, 0x0, 0x0, 0x0, 0x0, 0x0,
    0x8f, 0xff, 0xfc, 0xbf, 0xff, 0xfb, 0x0, 0x0,
    0x0, 0x0, 0x0, 0x0, 0x0, 0x0, 0x2f, 0xff,
    0xff, 0xff, 0xff, 0xf5, 0x0, 0x0, 0x0, 0x0,
    0x0, 0x0, 0x0, 0x0, 0xc, 0xff, 0xff, 0xff,
    0xff, 0xe0, 0x0, 0x0, 0x0, 0x0, 0x0, 0x0,
    0x0, 0x0, 0x7, 0xff, 0xff, 0xff, 0xff, 0x90,
    0x0, 0x0, 0x0, 0x0, 0x0, 0x0, 0x0, 0x0,
    0x1, 0xff, 0xff, 0xff, 0xff, 0x30, 0x0, 0x0,
    0x0, 0x0, 0x0, 0x0, 0x0, 0x0, 0x0, 0xbf,
    0xff, 0xff, 0xfd, 0x0, 0x0, 0x0, 0x0, 0x0,
    0x0, 0x0, 0x0, 0x0, 0x0, 0x5f, 0xff, 0xff,
    0xf7, 0x0, 0x0, 0x0, 0x0, 0x0, 0x0, 0x0,
    0x0, 0x0, 0x0, 0x5f, 0xff, 0xff, 0xf1, 0x0,
    0x0, 0x0, 0x0, 0x0, 0x0, 0x0, 0x0, 0x0,
    0x0, 0x8f, 0xff, 0xff, 0xb0, 0x0, 0x0, 0x0,
    0x0, 0x0, 0x0, 0x0, 0x0, 0x0, 0x0, 0xdf,
    0xff, 0xff, 0x50, 0x0, 0x0, 0x0, 0x0, 0x0,
    0x0, 0x0, 0x0, 0x0, 0x5, 0xff, 0xff, 0xfe,
    0x0, 0x0, 0x0, 0x0, 0x0, 0x0, 0x0, 0x0,
    0x44, 0x11, 0x6f, 0xff, 0xff, 0xf8, 0x0, 0x0,
    0x0, 0x0, 0x0, 0x0, 0x0, 0x0, 0xef, 0xff,
    0xff, 0xff, 0xff, 0xe1, 0x0, 0x0, 0x0, 0x0,
    0x0, 0x0, 0x0, 0x2, 0xff, 0xff, 0xff, 0xff,
    0xff, 0x50, 0x0, 0x0, 0x0, 0x0, 0x0, 0x0,
    0x0, 0x7, 0xff, 0xff, 0xff, 0xff, 0xf7, 0x0,
    0x0, 0x0, 0x0, 0x0, 0x0, 0x0, 0x0, 0xc,
    0xff, 0xff, 0xff, 0xff, 0x60, 0x0, 0x0, 0x0,
    0x0, 0x0, 0x0, 0x0, 0x0, 0x8, 0xce, 0xff,
    0xeb, 0x71, 0x0, 0x0, 0x0, 0x0, 0x0, 0x0,
    0x0, 0x0
};


/*---------------------
 *  GLYPH DESCRIPTION
 *--------------------*/

static const lv_font_fmt_txt_glyph_dsc_t glyph_dsc[] = {
    {.bitmap_index = 0, .adv_w = 0, .box_w = 0, .box_h = 0, .ofs_x = 0, .ofs_y = 0} /* id = 0 reserved */,
    {.bitmap_index = 0, .adv_w = 194, .box_w = 0, .box_h = 0, .ofs_x = 0, .ofs_y = 0},
    {.bitmap_index = 0, .adv_w = 247, .box_w = 9, .box_h = 36, .ofs_x = 3, .ofs_y = 0},
    {.bitmap_index = 162, .adv_w = 402, .box_w = 17, .box_h = 15, .ofs_x = 4, .ofs_y = 21},
    {.bitmap_index = 290, .adv_w = 494, .box_w = 31, .box_h = 36, .ofs_x = 0, .ofs_y = 0},
    {.bitmap_index = 848, .adv_w = 500, .box_w = 27, .box_h = 46, .ofs_x = 2, .ofs_y = -5},
    {.bitmap_index = 1469, .adv_w = 771, .box_w = 40, .box_h = 37, .ofs_x = 4, .ofs_y = -1},
    {.bitmap_index = 2209, .adv_w = 509, .box_w = 30, .box_h = 36, .ofs_x = 2, .ofs_y = 0},
    {.bitmap_index = 2749, .adv_w = 250, .box_w = 7, .box_h = 15, .ofs_x = 4, .ofs_y = 21},
    {.bitmap_index = 2802, .adv_w = 287, .box_w = 13, .box_h = 45, .ofs_x = 4, .ofs_y = -7},
    {.bitmap_index = 3095, .adv_w = 287, .box_w = 13, .box_h = 45, .ofs_x = 1, .ofs_y = -7},
    {.bitmap_index = 3388, .adv_w = 414, .box_w = 20, .box_h = 20, .ofs_x = 3, .ofs_y = 16},
    {.bitmap_index = 3588, .adv_w = 517, .box_w = 24, .box_h = 24, .ofs_x = 4, .ofs_y = 2},
    {.bitmap_index = 3876, .adv_w = 245, .box_w = 10, .box_h = 15, .ofs_x = 2, .ofs_y = -9},
    {.bitmap_index = 3951, .adv_w = 357, .box_w = 17, .box_h = 6, .ofs_x = 3, .ofs_y = 12},
    {.bitmap_index = 4002, .adv_w = 245, .box_w = 9, .box_h = 8, .ofs_x = 3, .ofs_y = 0},
    {.bitmap_index = 4038, .adv_w = 291, .box_w = 18, .box_h = 43, .ofs_x = 0, .ofs_y = -5},
    {.bitmap_index = 4425, .adv_w = 507, .box_w = 28, .box_h = 36, .ofs_x = 2, .ofs_y = 0},
    {.bitmap_index = 4929, .adv_w = 325, .box_w = 15, .box_h = 36, .ofs_x = 2, .ofs_y = 0},
    {.bitmap_index = 5199, .adv_w = 479, .box_w = 26, .box_h = 36, .ofs_x = 2, .ofs_y = 0},
    {.bitmap_index = 5667, .adv_w = 489, .box_w = 27, .box_h = 36, .ofs_x = 2, .ofs_y = 0},
    {.bitmap_index = 6153, .adv_w = 512, .box_w = 28, .box_h = 36, .ofs_x = 2, .ofs_y = 0},
    {.bitmap_index = 6657, .adv_w = 470, .box_w = 25, .box_h = 36, .ofs_x = 2, .ofs_y = 0},
    {.bitmap_index = 7107, .adv_w = 491, .box_w = 27, .box_h = 36, .ofs_x = 2, .ofs_y = 0},
    {.bitmap_index = 7593, .adv_w = 443, .box_w = 25, .box_h = 36, .ofs_x = 1, .ofs_y = 0},
    {.bitmap_index = 8043, .adv_w = 492, .box_w = 27, .box_h = 36, .ofs_x = 2, .ofs_y = 0},
    {.bitmap_index = 8529, .adv_w = 491, .box_w = 27, .box_h = 36, .ofs_x = 2, .ofs_y = 0},
    {.bitmap_index = 9015, .adv_w = 245, .box_w = 9, .box_h = 26, .ofs_x = 3, .ofs_y = 0},
    {.bitmap_index = 9132, .adv_w = 253, .box_w = 10, .box_h = 35, .ofs_x = 2, .ofs_y = -9},
    {.bitmap_index = 9307, .adv_w = 517, .box_w = 25, .box_h = 28, .ofs_x = 3, .ofs_y = 0},
    {.bitmap_index = 9657, .adv_w = 517, .box_w = 24, .box_h = 17, .ofs_x = 4, .ofs_y = 6},
    {.bitmap_index = 9861, .adv_w = 517, .box_w = 24, .box_h = 28, .ofs_x = 5, .ofs_y = 0},
    {.bitmap_index = 10197, .adv_w = 417, .box_w = 23, .box_h = 36, .ofs_x = 1, .ofs_y = 0},
    {.bitmap_index = 10611, .adv_w = 767, .box_w = 44, .box_h = 45, .ofs_x = 2, .ofs_y = -10},
    {.bitmap_index = 11601, .adv_w = 559, .box_w = 33, .box_h = 36, .ofs_x = 1, .ofs_y = 0},
    {.bitmap_index = 12195, .adv_w = 506, .box_w = 27, .box_h = 36, .ofs_x = 3, .ofs_y = 0},
    {.bitmap_index = 12681, .adv_w = 566, .box_w = 32, .box_h = 36, .ofs_x = 2, .ofs_y = 0},
    {.bitmap_index = 13257, .adv_w = 555, .box_w = 30, .box_h = 36, .ofs_x = 3, .ofs_y = 0},
    {.bitmap_index = 13797, .adv_w = 465, .box_w = 24, .box_h = 36, .ofs_x = 3, .ofs_y = 0},
    {.bitmap_index = 14229, .adv_w = 452, .box_w = 23, .box_h = 36, .ofs_x = 3, .ofs_y = 0},
    {.bitmap_index = 14643, .adv_w = 575, .box_w = 32, .box_h = 36, .ofs_x = 2, .ofs_y = 0},
    {.bitmap_index = 15219, .adv_w = 573, .box_w = 30, .box_h = 36, .ofs_x = 3, .ofs_y = 0},
    {.bitmap_index = 15759, .adv_w = 213, .box_w = 7, .box_h = 36, .ofs_x = 3, .ofs_y = 0},
    {.bitmap_index = 15885, .adv_w = 445, .box_w = 24, .box_h = 36, .ofs_x = 1, .ofs_y = 0},
    {.bitmap_index = 16317, .adv_w = 540, .box_w = 30, .box_h = 36, .ofs_x = 3, .ofs_y = 0},
    {.bitmap_index = 16857, .adv_w = 434, .box_w = 23, .box_h = 36, .ofs_x = 3, .ofs_y = 0},
    {.bitmap_index = 17271, .adv_w = 708, .box_w = 38, .box_h = 36, .ofs_x = 3, .ofs_y = 0},
    {.bitmap_index = 17955, .adv_w = 583, .box_w = 30, .box_h = 36, .ofs_x = 3, .ofs_y = 0},
    {.bitmap_index = 18495, .adv_w = 590, .box_w = 33, .box_h = 36, .ofs_x = 2, .ofs_y = 0},
    {.bitmap_index = 19089, .adv_w = 495, .box_w = 26, .box_h = 36, .ofs_x = 3, .ofs_y = 0},
    {.bitmap_index = 19557, .adv_w = 594, .box_w = 33, .box_h = 39, .ofs_x = 2, .ofs_y = -3},
    {.bitmap_index = 20201, .adv_w = 501, .box_w = 28, .box_h = 36, .ofs_x = 3, .ofs_y = 0},
    {.bitmap_index = 20705, .adv_w = 500, .box_w = 27, .box_h = 37, .ofs_x = 2, .ofs_y = -1},
    {.bitmap_index = 21205, .adv_w = 507, .box_w = 29, .box_h = 36, .ofs_x = 1, .ofs_y = 0},
    {.bitmap_index = 21727, .adv_w = 565, .box_w = 29, .box_h = 37, .ofs_x = 3, .ofs_y = -1},
    {.bitmap_index = 22264, .adv_w = 559, .box_w = 33, .box_h = 36, .ofs_x = 1, .ofs_y = 0},
    {.bitmap_index = 22858, .adv_w = 783, .box_w = 47, .box_h = 36, .ofs_x = 1, .ofs_y = 0},
    {.bitmap_index = 23704, .adv_w = 553, .box_w = 33, .box_h = 36, .ofs_x = 1, .ofs_y = 0},
    {.bitmap_index = 24298, .adv_w = 548, .box_w = 33, .box_h = 36, .ofs_x = 1, .ofs_y = 0},
    {.bitmap_index = 24892, .adv_w = 501, .box_w = 27, .box_h = 36, .ofs_x = 2, .ofs_y = 0},
    {.bitmap_index = 25378, .adv_w = 287, .box_w = 12, .box_h = 44, .ofs_x = 4, .ofs_y = -7},
    {.bitmap_index = 25642, .adv_w = 291, .box_w = 18, .box_h = 43, .ofs_x = 0, .ofs_y = -5},
    {.bitmap_index = 26029, .adv_w = 287, .box_w = 12, .box_h = 44, .ofs_x = 2, .ofs_y = -7},
    {.bitmap_index = 26293, .adv_w = 370, .box_w = 21, .box_h = 15, .ofs_x = 1, .ofs_y = 19},
    {.bitmap_index = 26451, .adv_w = 360, .box_w = 23, .box_h = 5, .ofs_x = 0, .ofs_y = -5},
    {.bitmap_index = 26509, .adv_w = 270, .box_w = 10, .box_h = 8, .ofs_x = 3, .ofs_y = 30},
    {.bitmap_index = 26549, .adv_w = 441, .box_w = 24, .box_h = 28, .ofs_x = 1, .ofs_y = -1},
    {.bitmap_index = 26885, .adv_w = 479, .box_w = 25, .box_h = 36, .ofs_x = 3, .ofs_y = 0},
    {.bitmap_index = 27335, .adv_w = 447, .box_w = 24, .box_h = 28, .ofs_x = 2, .ofs_y = -1},
    {.bitmap_index = 27671, .adv_w = 479, .box_w = 25, .box_h = 36, .ofs_x = 2, .ofs_y = 0},
    {.bitmap_index = 28121, .adv_w = 454, .box_w = 25, .box_h = 28, .ofs_x = 2, .ofs_y = -1},
    {.bitmap_index = 28471, .adv_w = 299, .box_w = 19, .box_h = 38, .ofs_x = 0, .ofs_y = 0},
    {.bitmap_index = 28832, .adv_w = 480, .box_w = 25, .box_h = 37, .ofs_x = 2, .ofs_y = -10},
    {.bitmap_index = 29295, .adv_w = 470, .box_w = 24, .box_h = 36, .ofs_x = 3, .ofs_y = 0},
    {.bitmap_index = 29727, .adv_w = 201, .box_w = 8, .box_h = 37, .ofs_x = 2, .ofs_y = 0},
    {.bitmap_index = 29875, .adv_w = 201, .box_w = 11, .box_h = 47, .ofs_x = -1, .ofs_y = -10},
    {.bitmap_index = 30134, .adv_w = 437, .box_w = 24, .box_h = 36, .ofs_x = 3, .ofs_y = 0},
    {.bitmap_index = 30566, .adv_w = 201, .box_w = 7, .box_h = 36, .ofs_x = 3, .ofs_y = 0},
    {.bitmap_index = 30692, .adv_w = 692, .box_w = 37, .box_h = 27, .ofs_x = 3, .ofs_y = 0},
    {.bitmap_index = 31192, .adv_w = 470, .box_w = 24, .box_h = 27, .ofs_x = 3, .ofs_y = 0},
    {.bitmap_index = 31516, .adv_w = 468, .box_w = 26, .box_h = 28, .ofs_x = 2, .ofs_y = -1},
    {.bitmap_index = 31880, .adv_w = 479, .box_w = 25, .box_h = 37, .ofs_x = 3, .ofs_y = -10},
    {.bitmap_index = 32343, .adv_w = 479, .box_w = 25, .box_h = 37, .ofs_x = 2, .ofs_y = -10},
    {.bitmap_index = 32806, .adv_w = 305, .box_w = 16, .box_h = 27, .ofs_x = 3, .ofs_y = 0},
    {.bitmap_index = 33022, .adv_w = 422, .box_w = 23, .box_h = 28, .ofs_x = 2, .ofs_y = -1},
    {.bitmap_index = 33344, .adv_w = 271, .box_w = 17, .box_h = 34, .ofs_x = 0, .ofs_y = 0},
    {.bitmap_index = 33633, .adv_w = 470, .box_w = 24, .box_h = 27, .ofs_x = 3, .ofs_y = 0},
    {.bitmap_index = 33957, .adv_w = 451, .box_w = 28, .box_h = 27, .ofs_x = 0, .ofs_y = 0},
    {.bitmap_index = 34335, .adv_w = 645, .box_w = 39, .box_h = 27, .ofs_x = 1, .ofs_y = 0},
    {.bitmap_index = 34862, .adv_w = 437, .box_w = 26, .box_h = 27, .ofs_x = 1, .ofs_y = 0},
    {.bitmap_index = 35213, .adv_w = 452, .box_w = 28, .box_h = 37, .ofs_x = 0, .ofs_y = -10},
    {.bitmap_index = 35731, .adv_w = 435, .box_w = 23, .box_h = 27, .ofs_x = 2, .ofs_y = 0},
    {.bitmap_index = 36042, .adv_w = 349, .box_w = 17, .box_h = 44, .ofs_x = 3, .ofs_y = -7},
    {.bitmap_index = 36416, .adv_w = 276, .box_w = 7, .box_h = 59, .ofs_x = 5, .ofs_y = -11},
    {.bitmap_index = 36623, .adv_w = 349, .box_w = 17, .box_h = 44, .ofs_x = 2, .ofs_y = -7},
    {.bitmap_index = 36997, .adv_w = 517, .box_w = 26, .box_h = 11, .ofs_x = 3, .ofs_y = 9},
    {.bitmap_index = 37140, .adv_w = 194, .box_w = 0, .box_h = 0, .ofs_x = 0, .ofs_y = 0},
    {.bitmap_index = 37140, .adv_w = 247, .box_w = 9, .box_h = 36, .ofs_x = 3, .ofs_y = -9},
    {.bitmap_index = 37302, .adv_w = 447, .box_w = 24, .box_h = 36, .ofs_x = 2, .ofs_y = 0},
    {.bitmap_index = 37734, .adv_w = 483, .box_w = 26, .box_h = 36, .ofs_x = 2, .ofs_y = 0},
    {.bitmap_index = 38202, .adv_w = 575, .box_w = 30, .box_h = 32, .ofs_x = 3, .ofs_y = -1},
    {.bitmap_index = 38682, .adv_w = 433, .box_w = 27, .box_h = 36, .ofs_x = 0, .ofs_y = 0},
    {.bitmap_index = 39168, .adv_w = 243, .box_w = 7, .box_h = 42, .ofs_x = 4, .ofs_y = -6},
    {.bitmap_index = 39315, .adv_w = 437, .box_w = 23, .box_h = 43, .ofs_x = 2, .ofs_y = -7},
    {.bitmap_index = 39810, .adv_w = 470, .box_w = 18, .box_h = 7, .ofs_x = 6, .ofs_y = 31},
    {.bitmap_index = 39873, .adv_w = 702, .box_w = 37, .box_h = 37, .ofs_x = 3, .ofs_y = -1},
    {.bitmap_index = 40558, .adv_w = 354, .box_w = 19, .box_h = 20, .ofs_x = 1, .ofs_y = 16},
    {.bitmap_index = 40748, .adv_w = 487, .box_w = 27, .box_h = 23, .ofs_x = 2, .ofs_y = 3},
    {.bitmap_index = 41059, .adv_w = 517, .box_w = 21, .box_h = 12, .ofs_x = 5, .ofs_y = 7},
    {.bitmap_index = 41185, .adv_w = 510, .box_w = 28, .box_h = 28, .ofs_x = 2, .ofs_y = 8},
    {.bitmap_index = 41577, .adv_w = 347, .box_w = 14, .box_h = 5, .ofs_x = 4, .ofs_y = 32},
    {.bitmap_index = 41612, .adv_w = 352, .box_w = 18, .box_h = 17, .ofs_x = 2, .ofs_y = 19},
    {.bitmap_index = 41765, .adv_w = 517, .box_w = 24, .box_h = 26, .ofs_x = 4, .ofs_y = 1},
    {.bitmap_index = 42077, .adv_w = 348, .box_w = 18, .box_h = 19, .ofs_x = 2, .ofs_y = 21},
    {.bitmap_index = 42248, .adv_w = 356, .box_w = 19, .box_h = 19, .ofs_x = 2, .ofs_y = 21},
    {.bitmap_index = 42429, .adv_w = 270, .box_w = 11, .box_h = 8, .ofs_x = 3, .ofs_y = 30},
    {.bitmap_index = 42473, .adv_w = 472, .box_w = 27, .box_h = 37, .ofs_x = 3, .ofs_y = -10},
    {.bitmap_index = 42973, .adv_w = 461, .box_w = 24, .box_h = 36, .ofs_x = 2, .ofs_y = 0},
    {.bitmap_index = 43405, .adv_w = 245, .box_w = 9, .box_h = 8, .ofs_x = 3, .ofs_y = 13},
    {.bitmap_index = 43441, .adv_w = 255, .box_w = 10, .box_h = 11, .ofs_x = 4, .ofs_y = -10},
    {.bitmap_index = 43496, .adv_w = 249, .box_w = 11, .box_h = 19, .ofs_x = 2, .ofs_y = 21},
    {.bitmap_index = 43601, .adv_w = 374, .box_w = 21, .box_h = 20, .ofs_x = 1, .ofs_y = 16},
    {.bitmap_index = 43811, .adv_w = 487, .box_w = 28, .box_h = 23, .ofs_x = 1, .ofs_y = 3},
    {.bitmap_index = 44133, .adv_w = 638, .box_w = 38, .box_h = 36, .ofs_x = 1, .ofs_y = 0},
    {.bitmap_index = 44817, .adv_w = 668, .box_w = 39, .box_h = 36, .ofs_x = 1, .ofs_y = 0},
    {.bitmap_index = 45519, .adv_w = 697, .box_w = 41, .box_h = 36, .ofs_x = 1, .ofs_y = 0},
    {.bitmap_index = 46257, .adv_w = 417, .box_w = 23, .box_h = 37, .ofs_x = 2, .ofs_y = -10},
    {.bitmap_index = 46683, .adv_w = 559, .box_w = 33, .box_h = 47, .ofs_x = 1, .ofs_y = 0},
    {.bitmap_index = 47459, .adv_w = 559, .box_w = 33, .box_h = 47, .ofs_x = 1, .ofs_y = 0},
    {.bitmap_index = 48235, .adv_w = 559, .box_w = 33, .box_h = 47, .ofs_x = 1, .ofs_y = 0},
    {.bitmap_index = 49011, .adv_w = 559, .box_w = 33, .box_h = 46, .ofs_x = 1, .ofs_y = 0},
    {.bitmap_index = 49770, .adv_w = 559, .box_w = 33, .box_h = 46, .ofs_x = 1, .ofs_y = 0},
    {.bitmap_index = 50529, .adv_w = 559, .box_w = 33, .box_h = 49, .ofs_x = 1, .ofs_y = 0},
    {.bitmap_index = 51338, .adv_w = 778, .box_w = 45, .box_h = 36, .ofs_x = 1, .ofs_y = 0},
    {.bitmap_index = 52148, .adv_w = 566, .box_w = 32, .box_h = 46, .ofs_x = 2, .ofs_y = -10},
    {.bitmap_index = 52884, .adv_w = 465, .box_w = 24, .box_h = 47, .ofs_x = 3, .ofs_y = 0},
    {.bitmap_index = 53448, .adv_w = 465, .box_w = 24, .box_h = 47, .ofs_x = 3, .ofs_y = 0},
    {.bitmap_index = 54012, .adv_w = 465, .box_w = 24, .box_h = 47, .ofs_x = 3, .ofs_y = 0},
    {.bitmap_index = 54576, .adv_w = 465, .box_w = 24, .box_h = 46, .ofs_x = 3, .ofs_y = 0},
    {.bitmap_index = 55128, .adv_w = 213, .box_w = 11, .box_h = 47, .ofs_x = -1, .ofs_y = 0},
    {.bitmap_index = 55387, .adv_w = 213, .box_w = 11, .box_h = 47, .ofs_x = 3, .ofs_y = 0},
    {.bitmap_index = 55646, .adv_w = 213, .box_w = 19, .box_h = 47, .ofs_x = -3, .ofs_y = 0},
    {.bitmap_index = 56093, .adv_w = 213, .box_w = 18, .box_h = 46, .ofs_x = -2, .ofs_y = 0},
    {.bitmap_index = 56507, .adv_w = 577, .box_w = 34, .box_h = 36, .ofs_x = 0, .ofs_y = 0},
    {.bitmap_index = 57119, .adv_w = 583, .box_w = 30, .box_h = 46, .ofs_x = 3, .ofs_y = 0},
    {.bitmap_index = 57809, .adv_w = 590, .box_w = 33, .box_h = 47, .ofs_x = 2, .ofs_y = 0},
    {.bitmap_index = 58585, .adv_w = 590, .box_w = 33, .box_h = 47, .ofs_x = 2, .ofs_y = 0},
    {.bitmap_index = 59361, .adv_w = 590, .box_w = 33, .box_h = 47, .ofs_x = 2, .ofs_y = 0},
    {.bitmap_index = 60137, .adv_w = 590, .box_w = 33, .box_h = 46, .ofs_x = 2, .ofs_y = 0},
    {.bitmap_index = 60896, .adv_w = 590, .box_w = 33, .box_h = 47, .ofs_x = 2, .ofs_y = 0},
    {.bitmap_index = 61672, .adv_w = 517, .box_w = 25, .box_h = 26, .ofs_x = 4, .ofs_y = 1},
    {.bitmap_index = 61997, .adv_w = 590, .box_w = 33, .box_h = 38, .ofs_x = 2, .ofs_y = -1},
    {.bitmap_index = 62624, .adv_w = 565, .box_w = 29, .box_h = 48, .ofs_x = 3, .ofs_y = -1},
    {.bitmap_index = 63320, .adv_w = 565, .box_w = 29, .box_h = 48, .ofs_x = 3, .ofs_y = -1},
    {.bitmap_index = 64016, .adv_w = 565, .box_w = 29, .box_h = 48, .ofs_x = 3, .ofs_y = -1},
    {.bitmap_index = 64712, .adv_w = 565, .box_w = 29, .box_h = 47, .ofs_x = 3, .ofs_y = -1},
    {.bitmap_index = 65394, .adv_w = 548, .box_w = 33, .box_h = 47, .ofs_x = 1, .ofs_y = 0},
    {.bitmap_index = 66170, .adv_w = 505, .box_w = 25, .box_h = 36, .ofs_x = 3, .ofs_y = 0},
    {.bitmap_index = 66620, .adv_w = 494, .box_w = 26, .box_h = 36, .ofs_x = 3, .ofs_y = 0},
    {.bitmap_index = 67088, .adv_w = 441, .box_w = 24, .box_h = 39, .ofs_x = 1, .ofs_y = -1},
    {.bitmap_index = 67556, .adv_w = 441, .box_w = 24, .box_h = 39, .ofs_x = 1, .ofs_y = -1},
    {.bitmap_index = 68024, .adv_w = 441, .box_w = 24, .box_h = 39, .ofs_x = 1, .ofs_y = -1},
    {.bitmap_index = 68492, .adv_w = 441, .box_w = 24, .box_h = 38, .ofs_x = 1, .ofs_y = -1},
    {.bitmap_index = 68948, .adv_w = 441, .box_w = 24, .box_h = 38, .ofs_x = 1, .ofs_y = -1},
    {.bitmap_index = 69404, .adv_w = 441, .box_w = 24, .box_h = 42, .ofs_x = 1, .ofs_y = -1},
    {.bitmap_index = 69908, .adv_w = 701, .box_w = 41, .box_h = 28, .ofs_x = 1, .ofs_y = -1},
    {.bitmap_index = 70482, .adv_w = 447, .box_w = 24, .box_h = 37, .ofs_x = 2, .ofs_y = -10},
    {.bitmap_index = 70926, .adv_w = 454, .box_w = 25, .box_h = 39, .ofs_x = 2, .ofs_y = -1},
    {.bitmap_index = 71414, .adv_w = 454, .box_w = 25, .box_h = 39, .ofs_x = 2, .ofs_y = -1},
    {.bitmap_index = 71902, .adv_w = 454, .box_w = 25, .box_h = 39, .ofs_x = 2, .ofs_y = -1},
    {.bitmap_index = 72390, .adv_w = 454, .box_w = 25, .box_h = 38, .ofs_x = 2, .ofs_y = -1},
    {.bitmap_index = 72865, .adv_w = 201, .box_w = 11, .box_h = 38, .ofs_x = -1, .ofs_y = 0},
    {.bitmap_index = 73074, .adv_w = 201, .box_w = 11, .box_h = 38, .ofs_x = 3, .ofs_y = 0},
    {.bitmap_index = 73283, .adv_w = 201, .box_w = 19, .box_h = 38, .ofs_x = -3, .ofs_y = 0},
    {.bitmap_index = 73644, .adv_w = 201, .box_w = 18, .box_h = 37, .ofs_x = -3, .ofs_y = 0},
    {.bitmap_index = 73977, .adv_w = 456, .box_w = 25, .box_h = 39, .ofs_x = 2, .ofs_y = -1},
    {.bitmap_index = 74465, .adv_w = 470, .box_w = 24, .box_h = 37, .ofs_x = 3, .ofs_y = 0},
    {.bitmap_index = 74909, .adv_w = 468, .box_w = 26, .box_h = 39, .ofs_x = 2, .ofs_y = -1},
    {.bitmap_index = 75416, .adv_w = 468, .box_w = 26, .box_h = 39, .ofs_x = 2, .ofs_y = -1},
    {.bitmap_index = 75923, .adv_w = 468, .box_w = 26, .box_h = 39, .ofs_x = 2, .ofs_y = -1},
    {.bitmap_index = 76430, .adv_w = 468, .box_w = 26, .box_h = 38, .ofs_x = 2, .ofs_y = -1},
    {.bitmap_index = 76924, .adv_w = 468, .box_w = 26, .box_h = 38, .ofs_x = 2, .ofs_y = -1},
    {.bitmap_index = 77418, .adv_w = 517, .box_w = 24, .box_h = 27, .ofs_x = 4, .ofs_y = 0},
    {.bitmap_index = 77742, .adv_w = 468, .box_w = 27, .box_h = 30, .ofs_x = 1, .ofs_y = -2},
    {.bitmap_index = 78147, .adv_w = 470, .box_w = 24, .box_h = 38, .ofs_x = 3, .ofs_y = 0},
    {.bitmap_index = 78603, .adv_w = 470, .box_w = 24, .box_h = 38, .ofs_x = 3, .ofs_y = 0},
    {.bitmap_index = 79059, .adv_w = 470, .box_w = 24, .box_h = 38, .ofs_x = 3, .ofs_y = 0},
    {.bitmap_index = 79515, .adv_w = 470, .box_w = 24, .box_h = 38, .ofs_x = 3, .ofs_y = 0},
    {.bitmap_index = 79971, .adv_w = 452, .box_w = 28, .box_h = 48, .ofs_x = 0, .ofs_y = -10},
    {.bitmap_index = 80643, .adv_w = 479, .box_w = 25, .box_h = 46, .ofs_x = 3, .ofs_y = -10},
    {.bitmap_index = 81218, .adv_w = 452, .box_w = 28, .box_h = 47, .ofs_x = 0, .ofs_y = -10}
};

/*---------------------
 *  CHARACTER MAPPING
 *--------------------*/



/*Collect the unicode lists and glyph_id offsets*/
static const lv_font_fmt_txt_cmap_t cmaps[] =
{
    {
        .range_start = 32, .range_length = 95, .glyph_id_start = 1,
        .unicode_list = NULL, .glyph_id_ofs_list = NULL, .list_length = 0, .type = LV_FONT_FMT_TXT_CMAP_FORMAT0_TINY
    },
    {
        .range_start = 160, .range_length = 13, .glyph_id_start = 96,
        .unicode_list = NULL, .glyph_id_ofs_list = NULL, .list_length = 0, .type = LV_FONT_FMT_TXT_CMAP_FORMAT0_TINY
    },
    {
        .range_start = 174, .range_length = 82, .glyph_id_start = 109,
        .unicode_list = NULL, .glyph_id_ofs_list = NULL, .list_length = 0, .type = LV_FONT_FMT_TXT_CMAP_FORMAT0_TINY
    }
};

/*-----------------
 *    KERNING
 *----------------*/


/*Pair left and right glyphs for kerning*/
static const uint8_t kern_pair_glyph_ids[] =
{
    3, 7,
    3, 13,
    3, 15,
    3, 21,
    3, 98,
    7, 3,
    7, 8,
    7, 61,
    7, 109,
    8, 7,
    8, 13,
    8, 15,
    8, 21,
    8, 98,
    9, 93,
    9, 98,
    11, 7,
    11, 13,
    11, 15,
    11, 21,
    11, 33,
    11, 64,
    11, 105,
    12, 19,
    12, 20,
    12, 24,
    12, 61,
    12, 117,
    13, 1,
    13, 2,
    13, 3,
    13, 8,
    13, 17,
    13, 18,
    13, 20,
    13, 22,
    13, 23,
    13, 24,
    13, 25,
    13, 26,
    13, 32,
    13, 33,
    13, 105,
    13, 117,
    14, 19,
    14, 20,
    14, 24,
    14, 61,
    14, 117,
    15, 1,
    15, 2,
    15, 3,
    15, 8,
    15, 17,
    15, 18,
    15, 20,
    15, 22,
    15, 23,
    15, 24,
    15, 25,
    15, 26,
    15, 32,
    15, 33,
    15, 105,
    15, 117,
    16, 13,
    16, 15,
    16, 61,
    17, 13,
    17, 15,
    17, 24,
    17, 61,
    17, 64,
    18, 10,
    18, 62,
    18, 64,
    18, 94,
    19, 21,
    20, 11,
    20, 13,
    20, 15,
    20, 63,
    20, 107,
    20, 111,
    21, 11,
    21, 13,
    21, 15,
    21, 18,
    21, 63,
    21, 109,
    21, 111,
    21, 117,
    22, 11,
    22, 13,
    22, 15,
    22, 63,
    22, 109,
    22, 111,
    23, 13,
    23, 15,
    23, 64,
    24, 4,
    24, 7,
    24, 13,
    24, 15,
    24, 17,
    24, 20,
    24, 21,
    24, 22,
    24, 23,
    24, 24,
    24, 25,
    24, 26,
    24, 27,
    24, 28,
    24, 29,
    24, 64,
    24, 98,
    24, 107,
    25, 11,
    25, 13,
    25, 15,
    25, 63,
    25, 107,
    25, 111,
    26, 13,
    26, 15,
    26, 24,
    26, 61,
    26, 64,
    27, 61,
    28, 61,
    30, 61,
    31, 24,
    31, 61,
    33, 13,
    33, 15,
    33, 16,
    33, 61,
    33, 64,
    33, 109,
    60, 93,
    60, 98,
    61, 3,
    61, 5,
    61, 8,
    61, 11,
    61, 12,
    61, 14,
    61, 16,
    61, 18,
    61, 29,
    61, 30,
    61, 32,
    61, 33,
    61, 61,
    61, 63,
    61, 95,
    61, 98,
    61, 105,
    61, 107,
    61, 108,
    61, 109,
    61, 111,
    61, 112,
    61, 117,
    61, 118,
    61, 122,
    61, 150,
    61, 182,
    63, 7,
    63, 13,
    63, 15,
    63, 21,
    63, 33,
    63, 64,
    63, 105,
    64, 11,
    64, 17,
    64, 18,
    64, 20,
    64, 21,
    64, 22,
    64, 23,
    64, 25,
    64, 26,
    64, 33,
    64, 61,
    64, 63,
    64, 93,
    64, 105,
    64, 111,
    64, 117,
    92, 93,
    92, 98,
    93, 10,
    93, 62,
    93, 64,
    93, 94,
    95, 19,
    95, 20,
    95, 24,
    95, 61,
    95, 117,
    97, 61,
    98, 3,
    98, 8,
    98, 10,
    98, 18,
    98, 61,
    98, 62,
    98, 94,
    98, 109,
    105, 13,
    105, 15,
    105, 16,
    105, 61,
    105, 64,
    105, 109,
    109, 7,
    109, 21,
    109, 33,
    109, 98,
    109, 105,
    111, 7,
    111, 13,
    111, 15,
    111, 21,
    111, 33,
    111, 64,
    111, 105,
    112, 61,
    116, 12,
    116, 14,
    116, 16,
    116, 29,
    116, 64,
    116, 95,
    116, 108,
    116, 118,
    116, 182,
    117, 10,
    117, 62,
    117, 64,
    117, 94,
    118, 19,
    118, 20,
    118, 24,
    118, 61,
    118, 117,
    122, 18,
    122, 19,
    122, 20,
    122, 24,
    122, 25,
    122, 61,
    126, 61,
    150, 61,
    182, 19,
    182, 20,
    182, 24,
    182, 61,
    182, 117
};

/* Kerning between the respective left and right glyphs
 * 4.4 format which needs to scaled with `kern_scale`*/
static const int8_t kern_pair_values[] =
{
    -24, -63, -63, -45, -13, -24, -24, -45,
    -16, -24, -63, -63, -45, -13, 9, -5,
    -24, -98, -98, -33, -11, -49, -11, -18,
    -5, -19, -34, -8, -15, -6, -67, -67,
    -20, -64, -18, -7, -20, -16, -19, -8,
    -64, -32, -32, -37, -18, -5, -19, -34,
    -8, -15, -6, -67, -67, -20, -64, -18,
    -7, -20, -16, -19, -8, -64, -32, -32,
    -37, -29, -29, 4, -20, -20, -14, -15,
    -33, 9, 9, 9, 9, -11, -7, -16,
    -16, -7, -24, -7, -22, -24, -24, -23,
    -22, -4, -22, -31, -2, -18, -18, -2,
    -4, -2, -23, -23, -33, -41, -33, -90,
    -90, -11, -12, -42, -7, -11, 14, -10,
    -7, -24, -24, -66, -115, -37, -45, -7,
    -16, -16, -7, -24, -7, -20, -20, -14,
    -15, -33, -45, -45, -49, -53, -53, -32,
    -32, -29, -28, -29, -4, 9, -5, -57,
    -7, -57, -65, -24, -24, 10, -32, -18,
    -37, -45, -29, -35, -65, -24, -11, -29,
    -24, -24, -51, -65, -37, -37, -24, -24,
    -24, -24, -24, -98, -98, -33, -11, -49,
    -11, -49, -33, -78, -33, -41, -33, -33,
    -33, -33, -29, -57, -49, 24, -29, -49,
    -33, 9, -5, 9, 9, 9, 9, -18,
    -5, -19, -34, -8, -24, -13, -13, -9,
    -24, -42, -9, -9, -8, -32, -32, -29,
    -28, -29, -4, -24, -36, -4, -20, -4,
    -24, -98, -98, -33, -11, -49, -11, -49,
    -27, -27, -24, -29, -24, -27, -24, -27,
    -27, 9, 9, 9, 9, -18, -5, -19,
    -29, -8, -29, -37, -33, -37, -24, -45,
    -75, -29, -18, -5, -19, -34, -8
};

/*Collect the kern pair's data in one place*/
static const lv_font_fmt_txt_kern_pair_t kern_pairs =
{
    .glyph_ids = kern_pair_glyph_ids,
    .values = kern_pair_values,
    .pair_cnt = 263,
    .glyph_ids_size = 0
};

/*--------------------
 *  ALL CUSTOM DATA
 *--------------------*/

#if LVGL_VERSION_MAJOR == 8
/*Store all the custom data of the font*/
static  lv_font_fmt_txt_glyph_cache_t cache;
#endif

#if LVGL_VERSION_MAJOR >= 8
static const lv_font_fmt_txt_dsc_t font_dsc = {
#else
static lv_font_fmt_txt_dsc_t font_dsc = {
#endif
    .glyph_bitmap = glyph_bitmap,
    .glyph_dsc = glyph_dsc,
    .cmaps = cmaps,
    .kern_dsc = &kern_pairs,
    .kern_scale = 17,
    .cmap_num = 3,
    .bpp = 4,
    .kern_classes = 0,
    .bitmap_format = 0,
#if LVGL_VERSION_MAJOR == 8
    .cache = &cache
#endif
};



/*-----------------
 *  PUBLIC FONT
 *----------------*/

/*Initialize a public general font descriptor*/
#if LVGL_VERSION_MAJOR >= 8
const lv_font_t inter_semibold_48 = {
#else
lv_font_t inter_semibold_48 = {
#endif
    .get_glyph_dsc = lv_font_get_glyph_dsc_fmt_txt,    /*Function pointer to get glyph's data*/
    .get_glyph_bitmap = lv_font_get_bitmap_fmt_txt,    /*Function pointer to get glyph's bitmap*/
    .line_height = 60,          /*The maximum line height required by the font*/
    .base_line = 11,             /*Baseline measured from the bottom of the line*/
#if !(LVGL_VERSION_MAJOR == 6 && LVGL_VERSION_MINOR == 0)
    .subpx = LV_FONT_SUBPX_NONE,
#endif
#if LV_VERSION_CHECK(7, 4, 0) || LVGL_VERSION_MAJOR >= 8
    .underline_position = -8,
    .underline_thickness = 4,
#endif
    .dsc = &font_dsc,          /*The custom font data. Will be accessed by `get_glyph_bitmap/dsc` */
#if LV_VERSION_CHECK(8, 2, 0) || LVGL_VERSION_MAJOR >= 9
    .fallback = NULL,
#endif
    .user_data = NULL,
};



#endif /*#if INTER_SEMIBOLD_48*/

