/*******************************************************************************
 * Size: 40 px
 * Bpp: 4
 * Opts: --font D:\Code\ptouch-ng\.temp\fonts\MaterialSymbolsRounded.ttf --size 40 --bpp 4 --format lvgl --no-compress --lv-include lvgl.h --range 0xe000,0xe002,0xe01c,0xe034,0xe037,0xe047,0xe145,0xe152,0xe164,0xe19c,0xe1a4,0xe1a7,0xe1e0,0xe24d,0xe2c6,0xe2c7,0xe3ad,0xe3b0,0xe3c9,0xe40a,0xe429,0xe53b,0xe5ca,0xe5cd,0xe5ce,0xe5cf,0xe5d5,0xe623,0xe627,0xe63e,0xe648,0xe7f4,0xe86c,0xe872,0xe887,0xe88a,0xe88e,0xe8ac,0xe8ad,0xe8b6,0xe8b8,0xe9e4,0xf076,0xf090 --output D:\Code\ptouch-ng\main\fonts\material_symbols_40.c
 ******************************************************************************/

#ifdef LV_LVGL_H_INCLUDE_SIMPLE
#include "lvgl.h"
#else
#include "lvgl.h"
#endif

#ifndef MATERIAL_SYMBOLS_40
#define MATERIAL_SYMBOLS_40 1
#endif

#if MATERIAL_SYMBOLS_40

/*-----------------
 *    BITMAPS
 *----------------*/

/*Store the image of the glyphs*/
static LV_ATTRIBUTE_LARGE_CONST const uint8_t glyph_bitmap[] = {
    /* U+E000 "" */
    0x0, 0x0, 0x0, 0x0, 0x0, 0x0, 0x2, 0x46,
    0x77, 0x64, 0x10, 0x0, 0x0, 0x0, 0x0, 0x0,
    0x0, 0x0, 0x0, 0x0, 0x0, 0x0, 0x39, 0xef,
    0xff, 0xff, 0xff, 0xfd, 0x82, 0x0, 0x0, 0x0,
    0x0, 0x0, 0x0, 0x0, 0x0, 0x0, 0x2a, 0xff,
    0xff, 0xff, 0xff, 0xff, 0xff, 0xff, 0x91, 0x0,
    0x0, 0x0, 0x0, 0x0, 0x0, 0x0, 0x8, 0xff,
    0xff, 0xff, 0xff, 0xee, 0xff, 0xff, 0xff, 0xff,
    0x60, 0x0, 0x0, 0x0, 0x0, 0x0, 0x1, 0xbf,
    0xff, 0xfe, 0x95, 0x10, 0x0, 0x1, 0x5a, 0xff,
    0xff, 0xf9, 0x0, 0x0, 0x0, 0x0, 0x0, 0x1d,
    0xff, 0xff, 0x80, 0x0, 0x0, 0x0, 0x0, 0x0,
    0x19, 0xff, 0xff, 0xb0, 0x0, 0x0, 0x0, 0x0,
    0xcf, 0xff, 0xd1, 0x0, 0x0, 0x0, 0x0, 0x0,
    0x0, 0x0, 0x3e, 0xff, 0xf9, 0x0, 0x0, 0x0,
    0x9, 0xff, 0xfb, 0x0, 0x0, 0x0, 0x0, 0x0,
    0x0, 0x0, 0x0, 0x1, 0xdf, 0xff, 0x60, 0x0,
    0x0, 0x4f, 0xff, 0xc0, 0x0, 0x0, 0x0, 0x0,
    0x10, 0x0, 0x0, 0x0, 0x0, 0x1e, 0xff, 0xf1,
    0x0, 0x0, 0xcf, 0xfe, 0x10, 0x0, 0x0, 0x0,
    0x5, 0xff, 0x30, 0x0, 0x0, 0x0, 0x3, 0xff,
    0xf9, 0x0, 0x5, 0xff, 0xf5, 0x0, 0x0, 0x0,
    0x0, 0xb, 0xff, 0x80, 0x0, 0x0, 0x0, 0x0,
    0x8f, 0xff, 0x20, 0xc, 0xff, 0xd0, 0x0, 0x0,
    0x0, 0x0, 0xc, 0xff, 0x90, 0x0, 0x0, 0x0,
    0x0, 0x1f, 0xff, 0x90, 0x1f, 0xff, 0x60, 0x0,
    0x0, 0x0, 0x0, 0xc, 0xff, 0x90, 0x0, 0x0,
    0x0, 0x0, 0x9, 0xff, 0xe0, 0x5f, 0xff, 0x10,
    0x0, 0x0, 0x0, 0x0, 0xc, 0xff, 0x90, 0x0,
    0x0, 0x0, 0x0, 0x4, 0xff, 0xf2, 0x8f, 0xfd,
    0x0, 0x0, 0x0, 0x0, 0x0, 0xc, 0xff, 0x90,
    0x0, 0x0, 0x0, 0x0, 0x0, 0xff, 0xf5, 0xaf,
    0xfb, 0x0, 0x0, 0x0, 0x0, 0x0, 0xc, 0xff,
    0x90, 0x0, 0x0, 0x0, 0x0, 0x0, 0xef, 0xf7,
    0xbf, 0xfa, 0x0, 0x0, 0x0, 0x0, 0x0, 0xc,
    0xff, 0x90, 0x0, 0x0, 0x0, 0x0, 0x0, 0xdf,
    0xf8, 0xbf, 0xf9, 0x0, 0x0, 0x0, 0x0, 0x0,
    0xa, 0xff, 0x70, 0x0, 0x0, 0x0, 0x0, 0x0,
    0xcf, 0xf8, 0xbf, 0xfb, 0x0, 0x0, 0x0, 0x0,
    0x0, 0x1, 0x98, 0x0, 0x0, 0x0, 0x0, 0x0,
    0x0, 0xef, 0xf8, 0x9f, 0xfc, 0x0, 0x0, 0x0,
    0x0, 0x0, 0x0, 0x0, 0x0, 0x0, 0x0, 0x0,
    0x0, 0x0, 0xff, 0xf6, 0x6f, 0xff, 0x0, 0x0,
    0x0, 0x0, 0x0, 0x0, 0x0, 0x0, 0x0, 0x0,
    0x0, 0x0, 0x3, 0xff, 0xf3, 0x3f, 0xff, 0x40,
    0x0, 0x0, 0x0, 0x0, 0x0, 0x0, 0x0, 0x0,
    0x0, 0x0, 0x0, 0x7, 0xff, 0xf0, 0xe, 0xff,
    0xa0, 0x0, 0x0, 0x0, 0x0, 0x3, 0xed, 0x20,
    0x0, 0x0, 0x0, 0x0, 0xd, 0xff, 0xb0, 0x8,
    0xff, 0xf2, 0x0, 0x0, 0x0, 0x0, 0xb, 0xff,
    0x80, 0x0, 0x0, 0x0, 0x0, 0x5f, 0xff, 0x50,
    0x1, 0xff, 0xfb, 0x0, 0x0, 0x0, 0x0, 0x9,
    0xff, 0x60, 0x0, 0x0, 0x0, 0x0, 0xdf, 0xfd,
    0x0, 0x0, 0x7f, 0xff, 0x80, 0x0, 0x0, 0x0,
    0x0, 0x65, 0x0, 0x0, 0x0, 0x0, 0xa, 0xff,
    0xf4, 0x0, 0x0, 0xd, 0xff, 0xf5, 0x0, 0x0,
    0x0, 0x0, 0x0, 0x0, 0x0, 0x0, 0x0, 0x8f,
    0xff, 0xb0, 0x0, 0x0, 0x2, 0xff, 0xff, 0x70,
    0x0, 0x0, 0x0, 0x0, 0x0, 0x0, 0x0, 0xa,
    0xff, 0xfd, 0x10, 0x0, 0x0, 0x0, 0x4f, 0xff,
    0xfb, 0x20, 0x0, 0x0, 0x0, 0x0, 0x0, 0x3,
    0xcf, 0xff, 0xf2, 0x0, 0x0, 0x0, 0x0, 0x5,
    0xff, 0xff, 0xf9, 0x30, 0x0, 0x0, 0x0, 0x4,
    0xbf, 0xff, 0xfe, 0x30, 0x0, 0x0, 0x0, 0x0,
    0x0, 0x2d, 0xff, 0xff, 0xfe, 0xb9, 0x88, 0xab,
    0xff, 0xff, 0xff, 0xc1, 0x0, 0x0, 0x0, 0x0,
    0x0, 0x0, 0x0, 0x8f, 0xff, 0xff, 0xff, 0xff,
    0xff, 0xff, 0xff, 0xe6, 0x0, 0x0, 0x0, 0x0,
    0x0, 0x0, 0x0, 0x0, 0x1, 0x9e, 0xff, 0xff,
    0xff, 0xff, 0xff, 0xe7, 0x0, 0x0, 0x0, 0x0,
    0x0, 0x0, 0x0, 0x0, 0x0, 0x0, 0x0, 0x48,
    0xac, 0xdd, 0xca, 0x73, 0x0, 0x0, 0x0, 0x0,
    0x0, 0x0,

    /* U+E002 "" */
    0x0, 0x0, 0x0, 0x0, 0x0, 0x0, 0x0, 0x0,
    0x2d, 0xd2, 0x0, 0x0, 0x0, 0x0, 0x0, 0x0,
    0x0, 0x0, 0x0, 0x0, 0x0, 0x0, 0x0, 0x0,
    0x0, 0x0, 0xdf, 0xfd, 0x0, 0x0, 0x0, 0x0,
    0x0, 0x0, 0x0, 0x0, 0x0, 0x0, 0x0, 0x0,
    0x0, 0x0, 0x0, 0x6, 0xff, 0xff, 0x60, 0x0,
    0x0, 0x0, 0x0, 0x0, 0x0, 0x0, 0x0, 0x0,
    0x0, 0x0, 0x0, 0x0, 0x0, 0x1e, 0xff, 0xff,
    0xe1, 0x0, 0x0, 0x0, 0x0, 0x0, 0x0, 0x0,
    0x0, 0x0, 0x0, 0x0, 0x0, 0x0, 0x0, 0x9f,
    0xff, 0xff, 0xf9, 0x0, 0x0, 0x0, 0x0, 0x0,
    0x0, 0x0, 0x0, 0x0, 0x0, 0x0, 0x0, 0x0,
    0x2, 0xff, 0xfb, 0xbf, 0xff, 0x20, 0x0, 0x0,
    0x0, 0x0, 0x0, 0x0, 0x0, 0x0, 0x0, 0x0,
    0x0, 0x0, 0xb, 0xff, 0xf2, 0x2f, 0xff, 0xb0,
    0x0, 0x0, 0x0, 0x0, 0x0, 0x0, 0x0, 0x0,
    0x0, 0x0, 0x0, 0x0, 0x5f, 0xff, 0x80, 0x8,
    0xff, 0xf4, 0x0, 0x0, 0x0, 0x0, 0x0, 0x0,
    0x0, 0x0, 0x0, 0x0, 0x0, 0x0, 0xdf, 0xfe,
    0x0, 0x0, 0xef, 0xfd, 0x0, 0x0, 0x0, 0x0,
    0x0, 0x0, 0x0, 0x0, 0x0, 0x0, 0x0, 0x7,
    0xff, 0xf6, 0x0, 0x0, 0x6f, 0xff, 0x70, 0x0,
    0x0, 0x0, 0x0, 0x0, 0x0, 0x0, 0x0, 0x0,
    0x0, 0x1f, 0xff, 0xc0, 0x0, 0x0, 0xc, 0xff,
    0xf1, 0x0, 0x0, 0x0, 0x0, 0x0, 0x0, 0x0,
    0x0, 0x0, 0x0, 0xaf, 0xff, 0x30, 0x3, 0x30,
    0x3, 0xff, 0xf9, 0x0, 0x0, 0x0, 0x0, 0x0,
    0x0, 0x0, 0x0, 0x0, 0x3, 0xff, 0xfa, 0x0,
    0x6f, 0xf5, 0x0, 0xaf, 0xff, 0x30, 0x0, 0x0,
    0x0, 0x0, 0x0, 0x0, 0x0, 0x0, 0xc, 0xff,
    0xf1, 0x0, 0xaf, 0xfa, 0x0, 0x1f, 0xff, 0xc0,
    0x0, 0x0, 0x0, 0x0, 0x0, 0x0, 0x0, 0x0,
    0x5f, 0xff, 0x70, 0x0, 0xaf, 0xfa, 0x0, 0x7,
    0xff, 0xf5, 0x0, 0x0, 0x0, 0x0, 0x0, 0x0,
    0x0, 0x0, 0xef, 0xfd, 0x0, 0x0, 0xaf, 0xfa,
    0x0, 0x0, 0xdf, 0xfe, 0x0, 0x0, 0x0, 0x0,
    0x0, 0x0, 0x0, 0x8, 0xff, 0xf5, 0x0, 0x0,
    0xaf, 0xfa, 0x0, 0x0, 0x5f, 0xff, 0x80, 0x0,
    0x0, 0x0, 0x0, 0x0, 0x0, 0x2f, 0xff, 0xb0,
    0x0, 0x0, 0xaf, 0xfa, 0x0, 0x0, 0xb, 0xff,
    0xf2, 0x0, 0x0, 0x0, 0x0, 0x0, 0x0, 0xaf,
    0xff, 0x20, 0x0, 0x0, 0xaf, 0xf9, 0x0, 0x0,
    0x2, 0xff, 0xfa, 0x0, 0x0, 0x0, 0x0, 0x0,
    0x4, 0xff, 0xf9, 0x0, 0x0, 0x0, 0x3e, 0xe3,
    0x0, 0x0, 0x0, 0x9f, 0xff, 0x30, 0x0, 0x0,
    0x0, 0x0, 0xd, 0xff, 0xe1, 0x0, 0x0, 0x0,
    0x0, 0x0, 0x0, 0x0, 0x0, 0x1e, 0xff, 0xd0,
    0x0, 0x0, 0x0, 0x0, 0x6f, 0xff, 0x60, 0x0,
    0x0, 0x0, 0x3, 0x30, 0x0, 0x0, 0x0, 0x6,
    0xff, 0xf6, 0x0, 0x0, 0x0, 0x1, 0xef, 0xfd,
    0x0, 0x0, 0x0, 0x0, 0x6f, 0xf5, 0x0, 0x0,
    0x0, 0x0, 0xdf, 0xfe, 0x10, 0x0, 0x0, 0x9,
    0xff, 0xf4, 0x0, 0x0, 0x0, 0x0, 0x9f, 0xf9,
    0x0, 0x0, 0x0, 0x0, 0x4f, 0xff, 0x80, 0x0,
    0x0, 0x2f, 0xff, 0xa0, 0x0, 0x0, 0x0, 0x0,
    0x3e, 0xe3, 0x0, 0x0, 0x0, 0x0, 0xa, 0xff,
    0xf2, 0x0, 0x0, 0xbf, 0xff, 0x20, 0x0, 0x0,
    0x0, 0x0, 0x0, 0x0, 0x0, 0x0, 0x0, 0x0,
    0x2, 0xff, 0xfb, 0x0, 0x4, 0xff, 0xfb, 0x55,
    0x55, 0x55, 0x55, 0x55, 0x55, 0x55, 0x55, 0x55,
    0x55, 0x55, 0x55, 0xbf, 0xff, 0x40, 0xd, 0xff,
    0xff, 0xff, 0xff, 0xff, 0xff, 0xff, 0xff, 0xff,
    0xff, 0xff, 0xff, 0xff, 0xff, 0xff, 0xff, 0xd0,
    0xf, 0xff, 0xff, 0xff, 0xff, 0xff, 0xff, 0xff,
    0xff, 0xff, 0xff, 0xff, 0xff, 0xff, 0xff, 0xff,
    0xff, 0xf0, 0x8, 0xff, 0xff, 0xff, 0xff, 0xff,
    0xff, 0xff, 0xff, 0xff, 0xff, 0xff, 0xff, 0xff,
    0xff, 0xff, 0xff, 0x80,

    /* U+E01C "" */
    0x0, 0x25, 0x55, 0x55, 0x55, 0x55, 0x55, 0x55,
    0x55, 0x55, 0x55, 0x55, 0x55, 0x52, 0x0, 0xb,
    0xff, 0xff, 0xff, 0xff, 0xff, 0xff, 0xff, 0xff,
    0xff, 0xff, 0xff, 0xff, 0xff, 0xb0, 0x9f, 0xff,
    0xff, 0xff, 0xff, 0xff, 0xff, 0xff, 0xff, 0xff,
    0xff, 0xff, 0xff, 0xff, 0xf9, 0xef, 0xff, 0xff,
    0xff, 0xff, 0xff, 0xff, 0xff, 0xff, 0xff, 0xff,
    0xff, 0xff, 0xff, 0xfe, 0xff, 0xf5, 0x0, 0x0,
    0x0, 0x0, 0x0, 0x0, 0x0, 0x0, 0x0, 0x0,
    0x0, 0x5f, 0xff, 0xff, 0xf5, 0x0, 0x0, 0x0,
    0x0, 0x0, 0x0, 0x0, 0x0, 0x0, 0x0, 0x0,
    0x5f, 0xff, 0xff, 0xf5, 0x0, 0x0, 0x0, 0x0,
    0x0, 0x0, 0x0, 0x0, 0x0, 0x0, 0x0, 0x5f,
    0xff, 0xff, 0xf5, 0x0, 0x0, 0x0, 0x0, 0x0,
    0x0, 0x0, 0x0, 0x0, 0x0, 0x0, 0x5f, 0xff,
    0xff, 0xf5, 0x0, 0x0, 0x0, 0x0, 0x0, 0x0,
    0x0, 0x0, 0x0, 0x0, 0x0, 0x5f, 0xff, 0xff,
    0xf5, 0x7, 0xff, 0xff, 0xff, 0x80, 0x0, 0x2d,
    0xff, 0xff, 0xff, 0x60, 0x5f, 0xff, 0xff, 0xf5,
    0xf, 0xff, 0xff, 0xff, 0xf0, 0x0, 0x8f, 0xff,
    0xff, 0xff, 0xf0, 0x5f, 0xff, 0xff, 0xf5, 0xf,
    0xfe, 0xbb, 0xbf, 0xf1, 0x0, 0x8f, 0xfb, 0xbb,
    0xdf, 0xf0, 0x5f, 0xff, 0xff, 0xf5, 0xf, 0xf9,
    0x0, 0x7, 0x70, 0x0, 0x8f, 0xf1, 0x0, 0x29,
    0x60, 0x5f, 0xff, 0xff, 0xf5, 0xf, 0xf9, 0x0,
    0x0, 0x0, 0x0, 0x8f, 0xf1, 0x0, 0x0, 0x0,
    0x5f, 0xff, 0xff, 0xf5, 0xf, 0xf9, 0x0, 0x0,
    0x0, 0x0, 0x8f, 0xf1, 0x0, 0x0, 0x0, 0x5f,
    0xff, 0xff, 0xf5, 0xf, 0xf9, 0x0, 0x1, 0x10,
    0x0, 0x8f, 0xf1, 0x0, 0x2, 0x0, 0x5f, 0xff,
    0xff, 0xf5, 0xf, 0xfb, 0x44, 0x4f, 0xf0, 0x0,
    0x8f, 0xf5, 0x44, 0x9f, 0xe0, 0x5f, 0xff, 0xff,
    0xf5, 0xf, 0xff, 0xff, 0xff, 0xf1, 0x0, 0x8f,
    0xff, 0xff, 0xff, 0xf0, 0x5f, 0xff, 0xff, 0xf5,
    0x7, 0xff, 0xff, 0xff, 0x90, 0x0, 0x2d, 0xff,
    0xff, 0xff, 0x70, 0x5f, 0xff, 0xff, 0xf5, 0x0,
    0x0, 0x0, 0x0, 0x0, 0x0, 0x0, 0x0, 0x0,
    0x0, 0x0, 0x5f, 0xff, 0xff, 0xf5, 0x0, 0x0,
    0x0, 0x0, 0x0, 0x0, 0x0, 0x0, 0x0, 0x0,
    0x0, 0x5f, 0xff, 0xff, 0xf5, 0x0, 0x0, 0x0,
    0x0, 0x0, 0x0, 0x0, 0x0, 0x0, 0x0, 0x0,
    0x5f, 0xff, 0xff, 0xf5, 0x0, 0x0, 0x0, 0x0,
    0x0, 0x0, 0x0, 0x0, 0x0, 0x0, 0x0, 0x5f,
    0xff, 0xff, 0xf5, 0x0, 0x0, 0x0, 0x0, 0x0,
    0x0, 0x0, 0x0, 0x0, 0x0, 0x0, 0x5f, 0xff,
    0xef, 0xff, 0xff, 0xff, 0xff, 0xff, 0xff, 0xff,
    0xff, 0xff, 0xff, 0xff, 0xff, 0xff, 0xfe, 0x9f,
    0xff, 0xff, 0xff, 0xff, 0xff, 0xff, 0xff, 0xff,
    0xff, 0xff, 0xff, 0xff, 0xff, 0xf9, 0xb, 0xff,
    0xff, 0xff, 0xff, 0xff, 0xff, 0xff, 0xff, 0xff,
    0xff, 0xff, 0xff, 0xff, 0xb0, 0x0, 0x25, 0x55,
    0x55, 0x55, 0x55, 0x55, 0x55, 0x55, 0x55, 0x55,
    0x55, 0x55, 0x52, 0x0,

    /* U+E034 "" */
    0x0, 0x36, 0x77, 0x75, 0x10, 0x0, 0x0, 0x1,
    0x57, 0x77, 0x62, 0x0, 0x8, 0xff, 0xff, 0xff,
    0xe4, 0x0, 0x0, 0x4f, 0xff, 0xff, 0xff, 0x60,
    0x5f, 0xff, 0xff, 0xff, 0xfe, 0x0, 0x0, 0xef,
    0xff, 0xff, 0xff, 0xf2, 0x9f, 0xff, 0xee, 0xef,
    0xff, 0x40, 0x4, 0xff, 0xfe, 0xee, 0xff, 0xf6,
    0xaf, 0xfa, 0x0, 0xf, 0xff, 0x50, 0x5, 0xff,
    0xf0, 0x0, 0xef, 0xf7, 0xaf, 0xfa, 0x0, 0xf,
    0xff, 0x50, 0x5, 0xff, 0xf0, 0x0, 0xef, 0xf7,
    0xaf, 0xfa, 0x0, 0xf, 0xff, 0x50, 0x5, 0xff,
    0xf0, 0x0, 0xef, 0xf7, 0xaf, 0xfa, 0x0, 0xf,
    0xff, 0x50, 0x5, 0xff, 0xf0, 0x0, 0xef, 0xf7,
    0xaf, 0xfa, 0x0, 0xf, 0xff, 0x50, 0x5, 0xff,
    0xf0, 0x0, 0xef, 0xf7, 0xaf, 0xfa, 0x0, 0xf,
    0xff, 0x50, 0x5, 0xff, 0xf0, 0x0, 0xef, 0xf7,
    0xaf, 0xfa, 0x0, 0xf, 0xff, 0x50, 0x5, 0xff,
    0xf0, 0x0, 0xef, 0xf7, 0xaf, 0xfa, 0x0, 0xf,
    0xff, 0x50, 0x5, 0xff, 0xf0, 0x0, 0xef, 0xf7,
    0xaf, 0xfa, 0x0, 0xf, 0xff, 0x50, 0x5, 0xff,
    0xf0, 0x0, 0xef, 0xf7, 0xaf, 0xfa, 0x0, 0xf,
    0xff, 0x50, 0x5, 0xff, 0xf0, 0x0, 0xef, 0xf7,
    0xaf, 0xfa, 0x0, 0xf, 0xff, 0x50, 0x5, 0xff,
    0xf0, 0x0, 0xef, 0xf7, 0xaf, 0xfa, 0x0, 0xf,
    0xff, 0x50, 0x5, 0xff, 0xf0, 0x0, 0xef, 0xf7,
    0xaf, 0xfa, 0x0, 0xf, 0xff, 0x50, 0x5, 0xff,
    0xf0, 0x0, 0xef, 0xf7, 0xaf, 0xfa, 0x0, 0xf,
    0xff, 0x50, 0x5, 0xff, 0xf0, 0x0, 0xef, 0xf7,
    0xaf, 0xfa, 0x0, 0xf, 0xff, 0x50, 0x5, 0xff,
    0xf0, 0x0, 0xef, 0xf7, 0xaf, 0xfa, 0x0, 0xf,
    0xff, 0x50, 0x5, 0xff, 0xf0, 0x0, 0xef, 0xf7,
    0xaf, 0xfd, 0x77, 0x7f, 0xff, 0x40, 0x4, 0xff,
    0xf7, 0x77, 0xff, 0xf6, 0x7f, 0xff, 0xff, 0xff,
    0xff, 0x20, 0x2, 0xff, 0xff, 0xff, 0xff, 0xf4,
    0x1e, 0xff, 0xff, 0xff, 0xf9, 0x0, 0x0, 0xaf,
    0xff, 0xff, 0xff, 0xb0, 0x1, 0xad, 0xee, 0xec,
    0x70, 0x0, 0x0, 0x7, 0xce, 0xee, 0xd8, 0x0,

    /* U+E037 "" */
    0x6, 0x40, 0x0, 0x0, 0x0, 0x0, 0x0, 0x0,
    0xa, 0xff, 0xa1, 0x0, 0x0, 0x0, 0x0, 0x0,
    0x0, 0xef, 0xff, 0xe6, 0x0, 0x0, 0x0, 0x0,
    0x0, 0xe, 0xff, 0xff, 0xfc, 0x20, 0x0, 0x0,
    0x0, 0x0, 0xef, 0xff, 0xff, 0xff, 0x70, 0x0,
    0x0, 0x0, 0xe, 0xff, 0xae, 0xff, 0xff, 0xd3,
    0x0, 0x0, 0x0, 0xef, 0xf7, 0x8, 0xff, 0xff,
    0xf9, 0x0, 0x0, 0xe, 0xff, 0x70, 0x3, 0xdf,
    0xff, 0xfe, 0x40, 0x0, 0xef, 0xf7, 0x0, 0x0,
    0x7f, 0xff, 0xff, 0xa1, 0xe, 0xff, 0x70, 0x0,
    0x0, 0x2c, 0xff, 0xff, 0xf4, 0xef, 0xf7, 0x0,
    0x0, 0x0, 0x6, 0xff, 0xff, 0xee, 0xff, 0x70,
    0x0, 0x0, 0x1, 0xbf, 0xff, 0xfc, 0xef, 0xf7,
    0x0, 0x0, 0x6, 0xff, 0xff, 0xfb, 0x1e, 0xff,
    0x70, 0x0, 0x2c, 0xff, 0xff, 0xe5, 0x0, 0xef,
    0xf7, 0x0, 0x8f, 0xff, 0xff, 0xa1, 0x0, 0xe,
    0xff, 0x73, 0xdf, 0xff, 0xfd, 0x40, 0x0, 0x0,
    0xef, 0xfd, 0xff, 0xff, 0xf8, 0x0, 0x0, 0x0,
    0xe, 0xff, 0xff, 0xff, 0xc3, 0x0, 0x0, 0x0,
    0x0, 0xef, 0xff, 0xff, 0x70, 0x0, 0x0, 0x0,
    0x0, 0xd, 0xff, 0xfb, 0x20, 0x0, 0x0, 0x0,
    0x0, 0x0, 0x7f, 0xe5, 0x0, 0x0, 0x0, 0x0,
    0x0, 0x0, 0x0, 0x10, 0x0, 0x0, 0x0, 0x0,
    0x0, 0x0, 0x0,

    /* U+E047 "" */
    0x6, 0xdf, 0xff, 0xff, 0xff, 0xff, 0xff, 0xff,
    0xfd, 0x50, 0x6f, 0xff, 0xff, 0xff, 0xff, 0xff,
    0xff, 0xff, 0xff, 0xf5, 0xdf, 0xff, 0xff, 0xff,
    0xff, 0xff, 0xff, 0xff, 0xff, 0xfd, 0xff, 0xf8,
    0x55, 0x55, 0x55, 0x55, 0x55, 0x55, 0x8f, 0xff,
    0xff, 0xf5, 0x0, 0x0, 0x0, 0x0, 0x0, 0x0,
    0x5f, 0xff, 0xff, 0xf5, 0x0, 0x0, 0x0, 0x0,
    0x0, 0x0, 0x5f, 0xff, 0xff, 0xf5, 0x0, 0x0,
    0x0, 0x0, 0x0, 0x0, 0x5f, 0xff, 0xff, 0xf5,
    0x0, 0x0, 0x0, 0x0, 0x0, 0x0, 0x5f, 0xff,
    0xff, 0xf5, 0x0, 0x0, 0x0, 0x0, 0x0, 0x0,
    0x5f, 0xff, 0xff, 0xf5, 0x0, 0x0, 0x0, 0x0,
    0x0, 0x0, 0x5f, 0xff, 0xff, 0xf5, 0x0, 0x0,
    0x0, 0x0, 0x0, 0x0, 0x5f, 0xff, 0xff, 0xf5,
    0x0, 0x0, 0x0, 0x0, 0x0, 0x0, 0x5f, 0xff,
    0xff, 0xf5, 0x0, 0x0, 0x0, 0x0, 0x0, 0x0,
    0x5f, 0xff, 0xff, 0xf5, 0x0, 0x0, 0x0, 0x0,
    0x0, 0x0, 0x5f, 0xff, 0xff, 0xf5, 0x0, 0x0,
    0x0, 0x0, 0x0, 0x0, 0x5f, 0xff, 0xff, 0xf5,
    0x0, 0x0, 0x0, 0x0, 0x0, 0x0, 0x5f, 0xff,
    0xff, 0xf8, 0x55, 0x55, 0x55, 0x55, 0x55, 0x55,
    0x8f, 0xff, 0xdf, 0xff, 0xff, 0xff, 0xff, 0xff,
    0xff, 0xff, 0xff, 0xfd, 0x6f, 0xff, 0xff, 0xff,
    0xff, 0xff, 0xff, 0xff, 0xff, 0xf6, 0x6, 0xdf,
    0xff, 0xff, 0xff, 0xff, 0xff, 0xff, 0xfd, 0x60,

    /* U+E145 "" */
    0x0, 0x0, 0x0, 0x0, 0x0, 0x6, 0x50, 0x0,
    0x0, 0x0, 0x0, 0x0, 0x0, 0x0, 0x0, 0x0,
    0x0, 0x9f, 0xf6, 0x0, 0x0, 0x0, 0x0, 0x0,
    0x0, 0x0, 0x0, 0x0, 0x0, 0xcf, 0xf9, 0x0,
    0x0, 0x0, 0x0, 0x0, 0x0, 0x0, 0x0, 0x0,
    0x0, 0xcf, 0xf9, 0x0, 0x0, 0x0, 0x0, 0x0,
    0x0, 0x0, 0x0, 0x0, 0x0, 0xcf, 0xf9, 0x0,
    0x0, 0x0, 0x0, 0x0, 0x0, 0x0, 0x0, 0x0,
    0x0, 0xcf, 0xf9, 0x0, 0x0, 0x0, 0x0, 0x0,
    0x0, 0x0, 0x0, 0x0, 0x0, 0xcf, 0xf9, 0x0,
    0x0, 0x0, 0x0, 0x0, 0x0, 0x0, 0x0, 0x0,
    0x0, 0xcf, 0xf9, 0x0, 0x0, 0x0, 0x0, 0x0,
    0x0, 0x0, 0x0, 0x0, 0x0, 0xcf, 0xf9, 0x0,
    0x0, 0x0, 0x0, 0x0, 0x0, 0x0, 0x0, 0x0,
    0x0, 0xcf, 0xf9, 0x0, 0x0, 0x0, 0x0, 0x0,
    0x6, 0x77, 0x77, 0x77, 0x77, 0xef, 0xfc, 0x77,
    0x77, 0x77, 0x77, 0x50, 0x9f, 0xff, 0xff, 0xff,
    0xff, 0xff, 0xff, 0xff, 0xff, 0xff, 0xff, 0xf6,
    0xbf, 0xff, 0xff, 0xff, 0xff, 0xff, 0xff, 0xff,
    0xff, 0xff, 0xff, 0xf8, 0x2c, 0xdd, 0xdd, 0xdd,
    0xdd, 0xff, 0xff, 0xdd, 0xdd, 0xdd, 0xdd, 0xb1,
    0x0, 0x0, 0x0, 0x0, 0x0, 0xcf, 0xf9, 0x0,
    0x0, 0x0, 0x0, 0x0, 0x0, 0x0, 0x0, 0x0,
    0x0, 0xcf, 0xf9, 0x0, 0x0, 0x0, 0x0, 0x0,
    0x0, 0x0, 0x0, 0x0, 0x0, 0xcf, 0xf9, 0x0,
    0x0, 0x0, 0x0, 0x0, 0x0, 0x0, 0x0, 0x0,
    0x0, 0xcf, 0xf9, 0x0, 0x0, 0x0, 0x0, 0x0,
    0x0, 0x0, 0x0, 0x0, 0x0, 0xcf, 0xf9, 0x0,
    0x0, 0x0, 0x0, 0x0, 0x0, 0x0, 0x0, 0x0,
    0x0, 0xcf, 0xf9, 0x0, 0x0, 0x0, 0x0, 0x0,
    0x0, 0x0, 0x0, 0x0, 0x0, 0xcf, 0xf9, 0x0,
    0x0, 0x0, 0x0, 0x0, 0x0, 0x0, 0x0, 0x0,
    0x0, 0xcf, 0xf9, 0x0, 0x0, 0x0, 0x0, 0x0,
    0x0, 0x0, 0x0, 0x0, 0x0, 0xbf, 0xf8, 0x0,
    0x0, 0x0, 0x0, 0x0, 0x0, 0x0, 0x0, 0x0,
    0x0, 0x2c, 0xb1, 0x0, 0x0, 0x0, 0x0, 0x0,

    /* U+E152 "" */
    0x7f, 0xff, 0xff, 0xff, 0xff, 0xff, 0xff, 0xff,
    0xff, 0xff, 0xff, 0xff, 0xff, 0xff, 0xf7, 0xff,
    0xff, 0xff, 0xff, 0xff, 0xff, 0xff, 0xff, 0xff,
    0xff, 0xff, 0xff, 0xff, 0xff, 0xff, 0xbf, 0xff,
    0xff, 0xff, 0xff, 0xff, 0xff, 0xff, 0xff, 0xff,
    0xff, 0xff, 0xff, 0xff, 0xfb, 0x4, 0x55, 0x55,
    0x55, 0x55, 0x55, 0x55, 0x55, 0x55, 0x55, 0x55,
    0x55, 0x55, 0x55, 0x40, 0x0, 0x0, 0x0, 0x0,
    0x0, 0x0, 0x0, 0x0, 0x0, 0x0, 0x0, 0x0,
    0x0, 0x0, 0x0, 0x0, 0x0, 0x0, 0x0, 0x0,
    0x0, 0x0, 0x0, 0x0, 0x0, 0x0, 0x0, 0x0,
    0x0, 0x0, 0x0, 0x0, 0x0, 0x0, 0x0, 0x0,
    0x0, 0x0, 0x0, 0x0, 0x0, 0x0, 0x0, 0x0,
    0x0, 0x0, 0x0, 0x0, 0x0, 0x0, 0x0, 0x0,
    0x0, 0x0, 0x0, 0x0, 0x0, 0x0, 0x0, 0x0,
    0x0, 0x0, 0x1, 0x67, 0x77, 0x77, 0x77, 0x77,
    0x77, 0x77, 0x77, 0x76, 0x10, 0x0, 0x0, 0x0,
    0x0, 0xc, 0xff, 0xff, 0xff, 0xff, 0xff, 0xff,
    0xff, 0xff, 0xff, 0xc0, 0x0, 0x0, 0x0, 0x0,
    0xe, 0xff, 0xff, 0xff, 0xff, 0xff, 0xff, 0xff,
    0xff, 0xff, 0xe0, 0x0, 0x0, 0x0, 0x0, 0x5,
    0xde, 0xee, 0xee, 0xee, 0xee, 0xee, 0xee, 0xee,
    0xed, 0x50, 0x0, 0x0, 0x0, 0x0, 0x0, 0x0,
    0x0, 0x0, 0x0, 0x0, 0x0, 0x0, 0x0, 0x0,
    0x0, 0x0, 0x0, 0x0, 0x0, 0x0, 0x0, 0x0,
    0x0, 0x0, 0x0, 0x0, 0x0, 0x0, 0x0, 0x0,
    0x0, 0x0, 0x0, 0x0, 0x0, 0x0, 0x0, 0x0,
    0x0, 0x0, 0x0, 0x0, 0x0, 0x0, 0x0, 0x0,
    0x0, 0x0, 0x0, 0x0, 0x0, 0x0, 0x0, 0x0,
    0x0, 0x0, 0x0, 0x0, 0x0, 0x0, 0x0, 0x0,
    0x0, 0x0, 0x0, 0x0, 0x0, 0x0, 0x15, 0x55,
    0x51, 0x0, 0x0, 0x0, 0x0, 0x0, 0x0, 0x0,
    0x0, 0x0, 0x0, 0x0, 0x1, 0xff, 0xff, 0xff,
    0x10, 0x0, 0x0, 0x0, 0x0, 0x0, 0x0, 0x0,
    0x0, 0x0, 0x0, 0x4, 0xff, 0xff, 0xff, 0x40,
    0x0, 0x0, 0x0, 0x0, 0x0, 0x0, 0x0, 0x0,
    0x0, 0x0, 0x0, 0xbf, 0xff, 0xfb, 0x0, 0x0,
    0x0, 0x0, 0x0, 0x0,

    /* U+E164 "" */
    0x7f, 0xff, 0xff, 0xff, 0xff, 0xff, 0xff, 0xff,
    0xff, 0xff, 0xff, 0xff, 0xff, 0xff, 0xf7, 0xff,
    0xff, 0xff, 0xff, 0xff, 0xff, 0xff, 0xff, 0xff,
    0xff, 0xff, 0xff, 0xff, 0xff, 0xff, 0xbf, 0xff,
    0xff, 0xff, 0xff, 0xff, 0xff, 0xff, 0xff, 0xff,
    0xff, 0xff, 0xff, 0xff, 0xfb, 0x4, 0x55, 0x55,
    0x55, 0x55, 0x55, 0x55, 0x55, 0x55, 0x55, 0x55,
    0x55, 0x55, 0x55, 0x40, 0x0, 0x0, 0x0, 0x0,
    0x0, 0x0, 0x0, 0x0, 0x0, 0x0, 0x0, 0x0,
    0x0, 0x0, 0x0, 0x0, 0x0, 0x0, 0x0, 0x0,
    0x0, 0x0, 0x0, 0x0, 0x0, 0x0, 0x0, 0x0,
    0x0, 0x0, 0x0, 0x0, 0x0, 0x0, 0x0, 0x0,
    0x0, 0x0, 0x0, 0x0, 0x0, 0x0, 0x0, 0x0,
    0x0, 0x0, 0x0, 0x0, 0x0, 0x0, 0x0, 0x0,
    0x0, 0x0, 0x0, 0x0, 0x0, 0x0, 0x0, 0x0,
    0x16, 0x77, 0x77, 0x77, 0x77, 0x77, 0x77, 0x77,
    0x77, 0x61, 0x0, 0x0, 0x0, 0x0, 0x0, 0xcf,
    0xff, 0xff, 0xff, 0xff, 0xff, 0xff, 0xff, 0xff,
    0xfc, 0x0, 0x0, 0x0, 0x0, 0x0, 0xef, 0xff,
    0xff, 0xff, 0xff, 0xff, 0xff, 0xff, 0xff, 0xfe,
    0x0, 0x0, 0x0, 0x0, 0x0, 0x5d, 0xee, 0xee,
    0xee, 0xee, 0xee, 0xee, 0xee, 0xee, 0xd5, 0x0,
    0x0, 0x0, 0x0, 0x0, 0x0, 0x0, 0x0, 0x0,
    0x0, 0x0, 0x0, 0x0, 0x0, 0x0, 0x0, 0x0,
    0x0, 0x0, 0x0, 0x0, 0x0, 0x0, 0x0, 0x0,
    0x0, 0x0, 0x0, 0x0, 0x0, 0x0, 0x0, 0x0,
    0x0, 0x0, 0x0, 0x0, 0x0, 0x0, 0x0, 0x0,
    0x0, 0x0, 0x0, 0x0, 0x0, 0x0, 0x0, 0x0,
    0x0, 0x0, 0x0, 0x0, 0x0, 0x0, 0x0, 0x0,
    0x0, 0x0, 0x0, 0x0, 0x0, 0x0, 0x0, 0x0,
    0x4, 0x55, 0x55, 0x55, 0x40, 0x0, 0x0, 0x0,
    0x0, 0x0, 0x0, 0x0, 0x0, 0x0, 0x0, 0xbf,
    0xff, 0xff, 0xff, 0xfb, 0x0, 0x0, 0x0, 0x0,
    0x0, 0x0, 0x0, 0x0, 0x0, 0x0, 0xff, 0xff,
    0xff, 0xff, 0xff, 0x0, 0x0, 0x0, 0x0, 0x0,
    0x0, 0x0, 0x0, 0x0, 0x0, 0x7f, 0xff, 0xff,
    0xff, 0xf7, 0x0, 0x0, 0x0, 0x0, 0x0, 0x0,
    0x0, 0x0, 0x0, 0x0,

    /* U+E19C "" */
    0x0, 0x0, 0x0, 0x5a, 0xaa, 0xa7, 0x0, 0x0,
    0x0, 0x0, 0x0, 0x1, 0xff, 0xff, 0xff, 0x40,
    0x0, 0x0, 0x0, 0x0, 0x3, 0xff, 0xff, 0xff,
    0x60, 0x0, 0x0, 0x1, 0x55, 0x57, 0xff, 0xff,
    0xff, 0x95, 0x55, 0x10, 0x1f, 0xff, 0xff, 0xff,
    0xff, 0xff, 0xff, 0xff, 0xf1, 0x5f, 0xff, 0xff,
    0xff, 0xff, 0xff, 0xff, 0xff, 0xf5, 0x5f, 0xff,
    0xff, 0xff, 0xff, 0xff, 0xff, 0xff, 0xf5, 0x5f,
    0xff, 0x0, 0x0, 0x0, 0x0, 0x0, 0xff, 0xf5,
    0x5f, 0xff, 0x0, 0x0, 0x0, 0x0, 0x0, 0xff,
    0xf5, 0x5f, 0xff, 0x0, 0x0, 0x0, 0x0, 0x0,
    0xff, 0xf5, 0x5f, 0xff, 0x0, 0x0, 0x77, 0x0,
    0x0, 0xff, 0xf5, 0x5f, 0xff, 0x0, 0x8, 0xff,
    0x80, 0x0, 0xff, 0xf5, 0x5f, 0xff, 0x0, 0xa,
    0xff, 0xa0, 0x0, 0xff, 0xf5, 0x5f, 0xff, 0x0,
    0xa, 0xff, 0xa0, 0x0, 0xff, 0xf5, 0x5f, 0xff,
    0x0, 0xa, 0xff, 0xa0, 0x0, 0xff, 0xf5, 0x5f,
    0xff, 0x0, 0xa, 0xff, 0xa0, 0x0, 0xff, 0xf5,
    0x5f, 0xff, 0x0, 0xa, 0xff, 0xa0, 0x0, 0xff,
    0xf5, 0x5f, 0xff, 0x0, 0xa, 0xff, 0xa0, 0x0,
    0xff, 0xf5, 0x5f, 0xff, 0x0, 0xa, 0xff, 0xa0,
    0x0, 0xff, 0xf5, 0x5f, 0xff, 0x0, 0x7, 0xff,
    0x70, 0x0, 0xff, 0xf5, 0x5f, 0xff, 0x0, 0x0,
    0x66, 0x0, 0x0, 0xff, 0xf5, 0x5f, 0xff, 0x0,
    0x0, 0x0, 0x0, 0x0, 0xff, 0xf5, 0x5f, 0xff,
    0x0, 0x0, 0x0, 0x0, 0x0, 0xff, 0xf5, 0x5f,
    0xff, 0x0, 0x0, 0x0, 0x0, 0x0, 0xff, 0xf5,
    0x5f, 0xff, 0x0, 0x4, 0xff, 0x40, 0x0, 0xff,
    0xf5, 0x5f, 0xff, 0x0, 0x9, 0xff, 0x90, 0x0,
    0xff, 0xf5, 0x5f, 0xff, 0x0, 0x3, 0xee, 0x30,
    0x0, 0xff, 0xf5, 0x5f, 0xff, 0x0, 0x0, 0x0,
    0x0, 0x0, 0xff, 0xf5, 0x5f, 0xff, 0x0, 0x0,
    0x0, 0x0, 0x0, 0xff, 0xf5, 0x5f, 0xff, 0x0,
    0x0, 0x0, 0x0, 0x0, 0xff, 0xf5, 0x5f, 0xff,
    0xaa, 0xaa, 0xaa, 0xaa, 0xaa, 0xff, 0xf5, 0x5f,
    0xff, 0xff, 0xff, 0xff, 0xff, 0xff, 0xff, 0xf5,
    0x3f, 0xff, 0xff, 0xff, 0xff, 0xff, 0xff, 0xff,
    0xf3, 0x6, 0xaa, 0xaa, 0xaa, 0xaa, 0xaa, 0xaa,
    0xaa, 0x60,

    /* U+E1A4 "" */
    0x0, 0x0, 0x0, 0x16, 0x77, 0x74, 0x0, 0x0,
    0x0, 0x0, 0x0, 0x0, 0xef, 0xff, 0xff, 0x50,
    0x0, 0x0, 0x0, 0x0, 0x1, 0xff, 0xff, 0xff,
    0x80, 0x0, 0x0, 0x0, 0x11, 0x13, 0xff, 0xff,
    0xff, 0x91, 0x11, 0x0, 0xa, 0xff, 0xff, 0xff,
    0xff, 0xff, 0xff, 0xff, 0xe2, 0x1f, 0xff, 0xff,
    0xff, 0xff, 0xff, 0xff, 0xff, 0xf8, 0x1f, 0xff,
    0xff, 0xff, 0xff, 0xff, 0xff, 0xff, 0xf8, 0x1f,
    0xff, 0xff, 0xff, 0xff, 0xff, 0xff, 0xff, 0xf8,
    0x1f, 0xff, 0xff, 0xff, 0xff, 0xff, 0xff, 0xff,
    0xf8, 0x1f, 0xff, 0xff, 0xff, 0xff, 0xff, 0xff,
    0xff, 0xf8, 0x1f, 0xff, 0xff, 0xff, 0xff, 0xff,
    0xff, 0xff, 0xf8, 0x1f, 0xff, 0xff, 0xff, 0xff,
    0xff, 0xff, 0xff, 0xf8, 0x1f, 0xff, 0xff, 0xff,
    0xff, 0xff, 0xff, 0xff, 0xf8, 0x1f, 0xff, 0xff,
    0xff, 0xff, 0xff, 0xff, 0xff, 0xf8, 0x1f, 0xff,
    0xff, 0xff, 0xff, 0xff, 0xff, 0xff, 0xf8, 0x1f,
    0xff, 0xff, 0xff, 0xff, 0xff, 0xff, 0xff, 0xf8,
    0x1f, 0xff, 0xff, 0xff, 0xff, 0xff, 0xff, 0xff,
    0xf8, 0x1f, 0xff, 0xff, 0xff, 0xff, 0xff, 0xff,
    0xff, 0xf8, 0x1f, 0xff, 0xff, 0xff, 0xff, 0xff,
    0xff, 0xff, 0xf8, 0x1f, 0xff, 0xff, 0xff, 0xff,
    0xff, 0xff, 0xff, 0xf8, 0x1f, 0xff, 0xff, 0xff,
    0xff, 0xff, 0xff, 0xff, 0xf8, 0x1f, 0xff, 0xff,
    0xff, 0xff, 0xff, 0xff, 0xff, 0xf8, 0x1f, 0xff,
    0xff, 0xff, 0xff, 0xff, 0xff, 0xff, 0xf8, 0x1f,
    0xff, 0xff, 0xff, 0xff, 0xff, 0xff, 0xff, 0xf8,
    0x1f, 0xff, 0xff, 0xff, 0xff, 0xff, 0xff, 0xff,
    0xf8, 0x1f, 0xff, 0xff, 0xff, 0xff, 0xff, 0xff,
    0xff, 0xf8, 0x1f, 0xff, 0xff, 0xff, 0xff, 0xff,
    0xff, 0xff, 0xf8, 0x1f, 0xff, 0xff, 0xff, 0xff,
    0xff, 0xff, 0xff, 0xf8, 0x1f, 0xff, 0xff, 0xff,
    0xff, 0xff, 0xff, 0xff, 0xf8, 0x1f, 0xff, 0xff,
    0xff, 0xff, 0xff, 0xff, 0xff, 0xf8, 0x1f, 0xff,
    0xff, 0xff, 0xff, 0xff, 0xff, 0xff, 0xf8, 0x1f,
    0xff, 0xff, 0xff, 0xff, 0xff, 0xff, 0xff, 0xf8,
    0xf, 0xff, 0xff, 0xff, 0xff, 0xff, 0xff, 0xff,
    0xf7, 0x7, 0xde, 0xee, 0xee, 0xee, 0xee, 0xee,
    0xee, 0xb1,

    /* U+E1A7 "" */
    0x0, 0x0, 0x0, 0x0, 0x0, 0x5e, 0xc1, 0x0,
    0x0, 0x0, 0x0, 0x0, 0x0, 0x0, 0x0, 0xd,
    0xff, 0xd1, 0x0, 0x0, 0x0, 0x0, 0x0, 0x0,
    0x0, 0x0, 0xef, 0xff, 0xd1, 0x0, 0x0, 0x0,
    0x0, 0x0, 0x0, 0x0, 0xe, 0xff, 0xff, 0xd1,
    0x0, 0x0, 0x0, 0x0, 0x0, 0x0, 0x0, 0xef,
    0xff, 0xff, 0xd1, 0x0, 0x0, 0x9e, 0x80, 0x0,
    0x0, 0xe, 0xff, 0xff, 0xff, 0xd1, 0x0, 0x1f,
    0xff, 0x90, 0x0, 0x0, 0xef, 0xf7, 0xbf, 0xff,
    0xd1, 0x0, 0xef, 0xff, 0x90, 0x0, 0xe, 0xff,
    0x70, 0xbf, 0xff, 0xd1, 0x2, 0xef, 0xff, 0x90,
    0x0, 0xef, 0xf7, 0x0, 0xbf, 0xff, 0x80, 0x2,
    0xef, 0xff, 0x90, 0xe, 0xff, 0x70, 0x2e, 0xff,
    0xf6, 0x0, 0x2, 0xef, 0xff, 0x90, 0xef, 0xf7,
    0x2e, 0xff, 0xf9, 0x0, 0x0, 0x2, 0xef, 0xff,
    0x9e, 0xff, 0x9e, 0xff, 0xf9, 0x0, 0x0, 0x0,
    0x2, 0xef, 0xff, 0xff, 0xff, 0xff, 0xf9, 0x0,
    0x0, 0x0, 0x0, 0x2, 0xef, 0xff, 0xff, 0xff,
    0xf9, 0x0, 0x0, 0x0, 0x0, 0x0, 0x2, 0xef,
    0xff, 0xff, 0xf9, 0x0, 0x0, 0x0, 0x0, 0x0,
    0x0, 0x2, 0xef, 0xff, 0xf9, 0x0, 0x0, 0x0,
    0x0, 0x0, 0x0, 0x0, 0x2e, 0xff, 0xff, 0x90,
    0x0, 0x0, 0x0, 0x0, 0x0, 0x0, 0x2e, 0xff,
    0xff, 0xff, 0x90, 0x0, 0x0, 0x0, 0x0, 0x0,
    0x2e, 0xff, 0xff, 0xff, 0xff, 0x90, 0x0, 0x0,
    0x0, 0x0, 0x2e, 0xff, 0xff, 0xff, 0xff, 0xff,
    0x90, 0x0, 0x0, 0x0, 0x2e, 0xff, 0xf9, 0xef,
    0xf9, 0xef, 0xff, 0x90, 0x0, 0x0, 0x2e, 0xff,
    0xf9, 0xe, 0xff, 0x72, 0xef, 0xff, 0x90, 0x0,
    0x2e, 0xff, 0xf9, 0x0, 0xef, 0xf7, 0x2, 0xef,
    0xff, 0x60, 0x2e, 0xff, 0xf9, 0x0, 0xe, 0xff,
    0x70, 0xb, 0xff, 0xf8, 0xe, 0xff, 0xf9, 0x0,
    0x0, 0xef, 0xf7, 0xb, 0xff, 0xfd, 0x11, 0xff,
    0xf9, 0x0, 0x0, 0xe, 0xff, 0x7b, 0xff, 0xfd,
    0x10, 0x9, 0xe8, 0x0, 0x0, 0x0, 0xef, 0xff,
    0xff, 0xfd, 0x10, 0x0, 0x0, 0x0, 0x0, 0x0,
    0xe, 0xff, 0xff, 0xfd, 0x10, 0x0, 0x0, 0x0,
    0x0, 0x0, 0x0, 0xef, 0xff, 0xfd, 0x10, 0x0,
    0x0, 0x0, 0x0, 0x0, 0x0, 0xe, 0xff, 0xfd,
    0x10, 0x0, 0x0, 0x0, 0x0, 0x0, 0x0, 0x0,
    0xdf, 0xfd, 0x10, 0x0, 0x0, 0x0, 0x0, 0x0,
    0x0, 0x0, 0x5, 0xec, 0x10, 0x0, 0x0, 0x0,

    /* U+E1E0 "" */
    0x0, 0x0, 0x0, 0x0, 0x0, 0x0, 0x0, 0x0,
    0x0, 0x0, 0x0, 0x0, 0x0, 0x0, 0x0, 0x0,
    0x0, 0xc, 0xe1, 0x0, 0x0, 0x0, 0x0, 0x0,
    0x0, 0x0, 0x0, 0x0, 0x0, 0x8f, 0xfb, 0x0,
    0x0, 0x0, 0x0, 0x0, 0x0, 0x0, 0x0, 0x0,
    0x4, 0xff, 0xff, 0x70, 0x0, 0x0, 0x0, 0x0,
    0x0, 0x0, 0x0, 0x0, 0x1e, 0xff, 0xff, 0xf3,
    0x0, 0x0, 0x0, 0x0, 0x0, 0x0, 0x0, 0x0,
    0xbf, 0xff, 0xff, 0xfe, 0x0, 0x0, 0x0, 0x0,
    0x0, 0x0, 0x0, 0x0, 0xdf, 0xff, 0xff, 0xff,
    0x20, 0x0, 0x0, 0x0, 0x0, 0x0, 0x0, 0x0,
    0x0, 0x9f, 0xfc, 0x0, 0x0, 0x0, 0x0, 0x0,
    0x0, 0x0, 0x0, 0x0, 0x0, 0x9f, 0xfc, 0x0,
    0x0, 0x0, 0x0, 0x0, 0x0, 0x0, 0x0, 0x0,
    0x0, 0x9f, 0xfc, 0x0, 0x0, 0x0, 0x0, 0x0,
    0x0, 0x69, 0x81, 0x0, 0x0, 0x9f, 0xfc, 0x0,
    0x7, 0xaa, 0xaa, 0xa3, 0xc, 0xff, 0xfe, 0x20,
    0x0, 0x9f, 0xfc, 0x0, 0xf, 0xff, 0xff, 0xfa,
    0x6f, 0xff, 0xff, 0xb0, 0x0, 0x9f, 0xfc, 0x0,
    0xf, 0xff, 0xff, 0xfa, 0x9f, 0xff, 0xff, 0xf0,
    0x0, 0x9f, 0xfc, 0x0, 0xf, 0xff, 0xff, 0xfa,
    0x8f, 0xff, 0xff, 0xd0, 0x0, 0x9f, 0xfc, 0x0,
    0xf, 0xff, 0xff, 0xfa, 0x2f, 0xff, 0xff, 0x60,
    0x0, 0x9f, 0xfc, 0x0, 0xf, 0xff, 0xff, 0xfa,
    0x2, 0xff, 0xf7, 0x0, 0x0, 0x9f, 0xfc, 0x0,
    0xc, 0xff, 0xff, 0xf7, 0x0, 0xff, 0xf5, 0x0,
    0x0, 0x9f, 0xfc, 0x0, 0x0, 0x5f, 0xff, 0x0,
    0x0, 0xff, 0xf5, 0x0, 0x0, 0x9f, 0xfc, 0x0,
    0x0, 0x5f, 0xff, 0x0, 0x0, 0xff, 0xf5, 0x0,
    0x0, 0x9f, 0xfc, 0x0, 0x0, 0x5f, 0xff, 0x0,
    0x0, 0xff, 0xfc, 0xaa, 0xaa, 0xdf, 0xfe, 0xaa,
    0xaa, 0xcf, 0xff, 0x0, 0x0, 0xbf, 0xff, 0xff,
    0xff, 0xff, 0xff, 0xff, 0xff, 0xff, 0xfb, 0x0,
    0x0, 0x2e, 0xff, 0xff, 0xff, 0xff, 0xff, 0xff,
    0xff, 0xff, 0xe2, 0x0, 0x0, 0x1, 0x8a, 0xaa,
    0xaa, 0xdf, 0xfe, 0xaa, 0xaa, 0xa8, 0x10, 0x0,
    0x0, 0x0, 0x0, 0x0, 0x0, 0x9f, 0xfc, 0x0,
    0x0, 0x0, 0x0, 0x0, 0x0, 0x0, 0x0, 0x0,
    0x0, 0x9f, 0xfc, 0x0, 0x0, 0x0, 0x0, 0x0,
    0x0, 0x0, 0x0, 0x0, 0x0, 0x9f, 0xfc, 0x0,
    0x0, 0x0, 0x0, 0x0, 0x0, 0x0, 0x0, 0x0,
    0x0, 0xbf, 0xfd, 0x10, 0x0, 0x0, 0x0, 0x0,
    0x0, 0x0, 0x0, 0x0, 0x9, 0xff, 0xff, 0xc0,
    0x0, 0x0, 0x0, 0x0, 0x0, 0x0, 0x0, 0x0,
    0x1f, 0xff, 0xff, 0xf4, 0x0, 0x0, 0x0, 0x0,
    0x0, 0x0, 0x0, 0x0, 0x2f, 0xff, 0xff, 0xf5,
    0x0, 0x0, 0x0, 0x0, 0x0, 0x0, 0x0, 0x0,
    0xf, 0xff, 0xff, 0xf2, 0x0, 0x0, 0x0, 0x0,
    0x0, 0x0, 0x0, 0x0, 0x5, 0xff, 0xff, 0x80,
    0x0, 0x0, 0x0, 0x0, 0x0, 0x0, 0x0, 0x0,
    0x0, 0x38, 0x94, 0x0, 0x0, 0x0, 0x0, 0x0,

    /* U+E24D "" */
    0x0, 0x15, 0x77, 0x77, 0x77, 0x77, 0x77, 0x77,
    0x51, 0x0, 0x0, 0x0, 0x0, 0x0, 0x4, 0xff,
    0xff, 0xff, 0xff, 0xff, 0xff, 0xff, 0xfe, 0x40,
    0x0, 0x0, 0x0, 0x0, 0xe, 0xff, 0xff, 0xff,
    0xff, 0xff, 0xff, 0xff, 0xff, 0xf4, 0x0, 0x0,
    0x0, 0x0, 0x4f, 0xff, 0xee, 0xee, 0xee, 0xee,
    0xee, 0xee, 0xff, 0xff, 0x40, 0x0, 0x0, 0x0,
    0x5f, 0xff, 0x0, 0x0, 0x0, 0x0, 0x0, 0x5,
    0xff, 0xff, 0xf4, 0x0, 0x0, 0x0, 0x5f, 0xff,
    0x0, 0x0, 0x0, 0x0, 0x0, 0x5, 0xff, 0xff,
    0xff, 0x40, 0x0, 0x0, 0x5f, 0xff, 0x0, 0x0,
    0x0, 0x0, 0x0, 0x5, 0xff, 0xff, 0xff, 0xf4,
    0x0, 0x0, 0x5f, 0xff, 0x0, 0x0, 0x0, 0x0,
    0x0, 0x5, 0xff, 0xff, 0xff, 0xff, 0x40, 0x0,
    0x5f, 0xff, 0x0, 0x0, 0x0, 0x0, 0x0, 0x5,
    0xff, 0xff, 0xff, 0xff, 0xf4, 0x0, 0x5f, 0xff,
    0x0, 0x0, 0x0, 0x0, 0x0, 0x5, 0xff, 0xff,
    0xff, 0xff, 0xff, 0x40, 0x5f, 0xff, 0x0, 0x0,
    0x0, 0x0, 0x0, 0x4, 0xff, 0xff, 0xff, 0xff,
    0xff, 0xe0, 0x5f, 0xff, 0x0, 0x0, 0x0, 0x0,
    0x0, 0x1, 0xef, 0xff, 0xff, 0xff, 0xff, 0xf3,
    0x5f, 0xff, 0x0, 0x0, 0x0, 0x0, 0x0, 0x0,
    0x3, 0x33, 0x33, 0x33, 0xff, 0xf5, 0x5f, 0xff,
    0x0, 0x0, 0x0, 0x0, 0x0, 0x0, 0x0, 0x0,
    0x0, 0x0, 0xff, 0xf5, 0x5f, 0xff, 0x0, 0x0,
    0x0, 0x0, 0x0, 0x0, 0x0, 0x0, 0x0, 0x0,
    0xff, 0xf5, 0x5f, 0xff, 0x0, 0x0, 0x0, 0x0,
    0x0, 0x0, 0x0, 0x0, 0x0, 0x0, 0xff, 0xf5,
    0x5f, 0xff, 0x0, 0x0, 0x0, 0x0, 0x0, 0x0,
    0x0, 0x0, 0x0, 0x0, 0xff, 0xf5, 0x5f, 0xff,
    0x0, 0x0, 0x0, 0x0, 0x0, 0x0, 0x0, 0x0,
    0x0, 0x0, 0xff, 0xf5, 0x5f, 0xff, 0x0, 0x0,
    0x0, 0x0, 0x0, 0x0, 0x0, 0x0, 0x0, 0x0,
    0xff, 0xf5, 0x5f, 0xff, 0x0, 0x0, 0x0, 0x0,
    0x0, 0x0, 0x0, 0x0, 0x0, 0x0, 0xff, 0xf5,
    0x5f, 0xff, 0x0, 0x0, 0x0, 0x0, 0x0, 0x0,
    0x0, 0x0, 0x0, 0x0, 0xff, 0xf5, 0x5f, 0xff,
    0x0, 0x0, 0x0, 0x0, 0x0, 0x0, 0x0, 0x0,
    0x0, 0x0, 0xff, 0xf5, 0x5f, 0xff, 0x0, 0x0,
    0x0, 0x0, 0x0, 0x0, 0x0, 0x0, 0x0, 0x0,
    0xff, 0xf5, 0x5f, 0xff, 0x0, 0x0, 0x0, 0x0,
    0x0, 0x0, 0x0, 0x0, 0x0, 0x0, 0xff, 0xf5,
    0x5f, 0xff, 0x0, 0x0, 0x0, 0x0, 0x0, 0x0,
    0x0, 0x0, 0x0, 0x0, 0xff, 0xf5, 0x5f, 0xff,
    0x0, 0x0, 0x0, 0x0, 0x0, 0x0, 0x0, 0x0,
    0x0, 0x0, 0xff, 0xf5, 0x5f, 0xff, 0x0, 0x0,
    0x0, 0x0, 0x0, 0x0, 0x0, 0x0, 0x0, 0x0,
    0xff, 0xf5, 0x5f, 0xff, 0x0, 0x0, 0x0, 0x0,
    0x0, 0x0, 0x0, 0x0, 0x0, 0x0, 0xff, 0xf5,
    0x5f, 0xff, 0x0, 0x0, 0x0, 0x0, 0x0, 0x0,
    0x0, 0x0, 0x0, 0x0, 0xff, 0xf5, 0x5f, 0xff,
    0x0, 0x0, 0x0, 0x0, 0x0, 0x0, 0x0, 0x0,
    0x0, 0x0, 0xff, 0xf5, 0x4f, 0xff, 0x77, 0x77,
    0x77, 0x77, 0x77, 0x77, 0x77, 0x77, 0x77, 0x77,
    0xff, 0xf4, 0x2f, 0xff, 0xff, 0xff, 0xff, 0xff,
    0xff, 0xff, 0xff, 0xff, 0xff, 0xff, 0xff, 0xf2,
    0xa, 0xff, 0xff, 0xff, 0xff, 0xff, 0xff, 0xff,
    0xff, 0xff, 0xff, 0xff, 0xff, 0x90, 0x0, 0x7c,
    0xee, 0xee, 0xee, 0xee, 0xee, 0xee, 0xee, 0xee,
    0xee, 0xee, 0xc7, 0x0,

    /* U+E2C6 "" */
    0x0, 0x0, 0x0, 0x0, 0x0, 0x0, 0x5, 0x30,
    0x0, 0x0, 0x0, 0x0, 0x0, 0x0, 0x0, 0x0,
    0x0, 0x0, 0x0, 0x1, 0xcf, 0xf7, 0x0, 0x0,
    0x0, 0x0, 0x0, 0x0, 0x0, 0x0, 0x0, 0x0,
    0x0, 0x1d, 0xff, 0xff, 0x70, 0x0, 0x0, 0x0,
    0x0, 0x0, 0x0, 0x0, 0x0, 0x0, 0x1, 0xdf,
    0xff, 0xff, 0xf7, 0x0, 0x0, 0x0, 0x0, 0x0,
    0x0, 0x0, 0x0, 0x0, 0x1d, 0xff, 0xff, 0xff,
    0xff, 0x70, 0x0, 0x0, 0x0, 0x0, 0x0, 0x0,
    0x0, 0x1, 0xdf, 0xff, 0xff, 0xff, 0xff, 0xf7,
    0x0, 0x0, 0x0, 0x0, 0x0, 0x0, 0x0, 0x1d,
    0xff, 0xfc, 0xef, 0xfb, 0xff, 0xff, 0x70, 0x0,
    0x0, 0x0, 0x0, 0x0, 0x0, 0xbf, 0xff, 0xc0,
    0xef, 0xf7, 0x4f, 0xff, 0xf4, 0x0, 0x0, 0x0,
    0x0, 0x0, 0x0, 0xcf, 0xfb, 0x0, 0xef, 0xf7,
    0x4, 0xff, 0xf5, 0x0, 0x0, 0x0, 0x0, 0x0,
    0x0, 0x2b, 0x90, 0x0, 0xef, 0xf7, 0x0, 0x3b,
    0x80, 0x0, 0x0, 0x0, 0x0, 0x0, 0x0, 0x0,
    0x0, 0x0, 0xef, 0xf7, 0x0, 0x0, 0x0, 0x0,
    0x0, 0x0, 0x0, 0x0, 0x0, 0x0, 0x0, 0x0,
    0xef, 0xf7, 0x0, 0x0, 0x0, 0x0, 0x0, 0x0,
    0x0, 0x0, 0x0, 0x0, 0x0, 0x0, 0xef, 0xf7,
    0x0, 0x0, 0x0, 0x0, 0x0, 0x0, 0x0, 0x0,
    0x0, 0x0, 0x0, 0x0, 0xef, 0xf7, 0x0, 0x0,
    0x0, 0x0, 0x0, 0x0, 0x0, 0x0, 0x0, 0x0,
    0x0, 0x0, 0xef, 0xf7, 0x0, 0x0, 0x0, 0x0,
    0x0, 0x0, 0x0, 0x0, 0x0, 0x0, 0x0, 0x0,
    0xef, 0xf7, 0x0, 0x0, 0x0, 0x0, 0x0, 0x0,
    0x0, 0x0, 0x0, 0x0, 0x0, 0x0, 0xef, 0xf7,
    0x0, 0x0, 0x0, 0x0, 0x0, 0x0, 0x0, 0x0,
    0x0, 0x0, 0x0, 0x0, 0xef, 0xf7, 0x0, 0x0,
    0x0, 0x0, 0x0, 0x0, 0xb, 0xf7, 0x0, 0x0,
    0x0, 0x0, 0xdf, 0xf6, 0x0, 0x0, 0x0, 0x0,
    0x7f, 0xb0, 0x4f, 0xff, 0x0, 0x0, 0x0, 0x0,
    0x4c, 0xa0, 0x0, 0x0, 0x0, 0x0, 0xff, 0xf4,
    0x5f, 0xff, 0x0, 0x0, 0x0, 0x0, 0x0, 0x0,
    0x0, 0x0, 0x0, 0x0, 0xff, 0xf5, 0x5f, 0xff,
    0x0, 0x0, 0x0, 0x0, 0x0, 0x0, 0x0, 0x0,
    0x0, 0x0, 0xff, 0xf5, 0x5f, 0xff, 0x0, 0x0,
    0x0, 0x0, 0x0, 0x0, 0x0, 0x0, 0x0, 0x0,
    0xff, 0xf5, 0x3f, 0xff, 0xff, 0xff, 0xff, 0xff,
    0xff, 0xff, 0xff, 0xff, 0xff, 0xff, 0xff, 0xf3,
    0xe, 0xff, 0xff, 0xff, 0xff, 0xff, 0xff, 0xff,
    0xff, 0xff, 0xff, 0xff, 0xff, 0xe0, 0x3, 0xef,
    0xff, 0xff, 0xff, 0xff, 0xff, 0xff, 0xff, 0xff,
    0xff, 0xff, 0xfe, 0x30, 0x0, 0x3, 0x55, 0x55,
    0x55, 0x55, 0x55, 0x55, 0x55, 0x55, 0x55, 0x55,
    0x30, 0x0,

    /* U+E2C7 "" */
    0x0, 0x24, 0x55, 0x55, 0x55, 0x55, 0x30, 0x0,
    0x0, 0x0, 0x0, 0x0, 0x0, 0x0, 0x0, 0x0,
    0x0, 0x9, 0xff, 0xff, 0xff, 0xff, 0xff, 0xfe,
    0x40, 0x0, 0x0, 0x0, 0x0, 0x0, 0x0, 0x0,
    0x0, 0x0, 0x7f, 0xff, 0xff, 0xff, 0xff, 0xff,
    0xff, 0xf4, 0x0, 0x0, 0x0, 0x0, 0x0, 0x0,
    0x0, 0x0, 0x0, 0xcf, 0xff, 0xff, 0xff, 0xff,
    0xff, 0xff, 0xff, 0x40, 0x0, 0x0, 0x0, 0x0,
    0x0, 0x0, 0x0, 0x0, 0xef, 0xf7, 0x0, 0x0,
    0x0, 0x0, 0x7f, 0xff, 0xff, 0xff, 0xff, 0xff,
    0xff, 0xff, 0xff, 0xe9, 0x10, 0xef, 0xf7, 0x0,
    0x0, 0x0, 0x0, 0x7, 0xff, 0xff, 0xff, 0xff,
    0xff, 0xff, 0xff, 0xff, 0xff, 0xc0, 0xef, 0xf7,
    0x0, 0x0, 0x0, 0x0, 0x0, 0x7f, 0xff, 0xff,
    0xff, 0xff, 0xff, 0xff, 0xff, 0xff, 0xf4, 0xef,
    0xf7, 0x0, 0x0, 0x0, 0x0, 0x0, 0x4, 0x55,
    0x55, 0x55, 0x55, 0x55, 0x55, 0x55, 0xff, 0xf6,
    0xef, 0xf7, 0x0, 0x0, 0x0, 0x0, 0x0, 0x0,
    0x0, 0x0, 0x0, 0x0, 0x0, 0x0, 0x0, 0xef,
    0xf6, 0xef, 0xf7, 0x0, 0x0, 0x0, 0x0, 0x0,
    0x0, 0x0, 0x0, 0x0, 0x0, 0x0, 0x0, 0x0,
    0xef, 0xf6, 0xef, 0xf7, 0x0, 0x0, 0x0, 0x0,
    0x0, 0x0, 0x0, 0x0, 0x0, 0x0, 0x0, 0x0,
    0x0, 0xef, 0xf6, 0xef, 0xf7, 0x0, 0x0, 0x0,
    0x0, 0x0, 0x0, 0x0, 0x0, 0x0, 0x0, 0x0,
    0x0, 0x0, 0xef, 0xf6, 0xef, 0xf7, 0x0, 0x0,
    0x0, 0x0, 0x0, 0x0, 0x0, 0x0, 0x0, 0x0,
    0x0, 0x0, 0x0, 0xef, 0xf6, 0xef, 0xf7, 0x0,
    0x0, 0x0, 0x0, 0x0, 0x0, 0x0, 0x0, 0x0,
    0x0, 0x0, 0x0, 0x0, 0xef, 0xf6, 0xef, 0xf7,
    0x0, 0x0, 0x0, 0x0, 0x0, 0x0, 0x0, 0x0,
    0x0, 0x0, 0x0, 0x0, 0x0, 0xef, 0xf6, 0xef,
    0xf7, 0x0, 0x0, 0x0, 0x0, 0x0, 0x0, 0x0,
    0x0, 0x0, 0x0, 0x0, 0x0, 0x0, 0xef, 0xf6,
    0xef, 0xf7, 0x0, 0x0, 0x0, 0x0, 0x0, 0x0,
    0x0, 0x0, 0x0, 0x0, 0x0, 0x0, 0x0, 0xef,
    0xf6, 0xef, 0xf7, 0x0, 0x0, 0x0, 0x0, 0x0,
    0x0, 0x0, 0x0, 0x0, 0x0, 0x0, 0x0, 0x0,
    0xef, 0xf6, 0xef, 0xf7, 0x0, 0x0, 0x0, 0x0,
    0x0, 0x0, 0x0, 0x0, 0x0, 0x0, 0x0, 0x0,
    0x0, 0xef, 0xf6, 0xef, 0xf7, 0x0, 0x0, 0x0,
    0x0, 0x0, 0x0, 0x0, 0x0, 0x0, 0x0, 0x0,
    0x0, 0x0, 0xef, 0xf6, 0xef, 0xf7, 0x0, 0x0,
    0x0, 0x0, 0x0, 0x0, 0x0, 0x0, 0x0, 0x0,
    0x0, 0x0, 0x0, 0xef, 0xf6, 0xef, 0xf7, 0x0,
    0x0, 0x0, 0x0, 0x0, 0x0, 0x0, 0x0, 0x0,
    0x0, 0x0, 0x0, 0x0, 0xef, 0xf6, 0xef, 0xf7,
    0x0, 0x0, 0x0, 0x0, 0x0, 0x0, 0x0, 0x0,
    0x0, 0x0, 0x0, 0x0, 0x0, 0xef, 0xf6, 0xef,
    0xf7, 0x0, 0x0, 0x0, 0x0, 0x0, 0x0, 0x0,
    0x0, 0x0, 0x0, 0x0, 0x0, 0x0, 0xef, 0xf6,
    0xcf, 0xff, 0xff, 0xff, 0xff, 0xff, 0xff, 0xff,
    0xff, 0xff, 0xff, 0xff, 0xff, 0xff, 0xff, 0xff,
    0xf5, 0x7f, 0xff, 0xff, 0xff, 0xff, 0xff, 0xff,
    0xff, 0xff, 0xff, 0xff, 0xff, 0xff, 0xff, 0xff,
    0xff, 0xe1, 0xa, 0xff, 0xff, 0xff, 0xff, 0xff,
    0xff, 0xff, 0xff, 0xff, 0xff, 0xff, 0xff, 0xff,
    0xff, 0xfe, 0x40, 0x0, 0x24, 0x55, 0x55, 0x55,
    0x55, 0x55, 0x55, 0x55, 0x55, 0x55, 0x55, 0x55,
    0x55, 0x55, 0x30, 0x0,

    /* U+E3AD "" */
    0x6, 0xdf, 0xff, 0xff, 0xff, 0xff, 0xff, 0xff,
    0xff, 0xff, 0xff, 0xff, 0xff, 0xfd, 0x50, 0x6f,
    0xff, 0xff, 0xff, 0xff, 0xff, 0xff, 0xff, 0xff,
    0xff, 0xff, 0xff, 0xff, 0xff, 0xf5, 0xdf, 0xff,
    0xff, 0xff, 0xff, 0xff, 0xff, 0xff, 0xff, 0xff,
    0xff, 0xff, 0xff, 0xff, 0xfd, 0xff, 0xf8, 0x55,
    0x55, 0x55, 0x55, 0x55, 0x55, 0x55, 0x55, 0x55,
    0x55, 0x55, 0x8f, 0xff, 0xff, 0xf5, 0x0, 0x0,
    0x0, 0x0, 0x0, 0x0, 0x0, 0x0, 0x0, 0x0,
    0x0, 0x5f, 0xff, 0xff, 0xf5, 0x0, 0x0, 0x0,
    0x0, 0x0, 0x0, 0x0, 0x0, 0x0, 0x0, 0x0,
    0x5f, 0xff, 0xff, 0xf5, 0x0, 0x0, 0x0, 0x0,
    0x0, 0x0, 0x0, 0x0, 0x0, 0x0, 0x0, 0x5f,
    0xff, 0xff, 0xf5, 0x0, 0x0, 0x0, 0x0, 0x0,
    0x0, 0x0, 0x0, 0x0, 0x0, 0x0, 0x5f, 0xff,
    0xff, 0xf5, 0x0, 0x0, 0x0, 0x0, 0x0, 0x0,
    0x0, 0x0, 0x0, 0x0, 0x0, 0x5f, 0xff, 0xff,
    0xf5, 0x0, 0x0, 0x0, 0x0, 0x0, 0x0, 0x0,
    0x0, 0x0, 0x0, 0x0, 0x5f, 0xff, 0xff, 0xf5,
    0x0, 0x0, 0x0, 0x8f, 0xb1, 0x0, 0x0, 0x0,
    0x0, 0x4, 0xee, 0x9f, 0xff, 0xff, 0xf5, 0x0,
    0x0, 0x8, 0xff, 0xfc, 0x10, 0x0, 0x0, 0x0,
    0x4f, 0xff, 0xff, 0xff, 0xff, 0xf5, 0x0, 0x0,
    0x8f, 0xff, 0xff, 0xc1, 0x0, 0x0, 0x4, 0xff,
    0xff, 0xff, 0xff, 0xff, 0xf5, 0x0, 0x8, 0xff,
    0xff, 0xff, 0xfc, 0x10, 0x0, 0x4f, 0xff, 0xff,
    0xff, 0xff, 0xff, 0xf9, 0x0, 0x8f, 0xff, 0xf4,
    0xcf, 0xff, 0xc1, 0x4, 0xff, 0xff, 0x78, 0xff,
    0xff, 0xff, 0xff, 0x88, 0xff, 0xff, 0x30, 0xc,
    0xff, 0xfc, 0x5f, 0xff, 0xf7, 0x0, 0x8f, 0xff,
    0xff, 0xff, 0xff, 0xff, 0xf3, 0x0, 0x0, 0xcf,
    0xff, 0xff, 0xff, 0x70, 0x0, 0x5f, 0xff, 0xff,
    0xff, 0xff, 0xff, 0x30, 0x0, 0x0, 0xc, 0xff,
    0xff, 0xf7, 0x0, 0x0, 0x5f, 0xff, 0xff, 0xff,
    0xff, 0xf3, 0x0, 0x0, 0x0, 0x0, 0xcf, 0xff,
    0x70, 0x0, 0x0, 0x5f, 0xff, 0xff, 0xf8, 0xdd,
    0x30, 0x0, 0x0, 0x0, 0x0, 0xb, 0xf7, 0x0,
    0x0, 0x0, 0x5f, 0xff, 0xff, 0xf5, 0x0, 0x0,
    0x0, 0x0, 0x0, 0x0, 0x0, 0x0, 0x0, 0x0,
    0x0, 0x5f, 0xff, 0xff, 0xf5, 0x0, 0x0, 0x0,
    0x0, 0x0, 0x0, 0x0, 0x0, 0x0, 0x0, 0x0,
    0x5f, 0xff, 0xff, 0xf5, 0x0, 0x0, 0x0, 0x0,
    0x0, 0x0, 0x0, 0x0, 0x0, 0x0, 0x0, 0x5f,
    0xff, 0xff, 0xf5, 0x0, 0x0, 0x0, 0x0, 0x0,
    0x0, 0x0, 0x0, 0x0, 0x0, 0x0, 0x5f, 0xff,
    0xff, 0xf5, 0x0, 0x0, 0x0, 0x0, 0x0, 0x0,
    0x0, 0x0, 0x0, 0x0, 0x0, 0x5f, 0xff, 0xff,
    0xf5, 0x0, 0x0, 0x0, 0x0, 0x0, 0x0, 0x0,
    0x0, 0x0, 0x0, 0x0, 0x5f, 0xff, 0xff, 0xf8,
    0x55, 0x55, 0x55, 0x55, 0x55, 0x55, 0x55, 0x55,
    0x55, 0x55, 0x55, 0x8f, 0xff, 0xdf, 0xff, 0xff,
    0xff, 0xff, 0xff, 0xff, 0xff, 0xff, 0xff, 0xff,
    0xff, 0xff, 0xff, 0xfd, 0x6f, 0xff, 0xff, 0xff,
    0xff, 0xff, 0xff, 0xff, 0xff, 0xff, 0xff, 0xff,
    0xff, 0xff, 0xf6, 0x6, 0xdf, 0xff, 0xff, 0xff,
    0xff, 0xff, 0xff, 0xff, 0xff, 0xff, 0xff, 0xff,
    0xfd, 0x60,

    /* U+E3B0 "" */
    0x0, 0x0, 0x0, 0x0, 0x0, 0x3, 0xac, 0xcc,
    0xcc, 0xcc, 0xc8, 0x0, 0x0, 0x0, 0x0, 0x0,
    0x0, 0x0, 0x0, 0x0, 0x0, 0x0, 0x6f, 0xff,
    0xff, 0xff, 0xff, 0xff, 0xd1, 0x0, 0x0, 0x0,
    0x0, 0x0, 0x0, 0x0, 0x0, 0x0, 0x5, 0xff,
    0xff, 0xff, 0xff, 0xff, 0xff, 0xfc, 0x0, 0x0,
    0x0, 0x0, 0x0, 0x0, 0x46, 0x77, 0x77, 0x8f,
    0xff, 0xf9, 0x88, 0x88, 0x88, 0xcf, 0xff, 0xc7,
    0x77, 0x77, 0x51, 0x0, 0xb, 0xff, 0xff, 0xff,
    0xff, 0xff, 0x50, 0x0, 0x0, 0x0, 0xc, 0xff,
    0xff, 0xff, 0xff, 0xff, 0x50, 0x8f, 0xff, 0xff,
    0xff, 0xff, 0xf7, 0x0, 0x0, 0x0, 0x0, 0x1,
    0xdf, 0xff, 0xff, 0xff, 0xff, 0xf1, 0xdf, 0xff,
    0xee, 0xee, 0xee, 0x80, 0x0, 0x0, 0x0, 0x0,
    0x0, 0x1d, 0xee, 0xee, 0xee, 0xff, 0xf5, 0xef,
    0xf7, 0x0, 0x0, 0x0, 0x0, 0x0, 0x0, 0x0,
    0x0, 0x0, 0x0, 0x0, 0x0, 0x0, 0xef, 0xf6,
    0xef, 0xf7, 0x0, 0x0, 0x0, 0x0, 0x0, 0x0,
    0x0, 0x0, 0x0, 0x0, 0x0, 0x0, 0x0, 0xef,
    0xf6, 0xef, 0xf7, 0x0, 0x0, 0x0, 0x0, 0x1,
    0x7b, 0xcc, 0x94, 0x0, 0x0, 0x0, 0x0, 0x0,
    0xef, 0xf6, 0xef, 0xf7, 0x0, 0x0, 0x0, 0x0,
    0x7f, 0xff, 0xff, 0xff, 0xc2, 0x0, 0x0, 0x0,
    0x0, 0xef, 0xf6, 0xef, 0xf7, 0x0, 0x0, 0x0,
    0xa, 0xff, 0xff, 0xff, 0xff, 0xff, 0x30, 0x0,
    0x0, 0x0, 0xef, 0xf6, 0xef, 0xf7, 0x0, 0x0,
    0x0, 0x7f, 0xff, 0xfb, 0x99, 0xef, 0xff, 0xe1,
    0x0, 0x0, 0x0, 0xef, 0xf6, 0xef, 0xf7, 0x0,
    0x0, 0x1, 0xff, 0xfe, 0x30, 0x0, 0x9, 0xff,
    0xf8, 0x0, 0x0, 0x0, 0xef, 0xf6, 0xef, 0xf7,
    0x0, 0x0, 0x6, 0xff, 0xf3, 0x0, 0x0, 0x0,
    0xbf, 0xfe, 0x0, 0x0, 0x0, 0xef, 0xf6, 0xef,
    0xf7, 0x0, 0x0, 0x9, 0xff, 0xc0, 0x0, 0x0,
    0x0, 0x3f, 0xff, 0x20, 0x0, 0x0, 0xef, 0xf6,
    0xef, 0xf7, 0x0, 0x0, 0xb, 0xff, 0xa0, 0x0,
    0x0, 0x0, 0x1f, 0xff, 0x30, 0x0, 0x0, 0xef,
    0xf6, 0xef, 0xf7, 0x0, 0x0, 0xa, 0xff, 0xb0,
    0x0, 0x0, 0x0, 0x2f, 0xff, 0x20, 0x0, 0x0,
    0xef, 0xf6, 0xef, 0xf7, 0x0, 0x0, 0x7, 0xff,
    0xf1, 0x0, 0x0, 0x0, 0x7f, 0xff, 0x0, 0x0,
    0x0, 0xef, 0xf6, 0xef, 0xf7, 0x0, 0x0, 0x2,
    0xff, 0xfa, 0x0, 0x0, 0x3, 0xff, 0xfb, 0x0,
    0x0, 0x0, 0xef, 0xf6, 0xef, 0xf7, 0x0, 0x0,
    0x0, 0xaf, 0xff, 0xc5, 0x23, 0x8f, 0xff, 0xf3,
    0x0, 0x0, 0x0, 0xef, 0xf6, 0xef, 0xf7, 0x0,
    0x0, 0x0, 0x1d, 0xff, 0xff, 0xff, 0xff, 0xff,
    0x70, 0x0, 0x0, 0x0, 0xef, 0xf6, 0xef, 0xf7,
    0x0, 0x0, 0x0, 0x1, 0xcf, 0xff, 0xff, 0xff,
    0xf7, 0x0, 0x0, 0x0, 0x0, 0xef, 0xf6, 0xef,
    0xf7, 0x0, 0x0, 0x0, 0x0, 0x6, 0xcf, 0xff,
    0xfa, 0x20, 0x0, 0x0, 0x0, 0x0, 0xef, 0xf6,
    0xef, 0xf7, 0x0, 0x0, 0x0, 0x0, 0x0, 0x0,
    0x21, 0x0, 0x0, 0x0, 0x0, 0x0, 0x0, 0xef,
    0xf6, 0xef, 0xf7, 0x0, 0x0, 0x0, 0x0, 0x0,
    0x0, 0x0, 0x0, 0x0, 0x0, 0x0, 0x0, 0x0,
    0xef, 0xf6, 0xef, 0xfa, 0x55, 0x55, 0x55, 0x55,
    0x55, 0x55, 0x55, 0x55, 0x55, 0x55, 0x55, 0x55,
    0x55, 0xff, 0xf6, 0xbf, 0xff, 0xff, 0xff, 0xff,
    0xff, 0xff, 0xff, 0xff, 0xff, 0xff, 0xff, 0xff,
    0xff, 0xff, 0xff, 0xf4, 0x4f, 0xff, 0xff, 0xff,
    0xff, 0xff, 0xff, 0xff, 0xff, 0xff, 0xff, 0xff,
    0xff, 0xff, 0xff, 0xff, 0xc0, 0x4, 0xdf, 0xff,
    0xff, 0xff, 0xff, 0xff, 0xff, 0xff, 0xff, 0xff,
    0xff, 0xff, 0xff, 0xff, 0xea, 0x10,

    /* U+E3C9 "" */
    0x0, 0x0, 0x0, 0x0, 0x0, 0x0, 0x0, 0x0,
    0x0, 0x0, 0x0, 0x5d, 0xfc, 0x30, 0x0, 0x0,
    0x0, 0x0, 0x0, 0x0, 0x0, 0x0, 0x0, 0x0,
    0x0, 0x8, 0xff, 0xff, 0xf4, 0x0, 0x0, 0x0,
    0x0, 0x0, 0x0, 0x0, 0x0, 0x0, 0x0, 0x0,
    0x8f, 0xff, 0xff, 0xff, 0x40, 0x0, 0x0, 0x0,
    0x0, 0x0, 0x0, 0x0, 0x0, 0x0, 0x8, 0xff,
    0xff, 0xff, 0xff, 0xf3, 0x0, 0x0, 0x0, 0x0,
    0x0, 0x0, 0x0, 0x0, 0x0, 0x8f, 0xff, 0xff,
    0xff, 0xff, 0xfc, 0x0, 0x0, 0x0, 0x0, 0x0,
    0x0, 0x0, 0x0, 0x8, 0xff, 0xff, 0xff, 0xff,
    0xff, 0xff, 0x0, 0x0, 0x0, 0x0, 0x0, 0x0,
    0x0, 0x0, 0x8f, 0xff, 0xff, 0xff, 0xff, 0xff,
    0xfd, 0x0, 0x0, 0x0, 0x0, 0x0, 0x0, 0x0,
    0x8, 0xff, 0xff, 0xff, 0xff, 0xff, 0xff, 0xf7,
    0x0, 0x0, 0x0, 0x0, 0x0, 0x0, 0x0, 0x8f,
    0xff, 0xe4, 0xdf, 0xff, 0xff, 0xff, 0x90, 0x0,
    0x0, 0x0, 0x0, 0x0, 0x0, 0x9, 0xff, 0xfe,
    0x30, 0x1d, 0xff, 0xff, 0xf9, 0x0, 0x0, 0x0,
    0x0, 0x0, 0x0, 0x0, 0x9f, 0xff, 0xe3, 0x0,
    0x4, 0xff, 0xff, 0x90, 0x0, 0x0, 0x0, 0x0,
    0x0, 0x0, 0x9, 0xff, 0xfe, 0x30, 0x0, 0x3e,
    0xff, 0xf9, 0x0, 0x0, 0x0, 0x0, 0x0, 0x0,
    0x0, 0x9f, 0xff, 0xe3, 0x0, 0x3, 0xef, 0xff,
    0x90, 0x0, 0x0, 0x0, 0x0, 0x0, 0x0, 0x9,
    0xff, 0xfe, 0x30, 0x0, 0x3e, 0xff, 0xf9, 0x0,
    0x0, 0x0, 0x0, 0x0, 0x0, 0x0, 0x9f, 0xff,
    0xe3, 0x0, 0x3, 0xef, 0xff, 0x90, 0x0, 0x0,
    0x0, 0x0, 0x0, 0x0, 0x9, 0xff, 0xfe, 0x30,
    0x0, 0x3e, 0xff, 0xf9, 0x0, 0x0, 0x0, 0x0,
    0x0, 0x0, 0x0, 0x9f, 0xff, 0xe3, 0x0, 0x3,
    0xef, 0xff, 0x90, 0x0, 0x0, 0x0, 0x0, 0x0,
    0x0, 0x9, 0xff, 0xfe, 0x30, 0x0, 0x3e, 0xff,
    0xf9, 0x0, 0x0, 0x0, 0x0, 0x0, 0x0, 0x0,
    0x9f, 0xff, 0xe3, 0x0, 0x3, 0xef, 0xff, 0x90,
    0x0, 0x0, 0x0, 0x0, 0x0, 0x0, 0x9, 0xff,
    0xfe, 0x30, 0x0, 0x3e, 0xff, 0xf9, 0x0, 0x0,
    0x0, 0x0, 0x0, 0x0, 0x0, 0x9f, 0xff, 0xe3,
    0x0, 0x3, 0xef, 0xff, 0x90, 0x0, 0x0, 0x0,
    0x0, 0x0, 0x0, 0x9, 0xff, 0xfe, 0x30, 0x0,
    0x3e, 0xff, 0xf9, 0x0, 0x0, 0x0, 0x0, 0x0,
    0x0, 0x0, 0x6f, 0xff, 0xe3, 0x0, 0x3, 0xef,
    0xff, 0x90, 0x0, 0x0, 0x0, 0x0, 0x0, 0x0,
    0x0, 0xdf, 0xfe, 0x30, 0x0, 0x3e, 0xff, 0xf9,
    0x0, 0x0, 0x0, 0x0, 0x0, 0x0, 0x0, 0x0,
    0xff, 0xf5, 0x0, 0x3, 0xef, 0xff, 0x90, 0x0,
    0x0, 0x0, 0x0, 0x0, 0x0, 0x0, 0x0, 0xff,
    0xf5, 0x0, 0x3e, 0xff, 0xf9, 0x0, 0x0, 0x0,
    0x0, 0x0, 0x0, 0x0, 0x0, 0x0, 0xff, 0xf8,
    0x55, 0xef, 0xff, 0x90, 0x0, 0x0, 0x0, 0x0,
    0x0, 0x0, 0x0, 0x0, 0x0, 0xff, 0xff, 0xff,
    0xff, 0xf9, 0x0, 0x0, 0x0, 0x0, 0x0, 0x0,
    0x0, 0x0, 0x0, 0x0, 0xff, 0xff, 0xff, 0xff,
    0x90, 0x0, 0x0, 0x0, 0x0, 0x0, 0x0, 0x0,
    0x0, 0x0, 0x0, 0x7f, 0xff, 0xff, 0xd6, 0x0,
    0x0, 0x0, 0x0, 0x0, 0x0, 0x0, 0x0, 0x0,
    0x0, 0x0,

    /* U+E40A "" */
    0x0, 0x0, 0x0, 0x0, 0x0, 0x0, 0x1, 0x46,
    0x77, 0x65, 0x20, 0x0, 0x0, 0x0, 0x0, 0x0,
    0x0, 0x0, 0x0, 0x0, 0x0, 0x0, 0x17, 0xdf,
    0xff, 0xff, 0xff, 0xff, 0xa5, 0x0, 0x0, 0x0,
    0x0, 0x0, 0x0, 0x0, 0x0, 0x0, 0x18, 0xff,
    0xff, 0xff, 0xff, 0xff, 0xff, 0xff, 0xd6, 0x0,
    0x0, 0x0, 0x0, 0x0, 0x0, 0x0, 0x6, 0xff,
    0xff, 0xff, 0xff, 0xee, 0xff, 0xff, 0xff, 0xff,
    0xc2, 0x0, 0x0, 0x0, 0x0, 0x0, 0x0, 0x9f,
    0xff, 0xff, 0xa6, 0x20, 0x0, 0x0, 0x48, 0xdf,
    0xff, 0xff, 0x50, 0x0, 0x0, 0x0, 0x0, 0xc,
    0xff, 0xff, 0x91, 0x0, 0x0, 0x0, 0x0, 0x0,
    0x5, 0xdf, 0xff, 0xf5, 0x0, 0x0, 0x0, 0x0,
    0xaf, 0xff, 0xe3, 0x0, 0x0, 0x0, 0x0, 0x0,
    0x0, 0x0, 0x8, 0xff, 0xff, 0x40, 0x0, 0x0,
    0x8, 0xff, 0xfc, 0x10, 0x7, 0xca, 0x20, 0x0,
    0x4, 0xbb, 0x50, 0x0, 0x5f, 0xff, 0xe1, 0x0,
    0x0, 0x3f, 0xff, 0xd1, 0x0, 0x7f, 0xff, 0xe0,
    0x0, 0x2f, 0xff, 0xf4, 0x0, 0x6, 0xff, 0xfa,
    0x0, 0x0, 0xbf, 0xfe, 0x20, 0x0, 0xbf, 0xff,
    0xf2, 0x0, 0x5f, 0xff, 0xf8, 0x0, 0x0, 0x9f,
    0xff, 0x30, 0x4, 0xff, 0xf6, 0x0, 0x0, 0x9f,
    0xff, 0xf1, 0x0, 0x3f, 0xff, 0xf6, 0x0, 0x0,
    0x1e, 0xff, 0xa0, 0xb, 0xff, 0xd0, 0x0, 0x0,
    0x1c, 0xff, 0x50, 0x0, 0x8, 0xff, 0xa0, 0x0,
    0x0, 0x8, 0xff, 0xf0, 0x1f, 0xff, 0x60, 0x0,
    0x0, 0x0, 0x0, 0x0, 0x0, 0x0, 0x0, 0x0,
    0x0, 0x0, 0x3, 0xff, 0xf4, 0x5f, 0xff, 0x20,
    0x3, 0x10, 0x0, 0x0, 0x0, 0x0, 0x0, 0x0,
    0x0, 0x2, 0x20, 0x0, 0xff, 0xf6, 0x8f, 0xfd,
    0x2, 0xdf, 0xf7, 0x0, 0x0, 0x0, 0x0, 0x0,
    0x0, 0x0, 0xaf, 0xfc, 0x0, 0xdf, 0xf8, 0xaf,
    0xfb, 0xa, 0xff, 0xff, 0x10, 0x0, 0x0, 0x0,
    0x0, 0x0, 0x4, 0xff, 0xff, 0x60, 0xcf, 0xf8,
    0xbf, 0xfa, 0xb, 0xff, 0xff, 0x20, 0x0, 0x0,
    0x0, 0x0, 0x0, 0x5, 0xff, 0xff, 0x80, 0xdf,
    0xf7, 0xbf, 0xf9, 0x5, 0xff, 0xfd, 0x0, 0x0,
    0x0, 0x0, 0x0, 0x0, 0x1, 0xef, 0xff, 0x30,
    0xff, 0xf6, 0xbf, 0xfb, 0x0, 0x59, 0x81, 0x0,
    0x0, 0x0, 0x0, 0x0, 0x0, 0x0, 0x29, 0x93,
    0x5, 0xff, 0xf2, 0x9f, 0xfc, 0x0, 0x0, 0x0,
    0x0, 0x0, 0x0, 0x0, 0x0, 0x0, 0x0, 0x0,
    0x0, 0xd, 0xff, 0xe0, 0x6f, 0xff, 0x0, 0x0,
    0x0, 0x0, 0x0, 0x0, 0x0, 0x0, 0x0, 0x0,
    0x0, 0x1, 0xcf, 0xff, 0x60, 0x3f, 0xff, 0x40,
    0x0, 0x0, 0x0, 0x0, 0x0, 0x0, 0x0, 0x0,
    0x0, 0x13, 0x8f, 0xff, 0xfc, 0x0, 0xe, 0xff,
    0xa0, 0x0, 0x0, 0x0, 0x0, 0x0, 0x0, 0x7d,
    0xff, 0xff, 0xff, 0xff, 0xff, 0xd1, 0x0, 0x8,
    0xff, 0xf3, 0x0, 0x0, 0x0, 0x0, 0x0, 0xa,
    0xff, 0xff, 0xff, 0xff, 0xff, 0xf9, 0x0, 0x0,
    0x1, 0xef, 0xfb, 0x0, 0x0, 0x0, 0x0, 0x0,
    0x4f, 0xff, 0xff, 0xff, 0xff, 0xea, 0x30, 0x0,
    0x0, 0x0, 0x7f, 0xff, 0x80, 0x0, 0x0, 0x0,
    0x0, 0x7f, 0xff, 0x65, 0x55, 0x42, 0x0, 0x0,
    0x0, 0x0, 0x0, 0xd, 0xff, 0xf6, 0x0, 0x0,
    0x0, 0x0, 0x7f, 0xff, 0x0, 0x0, 0x0, 0x0,
    0x0, 0x0, 0x0, 0x0, 0x2, 0xef, 0xff, 0x80,
    0x0, 0x0, 0x0, 0x4f, 0xff, 0x70, 0x0, 0x0,
    0x0, 0x0, 0x0, 0x0, 0x0, 0x0, 0x4f, 0xff,
    0xfb, 0x20, 0x0, 0x0, 0xc, 0xff, 0xe0, 0x0,
    0x0, 0x0, 0x0, 0x0, 0x0, 0x0, 0x0, 0x4,
    0xff, 0xff, 0xf9, 0x30, 0x0, 0x5, 0xff, 0xf0,
    0x0, 0x0, 0x0, 0x0, 0x0, 0x0, 0x0, 0x0,
    0x0, 0x2d, 0xff, 0xff, 0xfe, 0xb9, 0x8c, 0xff,
    0xf0, 0x0, 0x0, 0x0, 0x0, 0x0, 0x0, 0x0,
    0x0, 0x0, 0x0, 0x7f, 0xff, 0xff, 0xff, 0xff,
    0xff, 0xc0, 0x0, 0x0, 0x0, 0x0, 0x0, 0x0,
    0x0, 0x0, 0x0, 0x0, 0x1, 0x8e, 0xff, 0xff,
    0xff, 0xff, 0x30, 0x0, 0x0, 0x0, 0x0, 0x0,
    0x0, 0x0, 0x0, 0x0, 0x0, 0x0, 0x0, 0x48,
    0xac, 0xdd, 0x92, 0x0, 0x0, 0x0, 0x0, 0x0,
    0x0, 0x0,

    /* U+E429 "" */
    0x0, 0x0, 0x0, 0x0, 0x0, 0x0, 0x0, 0x0,
    0x0, 0x0, 0x7f, 0xb0, 0x0, 0x0, 0x0, 0x0,
    0x0, 0x0, 0x0, 0x0, 0x0, 0x0, 0x0, 0x0,
    0x0, 0xff, 0xf4, 0x0, 0x0, 0x0, 0x0, 0x0,
    0x0, 0x0, 0x0, 0x0, 0x0, 0x0, 0x0, 0x0,
    0xff, 0xf5, 0x0, 0x0, 0x0, 0x3a, 0xaa, 0xaa,
    0xaa, 0xaa, 0xaa, 0xaa, 0xa7, 0x0, 0x0, 0xff,
    0xfc, 0xaa, 0xaa, 0xa3, 0xef, 0xff, 0xff, 0xff,
    0xff, 0xff, 0xff, 0xff, 0x50, 0x0, 0xff, 0xff,
    0xff, 0xff, 0xfe, 0xef, 0xff, 0xff, 0xff, 0xff,
    0xff, 0xff, 0xff, 0x50, 0x0, 0xff, 0xff, 0xff,
    0xff, 0xfe, 0x3a, 0xaa, 0xaa, 0xaa, 0xaa, 0xaa,
    0xaa, 0xa7, 0x0, 0x0, 0xff, 0xfc, 0xaa, 0xaa,
    0xa3, 0x0, 0x0, 0x0, 0x0, 0x0, 0x0, 0x0,
    0x0, 0x0, 0x0, 0xff, 0xf5, 0x0, 0x0, 0x0,
    0x0, 0x0, 0x0, 0x0, 0x0, 0x0, 0x0, 0x0,
    0x0, 0x0, 0xff, 0xf4, 0x0, 0x0, 0x0, 0x0,
    0x0, 0x0, 0x0, 0x0, 0x0, 0x0, 0x0, 0x0,
    0x0, 0x7f, 0xb0, 0x0, 0x0, 0x0, 0x0, 0x0,
    0x0, 0xb, 0xf7, 0x0, 0x0, 0x0, 0x0, 0x0,
    0x0, 0x0, 0x0, 0x0, 0x0, 0x0, 0x0, 0x0,
    0x4f, 0xff, 0x0, 0x0, 0x0, 0x0, 0x0, 0x0,
    0x0, 0x0, 0x0, 0x0, 0x0, 0x0, 0x0, 0x5f,
    0xff, 0x0, 0x0, 0x0, 0x0, 0x0, 0x0, 0x0,
    0x0, 0x0, 0x0, 0x16, 0x77, 0x77, 0xaf, 0xff,
    0x0, 0x0, 0x67, 0x77, 0x77, 0x77, 0x77, 0x77,
    0x77, 0x61, 0xcf, 0xff, 0xff, 0xff, 0xff, 0x0,
    0xa, 0xff, 0xff, 0xff, 0xff, 0xff, 0xff, 0xff,
    0xfc, 0xef, 0xff, 0xff, 0xff, 0xff, 0x0, 0xd,
    0xff, 0xff, 0xff, 0xff, 0xff, 0xff, 0xff, 0xfe,
    0x5d, 0xee, 0xee, 0xef, 0xff, 0x0, 0x4, 0xde,
    0xee, 0xee, 0xee, 0xee, 0xee, 0xee, 0xd5, 0x0,
    0x0, 0x0, 0x5f, 0xff, 0x0, 0x0, 0x0, 0x0,
    0x0, 0x0, 0x0, 0x0, 0x0, 0x0, 0x0, 0x0,
    0x0, 0x4f, 0xff, 0x0, 0x0, 0x0, 0x0, 0x0,
    0x0, 0x0, 0x0, 0x0, 0x0, 0x0, 0x0, 0x0,
    0xc, 0xf7, 0x0, 0x0, 0x0, 0x0, 0x0, 0x0,
    0x0, 0x0, 0x0, 0x0, 0x0, 0x0, 0x0, 0x0,
    0x0, 0x0, 0x5, 0xec, 0x10, 0x0, 0x0, 0x0,
    0x0, 0x0, 0x0, 0x0, 0x0, 0x0, 0x0, 0x0,
    0x0, 0xd, 0xff, 0x60, 0x0, 0x0, 0x0, 0x0,
    0x0, 0x0, 0x0, 0x0, 0x0, 0x0, 0x0, 0x0,
    0xe, 0xff, 0x70, 0x0, 0x0, 0x0, 0x0, 0x0,
    0x0, 0x3a, 0xaa, 0xaa, 0xaa, 0xa3, 0x0, 0xe,
    0xff, 0xda, 0xaa, 0xaa, 0xaa, 0xaa, 0xaa, 0xa3,
    0xef, 0xff, 0xff, 0xff, 0xfe, 0x0, 0xe, 0xff,
    0xff, 0xff, 0xff, 0xff, 0xff, 0xff, 0xfe, 0xef,
    0xff, 0xff, 0xff, 0xfe, 0x0, 0xe, 0xff, 0xff,
    0xff, 0xff, 0xff, 0xff, 0xff, 0xfe, 0x3a, 0xaa,
    0xaa, 0xaa, 0xa3, 0x0, 0xe, 0xff, 0xda, 0xaa,
    0xaa, 0xaa, 0xaa, 0xaa, 0xa3, 0x0, 0x0, 0x0,
    0x0, 0x0, 0x0, 0xe, 0xff, 0x70, 0x0, 0x0,
    0x0, 0x0, 0x0, 0x0, 0x0, 0x0, 0x0, 0x0,
    0x0, 0x0, 0xd, 0xff, 0x60, 0x0, 0x0, 0x0,
    0x0, 0x0, 0x0, 0x0, 0x0, 0x0, 0x0, 0x0,
    0x0, 0x5, 0xec, 0x10, 0x0, 0x0, 0x0, 0x0,
    0x0, 0x0,

    /* U+E53B "" */
    0x0, 0x0, 0x0, 0x0, 0x0, 0x0, 0x4a, 0xa5,
    0x0, 0x0, 0x0, 0x0, 0x0, 0x0, 0x0, 0x0,
    0x0, 0x0, 0x0, 0xa, 0xff, 0xff, 0xa0, 0x0,
    0x0, 0x0, 0x0, 0x0, 0x0, 0x0, 0x0, 0x0,
    0x2, 0xdf, 0xff, 0xff, 0xfd, 0x20, 0x0, 0x0,
    0x0, 0x0, 0x0, 0x0, 0x0, 0x0, 0x5f, 0xff,
    0xfe, 0xef, 0xff, 0xf5, 0x0, 0x0, 0x0, 0x0,
    0x0, 0x0, 0x0, 0x8, 0xff, 0xff, 0xc1, 0x1c,
    0xff, 0xff, 0x80, 0x0, 0x0, 0x0, 0x0, 0x0,
    0x1, 0xbf, 0xff, 0xf9, 0x0, 0x0, 0x9f, 0xff,
    0xfc, 0x10, 0x0, 0x0, 0x0, 0x0, 0x3e, 0xff,
    0xff, 0x50, 0x0, 0x0, 0x5, 0xff, 0xff, 0xe3,
    0x0, 0x0, 0x0, 0x6, 0xff, 0xff, 0xd2, 0x0,
    0x0, 0x0, 0x0, 0x2d, 0xff, 0xff, 0x60, 0x0,
    0x0, 0xaf, 0xff, 0xfa, 0x0, 0x0, 0x0, 0x0,
    0x0, 0x0, 0xaf, 0xff, 0xfa, 0x0, 0x7, 0xff,
    0xff, 0x70, 0x0, 0x0, 0x0, 0x0, 0x0, 0x0,
    0x7, 0xff, 0xff, 0x80, 0xd, 0xff, 0xe3, 0x0,
    0x0, 0x0, 0x0, 0x0, 0x0, 0x0, 0x0, 0x3e,
    0xff, 0xd0, 0xd, 0xff, 0xd2, 0x0, 0x0, 0x0,
    0x0, 0x0, 0x0, 0x0, 0x0, 0x2d, 0xff, 0xd0,
    0x8, 0xff, 0xff, 0x50, 0x0, 0x0, 0x0, 0x0,
    0x0, 0x0, 0x5, 0xff, 0xff, 0x90, 0x0, 0xbf,
    0xff, 0xf8, 0x0, 0x0, 0x0, 0x0, 0x0, 0x0,
    0x8f, 0xff, 0xfc, 0x0, 0x0, 0x8, 0xff, 0xff,
    0xc1, 0x0, 0x0, 0x0, 0x0, 0x1c, 0xff, 0xff,
    0x90, 0x0, 0x0, 0x0, 0x5f, 0xff, 0xfe, 0x30,
    0x0, 0x0, 0x3, 0xef, 0xff, 0xf5, 0x0, 0x0,
    0x0, 0x0, 0x2, 0xdf, 0xff, 0xf7, 0x0, 0x0,
    0x7f, 0xff, 0xfd, 0x20, 0x0, 0x0, 0x1, 0x0,
    0x0, 0xa, 0xff, 0xff, 0xa0, 0xa, 0xff, 0xff,
    0xa0, 0x0, 0x0, 0x10, 0x7f, 0xe3, 0x0, 0x0,
    0x7f, 0xff, 0xfd, 0xdf, 0xff, 0xf7, 0x0, 0x0,
    0x3e, 0xf7, 0xef, 0xff, 0x70, 0x0, 0x3, 0xef,
    0xff, 0xff, 0xfe, 0x30, 0x0, 0x7, 0xff, 0xfe,
    0x8f, 0xff, 0xfa, 0x0, 0x0, 0x1c, 0xff, 0xff,
    0xc1, 0x0, 0x0, 0xaf, 0xff, 0xf8, 0x6, 0xff,
    0xff, 0xd2, 0x0, 0x0, 0x6c, 0xc7, 0x0, 0x0,
    0x2d, 0xff, 0xff, 0x60, 0x0, 0x3e, 0xff, 0xff,
    0x50, 0x0, 0x0, 0x0, 0x0, 0x5, 0xff, 0xff,
    0xe3, 0x0, 0x0, 0x1, 0xcf, 0xff, 0xf9, 0x0,
    0x0, 0x0, 0x0, 0x9f, 0xff, 0xfc, 0x10, 0x0,
    0x0, 0x0, 0x8, 0xff, 0xff, 0xc1, 0x0, 0x0,
    0x1c, 0xff, 0xff, 0x80, 0x0, 0x0, 0x0, 0x0,
    0x0, 0x5f, 0xff, 0xfe, 0x40, 0x4, 0xef, 0xff,
    0xf5, 0x0, 0x0, 0x0, 0x0, 0x0, 0x0, 0x2,
    0xdf, 0xff, 0xf7, 0x7f, 0xff, 0xfd, 0x20, 0x0,
    0x0, 0x0, 0x0, 0x0, 0x0, 0x0, 0xa, 0xff,
    0xff, 0xff, 0xff, 0xa0, 0x0, 0x0, 0x0, 0x0,
    0x0, 0x0, 0x0, 0x0, 0x0, 0x6f, 0xff, 0xff,
    0xf6, 0x0, 0x0, 0x0, 0x0, 0x0, 0x0, 0x0,
    0x0, 0x0, 0x0, 0x3, 0xdf, 0xfd, 0x30, 0x0,
    0x0, 0x0, 0x0, 0x0, 0x0, 0x0, 0x0, 0x0,
    0x0, 0x0, 0x3, 0x20, 0x0, 0x0, 0x0, 0x0,
    0x0, 0x0,

    /* U+E5CA "" */
    0x0, 0x0, 0x0, 0x0, 0x0, 0x0, 0x0, 0x0,
    0x0, 0x0, 0x0, 0x2, 0x40, 0x0, 0x0, 0x0,
    0x0, 0x0, 0x0, 0x0, 0x0, 0x0, 0x0, 0x0,
    0x5f, 0xf9, 0x0, 0x0, 0x0, 0x0, 0x0, 0x0,
    0x0, 0x0, 0x0, 0x0, 0x5, 0xff, 0xfd, 0x0,
    0x0, 0x0, 0x0, 0x0, 0x0, 0x0, 0x0, 0x0,
    0x0, 0x5f, 0xff, 0xf5, 0x0, 0x0, 0x0, 0x0,
    0x0, 0x0, 0x0, 0x0, 0x0, 0x5, 0xff, 0xff,
    0x60, 0x0, 0x0, 0x0, 0x0, 0x0, 0x0, 0x0,
    0x0, 0x0, 0x5f, 0xff, 0xf6, 0x0, 0x0, 0x0,
    0x0, 0x0, 0x0, 0x0, 0x0, 0x0, 0x5, 0xff,
    0xff, 0x60, 0x0, 0x0, 0x0, 0x0, 0x0, 0x0,
    0x0, 0x0, 0x0, 0x5f, 0xff, 0xf6, 0x0, 0x0,
    0x2, 0x0, 0x0, 0x0, 0x0, 0x0, 0x0, 0x5,
    0xff, 0xff, 0x60, 0x0, 0x0, 0x7f, 0xe3, 0x0,
    0x0, 0x0, 0x0, 0x0, 0x5f, 0xff, 0xf6, 0x0,
    0x0, 0x0, 0xdf, 0xff, 0x30, 0x0, 0x0, 0x0,
    0x5, 0xff, 0xff, 0x60, 0x0, 0x0, 0x0, 0x8f,
    0xff, 0xf3, 0x0, 0x0, 0x0, 0x5f, 0xff, 0xf6,
    0x0, 0x0, 0x0, 0x0, 0x9, 0xff, 0xff, 0x30,
    0x0, 0x5, 0xff, 0xff, 0x60, 0x0, 0x0, 0x0,
    0x0, 0x0, 0x9f, 0xff, 0xf3, 0x0, 0x5f, 0xff,
    0xf6, 0x0, 0x0, 0x0, 0x0, 0x0, 0x0, 0x9,
    0xff, 0xff, 0x35, 0xff, 0xff, 0x60, 0x0, 0x0,
    0x0, 0x0, 0x0, 0x0, 0x0, 0x9f, 0xff, 0xff,
    0xff, 0xf6, 0x0, 0x0, 0x0, 0x0, 0x0, 0x0,
    0x0, 0x0, 0x9, 0xff, 0xff, 0xff, 0x60, 0x0,
    0x0, 0x0, 0x0, 0x0, 0x0, 0x0, 0x0, 0x0,
    0x9f, 0xff, 0xf6, 0x0, 0x0, 0x0, 0x0, 0x0,
    0x0, 0x0, 0x0, 0x0, 0x0, 0x9, 0xff, 0x60,
    0x0, 0x0, 0x0, 0x0, 0x0, 0x0, 0x0, 0x0,
    0x0, 0x0, 0x0, 0x32, 0x0, 0x0, 0x0, 0x0,
    0x0, 0x0, 0x0, 0x0,

    /* U+E5CD "" */
    0x6e, 0xa0, 0x0, 0x0, 0x0, 0x0, 0x0, 0x0,
    0x0, 0xa, 0xe6, 0xef, 0xfc, 0x0, 0x0, 0x0,
    0x0, 0x0, 0x0, 0x0, 0xcf, 0xfe, 0xbf, 0xff,
    0xc0, 0x0, 0x0, 0x0, 0x0, 0x0, 0xc, 0xff,
    0xfa, 0xc, 0xff, 0xfc, 0x0, 0x0, 0x0, 0x0,
    0x0, 0xcf, 0xff, 0xc0, 0x0, 0xcf, 0xff, 0xc0,
    0x0, 0x0, 0x0, 0xc, 0xff, 0xfc, 0x0, 0x0,
    0xc, 0xff, 0xfc, 0x0, 0x0, 0x0, 0xcf, 0xff,
    0xc0, 0x0, 0x0, 0x0, 0xcf, 0xff, 0xc0, 0x0,
    0xc, 0xff, 0xfc, 0x0, 0x0, 0x0, 0x0, 0xc,
    0xff, 0xfc, 0x0, 0xcf, 0xff, 0xc0, 0x0, 0x0,
    0x0, 0x0, 0x0, 0xcf, 0xff, 0xcc, 0xff, 0xfc,
    0x0, 0x0, 0x0, 0x0, 0x0, 0x0, 0xc, 0xff,
    0xff, 0xff, 0xc0, 0x0, 0x0, 0x0, 0x0, 0x0,
    0x0, 0x0, 0xcf, 0xff, 0xfc, 0x0, 0x0, 0x0,
    0x0, 0x0, 0x0, 0x0, 0x0, 0xcf, 0xff, 0xfc,
    0x0, 0x0, 0x0, 0x0, 0x0, 0x0, 0x0, 0xc,
    0xff, 0xff, 0xff, 0xc0, 0x0, 0x0, 0x0, 0x0,
    0x0, 0x0, 0xcf, 0xff, 0xcc, 0xff, 0xfc, 0x0,
    0x0, 0x0, 0x0, 0x0, 0xc, 0xff, 0xfc, 0x0,
    0xcf, 0xff, 0xc0, 0x0, 0x0, 0x0, 0x0, 0xcf,
    0xff, 0xc0, 0x0, 0xc, 0xff, 0xfc, 0x0, 0x0,
    0x0, 0xc, 0xff, 0xfc, 0x0, 0x0, 0x0, 0xcf,
    0xff, 0xc0, 0x0, 0x0, 0xcf, 0xff, 0xc0, 0x0,
    0x0, 0x0, 0xc, 0xff, 0xfc, 0x0, 0xc, 0xff,
    0xfc, 0x0, 0x0, 0x0, 0x0, 0x0, 0xcf, 0xff,
    0xc0, 0xaf, 0xff, 0xc0, 0x0, 0x0, 0x0, 0x0,
    0x0, 0xc, 0xff, 0xfa, 0xef, 0xfc, 0x0, 0x0,
    0x0, 0x0, 0x0, 0x0, 0x0, 0xcf, 0xfe, 0x6e,
    0xa0, 0x0, 0x0, 0x0, 0x0, 0x0, 0x0, 0x0,
    0xb, 0xe6,

    /* U+E5CE "" */
    0x0, 0x0, 0x0, 0x0, 0x3d, 0xe4, 0x0, 0x0,
    0x0, 0x0, 0x0, 0x0, 0x0, 0x3, 0xff, 0xff,
    0x40, 0x0, 0x0, 0x0, 0x0, 0x0, 0x0, 0x3f,
    0xff, 0xff, 0xf4, 0x0, 0x0, 0x0, 0x0, 0x0,
    0x3, 0xff, 0xff, 0xff, 0xff, 0x40, 0x0, 0x0,
    0x0, 0x0, 0x3f, 0xff, 0xf8, 0x6f, 0xff, 0xf4,
    0x0, 0x0, 0x0, 0x3, 0xff, 0xff, 0x80, 0x6,
    0xff, 0xff, 0x40, 0x0, 0x0, 0x3e, 0xff, 0xf8,
    0x0, 0x0, 0x6f, 0xff, 0xf4, 0x0, 0x3, 0xef,
    0xff, 0x80, 0x0, 0x0, 0x6, 0xff, 0xff, 0x40,
    0x1e, 0xff, 0xf8, 0x0, 0x0, 0x0, 0x0, 0x6f,
    0xff, 0xf2, 0x2f, 0xff, 0x80, 0x0, 0x0, 0x0,
    0x0, 0x6, 0xff, 0xf4, 0x9, 0xe7, 0x0, 0x0,
    0x0, 0x0, 0x0, 0x0, 0x5d, 0xa0,

    /* U+E5CF "" */
    0xa, 0xf8, 0x0, 0x0, 0x0, 0x0, 0x0, 0x0,
    0x7f, 0xc0, 0x3f, 0xff, 0x90, 0x0, 0x0, 0x0,
    0x0, 0x7, 0xff, 0xf4, 0xe, 0xff, 0xf9, 0x0,
    0x0, 0x0, 0x0, 0x7f, 0xff, 0xf1, 0x2, 0xef,
    0xff, 0x90, 0x0, 0x0, 0x7, 0xff, 0xff, 0x30,
    0x0, 0x2e, 0xff, 0xf9, 0x0, 0x0, 0x7f, 0xff,
    0xf3, 0x0, 0x0, 0x2, 0xef, 0xff, 0x90, 0x7,
    0xff, 0xff, 0x30, 0x0, 0x0, 0x0, 0x2e, 0xff,
    0xf9, 0x7f, 0xff, 0xf3, 0x0, 0x0, 0x0, 0x0,
    0x2, 0xef, 0xff, 0xff, 0xff, 0x30, 0x0, 0x0,
    0x0, 0x0, 0x0, 0x2e, 0xff, 0xff, 0xf3, 0x0,
    0x0, 0x0, 0x0, 0x0, 0x0, 0x2, 0xef, 0xff,
    0x30, 0x0, 0x0, 0x0, 0x0, 0x0, 0x0, 0x0,
    0x2c, 0xd3, 0x0, 0x0, 0x0, 0x0,

    /* U+E5D5 "" */
    0x0, 0x0, 0x0, 0x0, 0x0, 0x1, 0x34, 0x43,
    0x10, 0x0, 0x0, 0x0, 0x4, 0x10, 0x0, 0x0,
    0x0, 0x0, 0x28, 0xdf, 0xff, 0xff, 0xfd, 0x82,
    0x0, 0x0, 0xbf, 0xf1, 0x0, 0x0, 0x0, 0x1a,
    0xff, 0xff, 0xff, 0xff, 0xff, 0xff, 0x91, 0x0,
    0xff, 0xf5, 0x0, 0x0, 0x4, 0xef, 0xff, 0xff,
    0xff, 0xff, 0xff, 0xff, 0xfe, 0x30, 0xff, 0xf5,
    0x0, 0x0, 0x6f, 0xff, 0xff, 0xa5, 0x20, 0x2,
    0x5a, 0xff, 0xff, 0xf4, 0xff, 0xf5, 0x0, 0x4,
    0xff, 0xff, 0xa1, 0x0, 0x0, 0x0, 0x0, 0x1b,
    0xff, 0xff, 0xff, 0xf5, 0x0, 0x1e, 0xff, 0xf6,
    0x0, 0x0, 0x0, 0x0, 0x0, 0x0, 0x7f, 0xff,
    0xff, 0xf5, 0x0, 0xaf, 0xff, 0x60, 0x0, 0x0,
    0x0, 0x0, 0x0, 0x0, 0x7, 0xff, 0xff, 0xf5,
    0x2, 0xff, 0xfa, 0x0, 0x0, 0x0, 0x0, 0x0,
    0x0, 0x0, 0x0, 0xbf, 0xff, 0xf5, 0x8, 0xff,
    0xf1, 0x0, 0x0, 0x0, 0x0, 0x0, 0xbf, 0xff,
    0xff, 0xff, 0xff, 0xf5, 0xd, 0xff, 0x90, 0x0,
    0x0, 0x0, 0x0, 0x4, 0xff, 0xff, 0xff, 0xff,
    0xff, 0xf5, 0x1f, 0xff, 0x50, 0x0, 0x0, 0x0,
    0x0, 0x1, 0xff, 0xff, 0xff, 0xff, 0xff, 0xf1,
    0x3f, 0xff, 0x20, 0x0, 0x0, 0x0, 0x0, 0x0,
    0x15, 0x55, 0x55, 0x55, 0x55, 0x10, 0x4f, 0xff,
    0x0, 0x0, 0x0, 0x0, 0x0, 0x0, 0x0, 0x0,
    0x0, 0x0, 0x0, 0x0, 0x4f, 0xff, 0x0, 0x0,
    0x0, 0x0, 0x0, 0x0, 0x0, 0x0, 0x0, 0x0,
    0x0, 0x0, 0x3f, 0xff, 0x20, 0x0, 0x0, 0x0,
    0x0, 0x0, 0x0, 0x0, 0x0, 0x0, 0x0, 0x0,
    0x1f, 0xff, 0x50, 0x0, 0x0, 0x0, 0x0, 0x0,
    0x0, 0x0, 0x0, 0x0, 0x0, 0x0, 0xd, 0xff,
    0x90, 0x0, 0x0, 0x0, 0x0, 0x0, 0x0, 0x0,
    0x0, 0x0, 0x20, 0x0, 0x8, 0xff, 0xf1, 0x0,
    0x0, 0x0, 0x0, 0x0, 0x0, 0x0, 0x0, 0x1e,
    0xfb, 0x0, 0x2, 0xff, 0xfa, 0x0, 0x0, 0x0,
    0x0, 0x0, 0x0, 0x0, 0x0, 0xaf, 0xff, 0x0,
    0x0, 0xaf, 0xff, 0x60, 0x0, 0x0, 0x0, 0x0,
    0x0, 0x0, 0x6, 0xff, 0xf9, 0x0, 0x0, 0x1e,
    0xff, 0xf6, 0x0, 0x0, 0x0, 0x0, 0x0, 0x0,
    0x6f, 0xff, 0xe1, 0x0, 0x0, 0x4, 0xff, 0xff,
    0xa1, 0x0, 0x0, 0x0, 0x0, 0x1a, 0xff, 0xff,
    0x40, 0x0, 0x0, 0x0, 0x6f, 0xff, 0xff, 0x95,
    0x20, 0x1, 0x5a, 0xff, 0xff, 0xf5, 0x0, 0x0,
    0x0, 0x0, 0x4, 0xef, 0xff, 0xff, 0xff, 0xff,
    0xff, 0xff, 0xfe, 0x40, 0x0, 0x0, 0x0, 0x0,
    0x0, 0x1a, 0xff, 0xff, 0xff, 0xff, 0xff, 0xff,
    0x91, 0x0, 0x0, 0x0, 0x0, 0x0, 0x0, 0x0,
    0x28, 0xdf, 0xff, 0xff, 0xfd, 0x82, 0x0, 0x0,
    0x0, 0x0, 0x0, 0x0, 0x0, 0x0, 0x0, 0x1,
    0x34, 0x43, 0x10, 0x0, 0x0, 0x0, 0x0, 0x0,

    /* U+E623 "" */
    0x0, 0x0, 0x0, 0x0, 0x0, 0x15, 0x77, 0x77,
    0x77, 0x77, 0x77, 0x77, 0x51, 0x0, 0x0, 0x0,
    0x0, 0x0, 0x4, 0xef, 0xff, 0xff, 0xff, 0xff,
    0xff, 0xff, 0xfe, 0x40, 0x0, 0x0, 0x0, 0x0,
    0x4f, 0xff, 0xff, 0xff, 0xff, 0xff, 0xff, 0xff,
    0xff, 0xe0, 0x0, 0x0, 0x0, 0x5, 0xff, 0xff,
    0xee, 0xee, 0xee, 0xee, 0xee, 0xee, 0xff, 0xf4,
    0x0, 0x0, 0x0, 0x5f, 0xff, 0xf7, 0x0, 0x0,
    0x0, 0x0, 0x0, 0x0, 0xff, 0xf5, 0x0, 0x0,
    0x5, 0xff, 0xff, 0x70, 0x0, 0x0, 0x0, 0x0,
    0x0, 0x0, 0xff, 0xf5, 0x0, 0x0, 0x5f, 0xff,
    0xf7, 0x0, 0x0, 0x0, 0x0, 0x0, 0x0, 0x0,
    0xff, 0xf5, 0x0, 0x5, 0xff, 0xff, 0x60, 0x0,
    0x0, 0x0, 0x0, 0x0, 0x0, 0x0, 0xff, 0xf5,
    0x0, 0x5f, 0xff, 0xf6, 0x0, 0x0, 0x0, 0x0,
    0x0, 0x0, 0x0, 0x0, 0xff, 0xf5, 0x5, 0xff,
    0xff, 0x60, 0x9, 0xfd, 0x0, 0x9f, 0xd0, 0x9,
    0xfd, 0x0, 0xff, 0xf5, 0xe, 0xff, 0xf6, 0x0,
    0xf, 0xff, 0x40, 0xff, 0xf4, 0xf, 0xff, 0x40,
    0xff, 0xf5, 0x4f, 0xff, 0x60, 0x0, 0xf, 0xff,
    0x50, 0xff, 0xf5, 0xf, 0xff, 0x50, 0xff, 0xf5,
    0x5f, 0xff, 0x0, 0x0, 0xf, 0xff, 0x50, 0xff,
    0xf5, 0xf, 0xff, 0x50, 0xff, 0xf5, 0x5f, 0xff,
    0x0, 0x0, 0xf, 0xff, 0x50, 0xff, 0xf5, 0xf,
    0xff, 0x50, 0xff, 0xf5, 0x5f, 0xff, 0x0, 0x0,
    0xb, 0xff, 0x10, 0xbf, 0xf1, 0xb, 0xff, 0x10,
    0xff, 0xf5, 0x5f, 0xff, 0x0, 0x0, 0x0, 0x41,
    0x0, 0x4, 0x10, 0x0, 0x41, 0x0, 0xff, 0xf5,
    0x5f, 0xff, 0x0, 0x0, 0x0, 0x0, 0x0, 0x0,
    0x0, 0x0, 0x0, 0x0, 0xff, 0xf5, 0x5f, 0xff,
    0x0, 0x0, 0x0, 0x0, 0x0, 0x0, 0x0, 0x0,
    0x0, 0x0, 0xff, 0xf5, 0x5f, 0xff, 0x0, 0x0,
    0x0, 0x0, 0x0, 0x0, 0x0, 0x0, 0x0, 0x0,
    0xff, 0xf5, 0x5f, 0xff, 0x0, 0x0, 0x0, 0x0,
    0x0, 0x0, 0x0, 0x0, 0x0, 0x0, 0xff, 0xf5,
    0x5f, 0xff, 0x0, 0x0, 0x0, 0x0, 0x0, 0x0,
    0x0, 0x0, 0x0, 0x0, 0xff, 0xf5, 0x5f, 0xff,
    0x0, 0x0, 0x0, 0x0, 0x0, 0x0, 0x0, 0x0,
    0x0, 0x0, 0xff, 0xf5, 0x5f, 0xff, 0x0, 0x0,
    0x0, 0x0, 0x0, 0x0, 0x0, 0x0, 0x0, 0x0,
    0xff, 0xf5, 0x5f, 0xff, 0x0, 0x0, 0x0, 0x0,
    0x0, 0x0, 0x0, 0x0, 0x0, 0x0, 0xff, 0xf5,
    0x5f, 0xff, 0x0, 0x0, 0x0, 0x0, 0x0, 0x0,
    0x0, 0x0, 0x0, 0x0, 0xff, 0xf5, 0x5f, 0xff,
    0x0, 0x0, 0x0, 0x0, 0x0, 0x0, 0x0, 0x0,
    0x0, 0x0, 0xff, 0xf5, 0x5f, 0xff, 0x0, 0x0,
    0x0, 0x0, 0x0, 0x0, 0x0, 0x0, 0x0, 0x0,
    0xff, 0xf5, 0x5f, 0xff, 0x0, 0x0, 0x0, 0x0,
    0x0, 0x0, 0x0, 0x0, 0x0, 0x0, 0xff, 0xf5,
    0x5f, 0xff, 0x0, 0x0, 0x0, 0x0, 0x0, 0x0,
    0x0, 0x0, 0x0, 0x0, 0xff, 0xf5, 0x5f, 0xff,
    0x0, 0x0, 0x0, 0x0, 0x0, 0x0, 0x0, 0x0,
    0x0, 0x0, 0xff, 0xf5, 0x4f, 0xff, 0xaa, 0xaa,
    0xaa, 0xaa, 0xaa, 0xaa, 0xaa, 0xaa, 0xaa, 0xaa,
    0xff, 0xf4, 0x1f, 0xff, 0xff, 0xff, 0xff, 0xff,
    0xff, 0xff, 0xff, 0xff, 0xff, 0xff, 0xff, 0xf1,
    0x7, 0xff, 0xff, 0xff, 0xff, 0xff, 0xff, 0xff,
    0xff, 0xff, 0xff, 0xff, 0xff, 0x70, 0x0, 0x49,
    0xaa, 0xaa, 0xaa, 0xaa, 0xaa, 0xaa, 0xaa, 0xaa,
    0xaa, 0xaa, 0x94, 0x0,

    /* U+E627 "" */
    0x0, 0x0, 0x0, 0x0, 0x0, 0x0, 0x0, 0x0,
    0x0, 0x45, 0x55, 0x55, 0x55, 0x10, 0x0, 0x0,
    0x0, 0x0, 0x0, 0x0, 0x0, 0x0, 0x9, 0xff,
    0xff, 0xff, 0xff, 0xf1, 0x0, 0x0, 0x0, 0x19,
    0xfc, 0x0, 0x0, 0x0, 0xe, 0xff, 0xff, 0xff,
    0xff, 0xf4, 0x0, 0x0, 0x3, 0xef, 0xff, 0x20,
    0x0, 0x0, 0xe, 0xff, 0xff, 0xff, 0xff, 0xb0,
    0x0, 0x0, 0x5f, 0xff, 0xfe, 0x0, 0x0, 0x0,
    0xe, 0xff, 0xff, 0xf4, 0x0, 0x0, 0x0, 0x4,
    0xff, 0xff, 0xb1, 0x0, 0x0, 0x0, 0xe, 0xff,
    0xff, 0xff, 0x30, 0x0, 0x0, 0x1e, 0xff, 0xf7,
    0x0, 0x0, 0x0, 0x0, 0xe, 0xff, 0xef, 0xff,
    0xe1, 0x0, 0x0, 0x9f, 0xff, 0x70, 0x0, 0x0,
    0x0, 0x0, 0xe, 0xff, 0x7a, 0xff, 0xf9, 0x0,
    0x2, 0xff, 0xfb, 0x0, 0x0, 0x0, 0x0, 0x0,
    0xe, 0xff, 0x70, 0xcf, 0xff, 0x20, 0x8, 0xff,
    0xf2, 0x0, 0x0, 0x0, 0x0, 0x0, 0xc, 0xff,
    0x50, 0x3f, 0xff, 0x80, 0xd, 0xff, 0xa0, 0x0,
    0x0, 0x0, 0x0, 0x0, 0x2, 0x97, 0x0, 0xb,
    0xff, 0xc0, 0x1f, 0xff, 0x50, 0x0, 0x0, 0x0,
    0x0, 0x0, 0x0, 0x0, 0x0, 0x6, 0xff, 0xf1,
    0x3f, 0xff, 0x20, 0x0, 0x0, 0x0, 0x0, 0x0,
    0x0, 0x0, 0x0, 0x2, 0xff, 0xf3, 0x4f, 0xff,
    0x0, 0x0, 0x0, 0x0, 0x0, 0x0, 0x0, 0x0,
    0x0, 0x0, 0xff, 0xf4, 0x4f, 0xff, 0x0, 0x0,
    0x0, 0x0, 0x0, 0x0, 0x0, 0x0, 0x0, 0x0,
    0xff, 0xf4, 0x3f, 0xff, 0x10, 0x0, 0x0, 0x0,
    0x0, 0x0, 0x0, 0x0, 0x0, 0x2, 0xff, 0xf3,
    0x1f, 0xff, 0x50, 0x0, 0x0, 0x0, 0x0, 0x0,
    0x0, 0x0, 0x0, 0x5, 0xff, 0xf1, 0xd, 0xff,
    0x90, 0x2, 0x97, 0x0, 0x0, 0x0, 0x0, 0x0,
    0x0, 0xa, 0xff, 0xd0, 0x9, 0xff, 0xf1, 0xc,
    0xff, 0x50, 0x0, 0x0, 0x0, 0x0, 0x0, 0x2f,
    0xff, 0x80, 0x4, 0xff, 0xf9, 0xe, 0xff, 0x70,
    0x0, 0x0, 0x0, 0x0, 0x0, 0xbf, 0xff, 0x20,
    0x0, 0xcf, 0xff, 0x5e, 0xff, 0x70, 0x0, 0x0,
    0x0, 0x0, 0x8, 0xff, 0xf9, 0x0, 0x0, 0x3f,
    0xff, 0xff, 0xff, 0x70, 0x0, 0x0, 0x0, 0x0,
    0x8f, 0xff, 0xe1, 0x0, 0x0, 0x6, 0xff, 0xff,
    0xff, 0x70, 0x0, 0x0, 0x0, 0x1c, 0xff, 0xff,
    0x40, 0x0, 0x0, 0x0, 0x6f, 0xff, 0xff, 0x70,
    0x0, 0x0, 0x0, 0xef, 0xff, 0xf5, 0x0, 0x0,
    0xb, 0xff, 0xff, 0xff, 0xff, 0x70, 0x0, 0x0,
    0x2, 0xff, 0xfe, 0x30, 0x0, 0x0, 0x4f, 0xff,
    0xff, 0xff, 0xff, 0x70, 0x0, 0x0, 0x0, 0xcf,
    0x91, 0x0, 0x0, 0x0, 0x1f, 0xff, 0xff, 0xff,
    0xff, 0x30, 0x0, 0x0, 0x0, 0x0, 0x0, 0x0,
    0x0, 0x0, 0x1, 0x55, 0x55, 0x55, 0x52, 0x0,
    0x0, 0x0, 0x0, 0x0, 0x0, 0x0, 0x0, 0x0,

    /* U+E63E "" */
    0x0, 0x0, 0x0, 0x0, 0x0, 0x0, 0x0, 0x0,
    0x1, 0x11, 0x10, 0x0, 0x0, 0x0, 0x0, 0x0,
    0x0, 0x0, 0x0, 0x0, 0x0, 0x0, 0x0, 0x0,
    0x2, 0x69, 0xce, 0xff, 0xff, 0xff, 0xec, 0x96,
    0x20, 0x0, 0x0, 0x0, 0x0, 0x0, 0x0, 0x0,
    0x0, 0x0, 0x28, 0xdf, 0xff, 0xff, 0xff, 0xff,
    0xff, 0xff, 0xff, 0xfd, 0x82, 0x0, 0x0, 0x0,
    0x0, 0x0, 0x0, 0x0, 0x4b, 0xff, 0xff, 0xff,
    0xff, 0xff, 0xff, 0xff, 0xff, 0xff, 0xff, 0xff,
    0xb4, 0x0, 0x0, 0x0, 0x0, 0x0, 0x3b, 0xff,
    0xff, 0xff, 0xff, 0xff, 0xff, 0xff, 0xff, 0xff,
    0xff, 0xff, 0xff, 0xff, 0xb3, 0x0, 0x0, 0x0,
    0x8, 0xff, 0xff, 0xff, 0xff, 0xff, 0xff, 0xfe,
    0xee, 0xef, 0xff, 0xff, 0xff, 0xff, 0xff, 0xff,
    0x80, 0x0, 0x2, 0xcf, 0xff, 0xff, 0xff, 0xff,
    0xc8, 0x42, 0x0, 0x0, 0x0, 0x24, 0x8c, 0xff,
    0xff, 0xff, 0xff, 0xfc, 0x20, 0x3e, 0xff, 0xff,
    0xff, 0xfd, 0x71, 0x0, 0x0, 0x0, 0x0, 0x0,
    0x0, 0x0, 0x17, 0xdf, 0xff, 0xff, 0xff, 0xe3,
    0xcf, 0xff, 0xff, 0xfd, 0x50, 0x0, 0x0, 0x0,
    0x0, 0x0, 0x0, 0x0, 0x0, 0x0, 0x5, 0xdf,
    0xff, 0xff, 0xfc, 0xef, 0xff, 0xff, 0x70, 0x0,
    0x0, 0x0, 0x0, 0x0, 0x0, 0x0, 0x0, 0x0,
    0x0, 0x0, 0x8, 0xff, 0xff, 0xfe, 0x8f, 0xff,
    0xd3, 0x0, 0x0, 0x0, 0x0, 0x0, 0x0, 0x11,
    0x0, 0x0, 0x0, 0x0, 0x0, 0x0, 0x3d, 0xff,
    0xf8, 0x6, 0xa7, 0x0, 0x0, 0x0, 0x0, 0x4,
    0x8c, 0xff, 0xff, 0xfe, 0xc8, 0x40, 0x0, 0x0,
    0x0, 0x0, 0x7a, 0x60, 0x0, 0x0, 0x0, 0x0,
    0x0, 0x17, 0xef, 0xff, 0xff, 0xff, 0xff, 0xff,
    0xfe, 0x71, 0x0, 0x0, 0x0, 0x0, 0x0, 0x0,
    0x0, 0x0, 0x0, 0x7, 0xff, 0xff, 0xff, 0xff,
    0xff, 0xff, 0xff, 0xff, 0xff, 0x60, 0x0, 0x0,
    0x0, 0x0, 0x0, 0x0, 0x0, 0x1, 0xcf, 0xff,
    0xff, 0xff, 0xff, 0xff, 0xff, 0xff, 0xff, 0xff,
    0xfc, 0x10, 0x0, 0x0, 0x0, 0x0, 0x0, 0x0,
    0xb, 0xff, 0xff, 0xff, 0xff, 0xff, 0xee, 0xff,
    0xff, 0xff, 0xff, 0xff, 0xb0, 0x0, 0x0, 0x0,
    0x0, 0x0, 0x0, 0xc, 0xff, 0xff, 0xff, 0xa5,
    0x10, 0x0, 0x1, 0x5a, 0xff, 0xff, 0xff, 0xd0,
    0x0, 0x0, 0x0, 0x0, 0x0, 0x0, 0x6, 0xff,
    0xff, 0x81, 0x0, 0x0, 0x0, 0x0, 0x0, 0x18,
    0xff, 0xff, 0x70, 0x0, 0x0, 0x0, 0x0, 0x0,
    0x0, 0x0, 0x59, 0x81, 0x0, 0x0, 0x0, 0x0,
    0x0, 0x0, 0x0, 0x18, 0x95, 0x0, 0x0, 0x0,
    0x0, 0x0, 0x0, 0x0, 0x0, 0x0, 0x0, 0x0,
    0x0, 0x0, 0x0, 0x0, 0x0, 0x0, 0x0, 0x0,
    0x0, 0x0, 0x0, 0x0, 0x0, 0x0, 0x0, 0x0,
    0x0, 0x0, 0x0, 0x0, 0x1, 0x44, 0x10, 0x0,
    0x0, 0x0, 0x0, 0x0, 0x0, 0x0, 0x0, 0x0,
    0x0, 0x0, 0x0, 0x0, 0x0, 0x0, 0x0, 0x7f,
    0xff, 0xf7, 0x0, 0x0, 0x0, 0x0, 0x0, 0x0,
    0x0, 0x0, 0x0, 0x0, 0x0, 0x0, 0x0, 0x0,
    0x0, 0x7, 0xff, 0xff, 0xff, 0x70, 0x0, 0x0,
    0x0, 0x0, 0x0, 0x0, 0x0, 0x0, 0x0, 0x0,
    0x0, 0x0, 0x0, 0x0, 0xe, 0xff, 0xff, 0xff,
    0xe0, 0x0, 0x0, 0x0, 0x0, 0x0, 0x0, 0x0,
    0x0, 0x0, 0x0, 0x0, 0x0, 0x0, 0x0, 0x2f,
    0xff, 0xff, 0xff, 0xf2, 0x0, 0x0, 0x0, 0x0,
    0x0, 0x0, 0x0, 0x0, 0x0, 0x0, 0x0, 0x0,
    0x0, 0x0, 0x1f, 0xff, 0xff, 0xff, 0xf1, 0x0,
    0x0, 0x0, 0x0, 0x0, 0x0, 0x0, 0x0, 0x0,
    0x0, 0x0, 0x0, 0x0, 0x0, 0xd, 0xff, 0xff,
    0xff, 0xc0, 0x0, 0x0, 0x0, 0x0, 0x0, 0x0,
    0x0, 0x0, 0x0, 0x0, 0x0, 0x0, 0x0, 0x0,
    0x3, 0xff, 0xff, 0xff, 0x30, 0x0, 0x0, 0x0,
    0x0, 0x0, 0x0, 0x0, 0x0, 0x0, 0x0, 0x0,
    0x0, 0x0, 0x0, 0x0, 0x3b, 0xff, 0xb3, 0x0,
    0x0, 0x0, 0x0, 0x0, 0x0, 0x0, 0x0,

    /* U+E648 "" */
    0x0, 0x5c, 0x90, 0x0, 0x0, 0x0, 0x0, 0x0,
    0x0, 0x0, 0x0, 0x0, 0x0, 0x0, 0x0, 0x0,
    0x0, 0x0, 0x0, 0x0, 0xef, 0xfb, 0x0, 0x0,
    0x0, 0x0, 0x15, 0x68, 0x88, 0x76, 0x52, 0x0,
    0x0, 0x0, 0x0, 0x0, 0x0, 0x0, 0x0, 0xbf,
    0xff, 0xa0, 0x0, 0x0, 0x7, 0xff, 0xff, 0xff,
    0xff, 0xff, 0xfc, 0x83, 0x0, 0x0, 0x0, 0x0,
    0x0, 0x0, 0x1d, 0xff, 0xfa, 0x0, 0x0, 0x1f,
    0xff, 0xff, 0xff, 0xff, 0xff, 0xff, 0xff, 0xe8,
    0x10, 0x0, 0x0, 0x0, 0x0, 0x1, 0xdf, 0xff,
    0xa0, 0x0, 0x2f, 0xff, 0xff, 0xff, 0xff, 0xff,
    0xff, 0xff, 0xff, 0xfa, 0x20, 0x0, 0x0, 0x0,
    0x0, 0x9f, 0xff, 0xfa, 0x0, 0xd, 0xff, 0xff,
    0xff, 0xff, 0xff, 0xff, 0xff, 0xff, 0xff, 0xf8,
    0x0, 0x0, 0x0, 0x4d, 0xff, 0xff, 0xff, 0xa0,
    0x1, 0x8a, 0x97, 0x77, 0x89, 0xbd, 0xff, 0xff,
    0xff, 0xff, 0xff, 0xe4, 0x0, 0x7, 0xff, 0xff,
    0xff, 0xff, 0xfa, 0x0, 0x0, 0x0, 0x0, 0x0,
    0x0, 0x15, 0xaf, 0xff, 0xff, 0xff, 0xff, 0x70,
    0x8f, 0xff, 0xff, 0xff, 0xff, 0xff, 0xa0, 0x0,
    0x0, 0x0, 0x0, 0x0, 0x0, 0x1, 0x7e, 0xff,
    0xff, 0xff, 0xf8, 0xef, 0xff, 0xff, 0xf8, 0x2d,
    0xff, 0xfa, 0x0, 0x0, 0x0, 0x0, 0x0, 0x0,
    0x0, 0x0, 0x7f, 0xff, 0xff, 0xfe, 0xcf, 0xff,
    0xfc, 0x20, 0x1, 0xdf, 0xff, 0xa0, 0x0, 0x0,
    0x0, 0x0, 0x0, 0x0, 0x0, 0x2, 0xcf, 0xff,
    0xfc, 0x3e, 0xff, 0x80, 0x0, 0x0, 0x1d, 0xff,
    0xfa, 0x0, 0x0, 0x0, 0x0, 0x0, 0x0, 0x0,
    0x0, 0x8, 0xff, 0xe3, 0x0, 0x31, 0x0, 0x0,
    0x0, 0x2, 0xff, 0xff, 0x90, 0x0, 0x0, 0xad,
    0x83, 0x0, 0x0, 0x0, 0x0, 0x13, 0x0, 0x0,
    0x0, 0x0, 0x0, 0x0, 0x6e, 0xff, 0xff, 0xf9,
    0x0, 0x0, 0x9f, 0xff, 0xc4, 0x0, 0x0, 0x0,
    0x0, 0x0, 0x0, 0x0, 0x0, 0x0, 0x2c, 0xff,
    0xff, 0xff, 0xff, 0x90, 0x0, 0xa, 0xff, 0xff,
    0xb1, 0x0, 0x0, 0x0, 0x0, 0x0, 0x0, 0x0,
    0x4, 0xff, 0xff, 0xff, 0xff, 0xff, 0xf9, 0x0,
    0x0, 0xaf, 0xff, 0xfe, 0x30, 0x0, 0x0, 0x0,
    0x0, 0x0, 0x0, 0xc, 0xff, 0xff, 0xff, 0xff,
    0xff, 0xff, 0x90, 0x0, 0xa, 0xff, 0xff, 0xc0,
    0x0, 0x0, 0x0, 0x0, 0x0, 0x0, 0xc, 0xff,
    0xff, 0xfc, 0x61, 0x2e, 0xff, 0xf9, 0x0, 0x0,
    0xaf, 0xff, 0xd0, 0x0, 0x0, 0x0, 0x0, 0x0,
    0x0, 0x4, 0xff, 0xfd, 0x50, 0x0, 0x2, 0xef,
    0xff, 0x90, 0x0, 0x9, 0xff, 0x50, 0x0, 0x0,
    0x0, 0x0, 0x0, 0x0, 0x0, 0x37, 0x40, 0x0,
    0x0, 0x0, 0x2e, 0xff, 0xf9, 0x0, 0x0, 0x10,
    0x0, 0x0, 0x0, 0x0, 0x0, 0x0, 0x0, 0x0,
    0x0, 0x0, 0x0, 0x0, 0x0, 0x2, 0xef, 0xff,
    0x90, 0x0, 0x0, 0x0, 0x0, 0x0, 0x0, 0x0,
    0x0, 0x0, 0x0, 0x0, 0x0, 0x0, 0x0, 0x1,
    0x44, 0x4e, 0xff, 0xf9, 0x0, 0x0, 0x0, 0x0,
    0x0, 0x0, 0x0, 0x0, 0x0, 0x0, 0x0, 0x0,
    0x0, 0x0, 0x7f, 0xff, 0xfa, 0xff, 0xff, 0x80,
    0x0, 0x0, 0x0, 0x0, 0x0, 0x0, 0x0, 0x0,
    0x0, 0x0, 0x0, 0x0, 0x7, 0xff, 0xff, 0xff,
    0xaf, 0xff, 0xf8, 0x0, 0x0, 0x0, 0x0, 0x0,
    0x0, 0x0, 0x0, 0x0, 0x0, 0x0, 0x0, 0xe,
    0xff, 0xff, 0xff, 0xe3, 0xff, 0xff, 0x80, 0x0,
    0x0, 0x0, 0x0, 0x0, 0x0, 0x0, 0x0, 0x0,
    0x0, 0x0, 0x2f, 0xff, 0xff, 0xff, 0xf2, 0x3f,
    0xff, 0xf8, 0x0, 0x0, 0x0, 0x0, 0x0, 0x0,
    0x0, 0x0, 0x0, 0x0, 0x0, 0x1f, 0xff, 0xff,
    0xff, 0xf1, 0x3, 0xff, 0xff, 0x80, 0x0, 0x0,
    0x0, 0x0, 0x0, 0x0, 0x0, 0x0, 0x0, 0x0,
    0xc, 0xff, 0xff, 0xff, 0xc0, 0x0, 0x3f, 0xff,
    0xf8, 0x0, 0x0, 0x0, 0x0, 0x0, 0x0, 0x0,
    0x0, 0x0, 0x0, 0x3, 0xff, 0xff, 0xff, 0x30,
    0x0, 0x4, 0xff, 0xff, 0x80, 0x0, 0x0, 0x0,
    0x0, 0x0, 0x0, 0x0, 0x0, 0x0, 0x0, 0x3b,
    0xff, 0xb2, 0x0, 0x0, 0x0, 0x4f, 0xff, 0xf5,
    0x0, 0x0, 0x0, 0x0, 0x0, 0x0, 0x0, 0x0,
    0x0, 0x0, 0x0, 0x0, 0x0, 0x0, 0x0, 0x0,
    0x4, 0xff, 0xf9, 0x0, 0x0, 0x0, 0x0, 0x0,
    0x0, 0x0, 0x0, 0x0, 0x0, 0x0, 0x0, 0x0,
    0x0, 0x0, 0x0, 0x0, 0x4e, 0xd2, 0x0, 0x0,

    /* U+E7F4 "" */
    0x0, 0x0, 0x0, 0x0, 0x0, 0x0, 0x18, 0x93,
    0x0, 0x0, 0x0, 0x0, 0x0, 0x0, 0x0, 0x0,
    0x0, 0x0, 0x0, 0x1, 0xef, 0xff, 0x20, 0x0,
    0x0, 0x0, 0x0, 0x0, 0x0, 0x0, 0x0, 0x0,
    0x0, 0x5, 0xff, 0xff, 0x80, 0x0, 0x0, 0x0,
    0x0, 0x0, 0x0, 0x0, 0x0, 0x0, 0x0, 0x6,
    0xff, 0xff, 0x90, 0x0, 0x0, 0x0, 0x0, 0x0,
    0x0, 0x0, 0x0, 0x0, 0x3, 0xaf, 0xff, 0xff,
    0xfb, 0x40, 0x0, 0x0, 0x0, 0x0, 0x0, 0x0,
    0x0, 0x0, 0x9f, 0xff, 0xff, 0xff, 0xff, 0xfb,
    0x10, 0x0, 0x0, 0x0, 0x0, 0x0, 0x0, 0xc,
    0xff, 0xff, 0xff, 0xff, 0xff, 0xff, 0xe2, 0x0,
    0x0, 0x0, 0x0, 0x0, 0x0, 0xbf, 0xff, 0xf8,
    0x30, 0x2, 0x7e, 0xff, 0xfd, 0x0, 0x0, 0x0,
    0x0, 0x0, 0x6, 0xff, 0xfd, 0x20, 0x0, 0x0,
    0x0, 0xbf, 0xff, 0x90, 0x0, 0x0, 0x0, 0x0,
    0xe, 0xff, 0xe1, 0x0, 0x0, 0x0, 0x0, 0xc,
    0xff, 0xf2, 0x0, 0x0, 0x0, 0x0, 0x6f, 0xff,
    0x40, 0x0, 0x0, 0x0, 0x0, 0x1, 0xff, 0xf8,
    0x0, 0x0, 0x0, 0x0, 0xaf, 0xfd, 0x0, 0x0,
    0x0, 0x0, 0x0, 0x0, 0xaf, 0xfd, 0x0, 0x0,
    0x0, 0x0, 0xcf, 0xf9, 0x0, 0x0, 0x0, 0x0,
    0x0, 0x0, 0x5f, 0xff, 0x0, 0x0, 0x0, 0x0,
    0xef, 0xf7, 0x0, 0x0, 0x0, 0x0, 0x0, 0x0,
    0x4f, 0xff, 0x10, 0x0, 0x0, 0x0, 0xef, 0xf7,
    0x0, 0x0, 0x0, 0x0, 0x0, 0x0, 0x3f, 0xff,
    0x10, 0x0, 0x0, 0x0, 0xef, 0xf7, 0x0, 0x0,
    0x0, 0x0, 0x0, 0x0, 0x3f, 0xff, 0x10, 0x0,
    0x0, 0x0, 0xef, 0xf7, 0x0, 0x0, 0x0, 0x0,
    0x0, 0x0, 0x3f, 0xff, 0x10, 0x0, 0x0, 0x0,
    0xef, 0xf7, 0x0, 0x0, 0x0, 0x0, 0x0, 0x0,
    0x3f, 0xff, 0x10, 0x0, 0x0, 0x0, 0xef, 0xf7,
    0x0, 0x0, 0x0, 0x0, 0x0, 0x0, 0x3f, 0xff,
    0x10, 0x0, 0x0, 0x0, 0xef, 0xf7, 0x0, 0x0,
    0x0, 0x0, 0x0, 0x0, 0x3f, 0xff, 0x10, 0x0,
    0x0, 0x0, 0xef, 0xf7, 0x0, 0x0, 0x0, 0x0,
    0x0, 0x0, 0x3f, 0xff, 0x10, 0x0, 0x0, 0x0,
    0xef, 0xf7, 0x0, 0x0, 0x0, 0x0, 0x0, 0x0,
    0x3f, 0xff, 0x10, 0x0, 0x0, 0x0, 0xef, 0xf7,
    0x0, 0x0, 0x0, 0x0, 0x0, 0x0, 0x3f, 0xff,
    0x10, 0x0, 0x0, 0x0, 0xef, 0xf7, 0x0, 0x0,
    0x0, 0x0, 0x0, 0x0, 0x3f, 0xff, 0x10, 0x0,
    0x0, 0x0, 0xef, 0xf7, 0x0, 0x0, 0x0, 0x0,
    0x0, 0x0, 0x3f, 0xff, 0x10, 0x0, 0x2, 0x67,
    0xff, 0xfb, 0x77, 0x77, 0x77, 0x77, 0x77, 0x77,
    0x9f, 0xff, 0x87, 0x30, 0x1f, 0xff, 0xff, 0xff,
    0xff, 0xff, 0xff, 0xff, 0xff, 0xff, 0xff, 0xff,
    0xff, 0xf3, 0x2f, 0xff, 0xff, 0xff, 0xff, 0xff,
    0xff, 0xff, 0xff, 0xff, 0xff, 0xff, 0xff, 0xf5,
    0x8, 0xde, 0xee, 0xee, 0xee, 0xee, 0xee, 0xee,
    0xee, 0xee, 0xee, 0xee, 0xee, 0xa0, 0x0, 0x0,
    0x0, 0x0, 0x0, 0x0, 0x0, 0x0, 0x0, 0x0,
    0x0, 0x0, 0x0, 0x0, 0x0, 0x0, 0x0, 0x0,
    0x0, 0x17, 0x77, 0x77, 0x72, 0x0, 0x0, 0x0,
    0x0, 0x0, 0x0, 0x0, 0x0, 0x0, 0x0, 0xf,
    0xff, 0xff, 0xf3, 0x0, 0x0, 0x0, 0x0, 0x0,
    0x0, 0x0, 0x0, 0x0, 0x0, 0x8, 0xff, 0xff,
    0xb0, 0x0, 0x0, 0x0, 0x0, 0x0, 0x0, 0x0,
    0x0, 0x0, 0x0, 0x0, 0x6c, 0xc8, 0x0, 0x0,
    0x0, 0x0, 0x0, 0x0,

    /* U+E86C "" */
    0x0, 0x0, 0x0, 0x0, 0x0, 0x0, 0x2, 0x46,
    0x77, 0x64, 0x10, 0x0, 0x0, 0x0, 0x0, 0x0,
    0x0, 0x0, 0x0, 0x0, 0x0, 0x0, 0x39, 0xef,
    0xff, 0xff, 0xff, 0xfd, 0x82, 0x0, 0x0, 0x0,
    0x0, 0x0, 0x0, 0x0, 0x0, 0x0, 0x2a, 0xff,
    0xff, 0xff, 0xff, 0xff, 0xff, 0xff, 0x91, 0x0,
    0x0, 0x0, 0x0, 0x0, 0x0, 0x0, 0x8, 0xff,
    0xff, 0xff, 0xff, 0xee, 0xff, 0xff, 0xff, 0xff,
    0x60, 0x0, 0x0, 0x0, 0x0, 0x0, 0x1, 0xbf,
    0xff, 0xfe, 0x95, 0x10, 0x0, 0x1, 0x5a, 0xff,
    0xff, 0xf9, 0x0, 0x0, 0x0, 0x0, 0x0, 0x1d,
    0xff, 0xff, 0x80, 0x0, 0x0, 0x0, 0x0, 0x0,
    0x19, 0xff, 0xff, 0xb0, 0x0, 0x0, 0x0, 0x0,
    0xcf, 0xff, 0xd1, 0x0, 0x0, 0x0, 0x0, 0x0,
    0x0, 0x0, 0x3e, 0xff, 0xf9, 0x0, 0x0, 0x0,
    0x9, 0xff, 0xfb, 0x0, 0x0, 0x0, 0x0, 0x0,
    0x0, 0x0, 0x0, 0x1, 0xdf, 0xff, 0x60, 0x0,
    0x0, 0x4f, 0xff, 0xc0, 0x0, 0x0, 0x0, 0x0,
    0x0, 0x0, 0x0, 0x0, 0x0, 0x1e, 0xff, 0xf1,
    0x0, 0x0, 0xcf, 0xfe, 0x10, 0x0, 0x0, 0x0,
    0x0, 0x0, 0x0, 0x0, 0x0, 0x0, 0x3, 0xff,
    0xf9, 0x0, 0x5, 0xff, 0xf5, 0x0, 0x0, 0x0,
    0x0, 0x0, 0x0, 0x0, 0x0, 0x0, 0x0, 0x0,
    0x8f, 0xff, 0x20, 0xc, 0xff, 0xd0, 0x0, 0x0,
    0x0, 0x0, 0x0, 0x0, 0x0, 0x0, 0x6, 0x60,
    0x0, 0x1f, 0xff, 0x90, 0x1f, 0xff, 0x60, 0x0,
    0x0, 0x0, 0x0, 0x0, 0x0, 0x0, 0x0, 0xbf,
    0xf7, 0x0, 0x9, 0xff, 0xe0, 0x5f, 0xff, 0x10,
    0x0, 0x0, 0x0, 0x0, 0x0, 0x0, 0x0, 0xb,
    0xff, 0xf8, 0x0, 0x4, 0xff, 0xf2, 0x8f, 0xfd,
    0x0, 0x0, 0x0, 0x0, 0x0, 0x0, 0x0, 0x0,
    0xbf, 0xff, 0xd1, 0x0, 0x0, 0xff, 0xf5, 0xaf,
    0xfb, 0x0, 0x0, 0x0, 0x0, 0x0, 0x0, 0x0,
    0xb, 0xff, 0xfd, 0x10, 0x0, 0x0, 0xef, 0xf7,
    0xbf, 0xfa, 0x0, 0x0, 0x3c, 0xa1, 0x0, 0x0,
    0x0, 0xbf, 0xff, 0xd1, 0x0, 0x0, 0x0, 0xdf,
    0xf8, 0xbf, 0xf9, 0x0, 0x0, 0xbf, 0xfc, 0x10,
    0x0, 0xb, 0xff, 0xfd, 0x10, 0x0, 0x0, 0x0,
    0xcf, 0xf8, 0xbf, 0xfb, 0x0, 0x0, 0x9f, 0xff,
    0xc1, 0x0, 0xbf, 0xff, 0xd1, 0x0, 0x0, 0x0,
    0x0, 0xef, 0xf8, 0x9f, 0xfc, 0x0, 0x0, 0xb,
    0xff, 0xfc, 0x1b, 0xff, 0xfd, 0x10, 0x0, 0x0,
    0x0, 0x0, 0xff, 0xf6, 0x6f, 0xff, 0x0, 0x0,
    0x0, 0xbf, 0xff, 0xff, 0xff, 0xd1, 0x0, 0x0,
    0x0, 0x0, 0x3, 0xff, 0xf3, 0x3f, 0xff, 0x40,
    0x0, 0x0, 0xb, 0xff, 0xff, 0xfd, 0x10, 0x0,
    0x0, 0x0, 0x0, 0x7, 0xff, 0xf0, 0xe, 0xff,
    0xa0, 0x0, 0x0, 0x0, 0xbf, 0xff, 0xd1, 0x0,
    0x0, 0x0, 0x0, 0x0, 0xd, 0xff, 0xb0, 0x8,
    0xff, 0xf2, 0x0, 0x0, 0x0, 0xb, 0xfc, 0x10,
    0x0, 0x0, 0x0, 0x0, 0x0, 0x5f, 0xff, 0x50,
    0x1, 0xff, 0xfb, 0x0, 0x0, 0x0, 0x0, 0x20,
    0x0, 0x0, 0x0, 0x0, 0x0, 0x0, 0xdf, 0xfd,
    0x0, 0x0, 0x7f, 0xff, 0x80, 0x0, 0x0, 0x0,
    0x0, 0x0, 0x0, 0x0, 0x0, 0x0, 0xa, 0xff,
    0xf4, 0x0, 0x0, 0xd, 0xff, 0xf5, 0x0, 0x0,
    0x0, 0x0, 0x0, 0x0, 0x0, 0x0, 0x0, 0x8f,
    0xff, 0xb0, 0x0, 0x0, 0x2, 0xff, 0xff, 0x70,
    0x0, 0x0, 0x0, 0x0, 0x0, 0x0, 0x0, 0xa,
    0xff, 0xfd, 0x10, 0x0, 0x0, 0x0, 0x4f, 0xff,
    0xfb, 0x20, 0x0, 0x0, 0x0, 0x0, 0x0, 0x3,
    0xcf, 0xff, 0xf2, 0x0, 0x0, 0x0, 0x0, 0x5,
    0xff, 0xff, 0xf9, 0x30, 0x0, 0x0, 0x0, 0x4,
    0xbf, 0xff, 0xfe, 0x30, 0x0, 0x0, 0x0, 0x0,
    0x0, 0x2d, 0xff, 0xff, 0xfe, 0xb9, 0x88, 0xab,
    0xff, 0xff, 0xff, 0xc1, 0x0, 0x0, 0x0, 0x0,
    0x0, 0x0, 0x0, 0x8f, 0xff, 0xff, 0xff, 0xff,
    0xff, 0xff, 0xff, 0xe6, 0x0, 0x0, 0x0, 0x0,
    0x0, 0x0, 0x0, 0x0, 0x1, 0x9e, 0xff, 0xff,
    0xff, 0xff, 0xff, 0xe7, 0x0, 0x0, 0x0, 0x0,
    0x0, 0x0, 0x0, 0x0, 0x0, 0x0, 0x0, 0x48,
    0xac, 0xdd, 0xca, 0x73, 0x0, 0x0, 0x0, 0x0,
    0x0, 0x0,

    /* U+E872 "" */
    0x0, 0x0, 0x0, 0x0, 0x7, 0xff, 0xff, 0xff,
    0xff, 0x70, 0x0, 0x0, 0x0, 0x0, 0x1, 0x45,
    0x55, 0x55, 0x5f, 0xff, 0xff, 0xff, 0xff, 0xf5,
    0x55, 0x55, 0x55, 0x20, 0xe, 0xff, 0xff, 0xff,
    0xff, 0xff, 0xff, 0xff, 0xff, 0xff, 0xff, 0xff,
    0xff, 0xf2, 0x2f, 0xff, 0xff, 0xff, 0xff, 0xff,
    0xff, 0xff, 0xff, 0xff, 0xff, 0xff, 0xff, 0xf5,
    0xa, 0xff, 0xff, 0xff, 0xff, 0xff, 0xff, 0xff,
    0xff, 0xff, 0xff, 0xff, 0xff, 0xc1, 0x0, 0xaf,
    0xfa, 0x0, 0x0, 0x0, 0x0, 0x0, 0x0, 0x0,
    0x0, 0xaf, 0xfb, 0x0, 0x0, 0xaf, 0xfa, 0x0,
    0x0, 0x0, 0x0, 0x0, 0x0, 0x0, 0x0, 0xaf,
    0xfb, 0x0, 0x0, 0xaf, 0xfa, 0x0, 0x0, 0x0,
    0x0, 0x0, 0x0, 0x0, 0x0, 0xaf, 0xfb, 0x0,
    0x0, 0xaf, 0xfa, 0x0, 0x3, 0x96, 0x0, 0x0,
    0x69, 0x30, 0x0, 0xaf, 0xfb, 0x0, 0x0, 0xaf,
    0xfa, 0x0, 0xe, 0xff, 0x30, 0x3, 0xff, 0xe0,
    0x0, 0xaf, 0xfb, 0x0, 0x0, 0xaf, 0xfa, 0x0,
    0xf, 0xff, 0x50, 0x5, 0xff, 0xf0, 0x0, 0xaf,
    0xfb, 0x0, 0x0, 0xaf, 0xfa, 0x0, 0xf, 0xff,
    0x50, 0x5, 0xff, 0xf0, 0x0, 0xaf, 0xfb, 0x0,
    0x0, 0xaf, 0xfa, 0x0, 0xf, 0xff, 0x50, 0x5,
    0xff, 0xf0, 0x0, 0xaf, 0xfb, 0x0, 0x0, 0xaf,
    0xfa, 0x0, 0xf, 0xff, 0x50, 0x5, 0xff, 0xf0,
    0x0, 0xaf, 0xfb, 0x0, 0x0, 0xaf, 0xfa, 0x0,
    0xf, 0xff, 0x50, 0x5, 0xff, 0xf0, 0x0, 0xaf,
    0xfb, 0x0, 0x0, 0xaf, 0xfa, 0x0, 0xf, 0xff,
    0x50, 0x5, 0xff, 0xf0, 0x0, 0xaf, 0xfb, 0x0,
    0x0, 0xaf, 0xfa, 0x0, 0xf, 0xff, 0x50, 0x5,
    0xff, 0xf0, 0x0, 0xaf, 0xfb, 0x0, 0x0, 0xaf,
    0xfa, 0x0, 0xf, 0xff, 0x50, 0x5, 0xff, 0xf0,
    0x0, 0xaf, 0xfb, 0x0, 0x0, 0xaf, 0xfa, 0x0,
    0xf, 0xff, 0x50, 0x5, 0xff, 0xf0, 0x0, 0xaf,
    0xfb, 0x0, 0x0, 0xaf, 0xfa, 0x0, 0xf, 0xff,
    0x50, 0x5, 0xff, 0xf0, 0x0, 0xaf, 0xfb, 0x0,
    0x0, 0xaf, 0xfa, 0x0, 0xf, 0xff, 0x50, 0x5,
    0xff, 0xf0, 0x0, 0xaf, 0xfb, 0x0, 0x0, 0xaf,
    0xfa, 0x0, 0xf, 0xff, 0x50, 0x5, 0xff, 0xf0,
    0x0, 0xaf, 0xfb, 0x0, 0x0, 0xaf, 0xfa, 0x0,
    0xb, 0xff, 0x10, 0x1, 0xff, 0xb0, 0x0, 0xaf,
    0xfb, 0x0, 0x0, 0xaf, 0xfa, 0x0, 0x0, 0x41,
    0x0, 0x0, 0x14, 0x0, 0x0, 0xaf, 0xfb, 0x0,
    0x0, 0xaf, 0xfa, 0x0, 0x0, 0x0, 0x0, 0x0,
    0x0, 0x0, 0x0, 0xaf, 0xfb, 0x0, 0x0, 0xaf,
    0xfa, 0x0, 0x0, 0x0, 0x0, 0x0, 0x0, 0x0,
    0x0, 0xaf, 0xfb, 0x0, 0x0, 0xaf, 0xfc, 0x55,
    0x55, 0x55, 0x55, 0x55, 0x55, 0x55, 0x55, 0xbf,
    0xfb, 0x0, 0x0, 0x8f, 0xff, 0xff, 0xff, 0xff,
    0xff, 0xff, 0xff, 0xff, 0xff, 0xff, 0xf9, 0x0,
    0x0, 0x1f, 0xff, 0xff, 0xff, 0xff, 0xff, 0xff,
    0xff, 0xff, 0xff, 0xff, 0xf2, 0x0, 0x0, 0x2,
    0xbf, 0xff, 0xff, 0xff, 0xff, 0xff, 0xff, 0xff,
    0xff, 0xfc, 0x30, 0x0,

    /* U+E887 "" */
    0x0, 0x0, 0x0, 0x0, 0x0, 0x0, 0x2, 0x46,
    0x77, 0x64, 0x10, 0x0, 0x0, 0x0, 0x0, 0x0,
    0x0, 0x0, 0x0, 0x0, 0x0, 0x0, 0x39, 0xef,
    0xff, 0xff, 0xff, 0xfd, 0x82, 0x0, 0x0, 0x0,
    0x0, 0x0, 0x0, 0x0, 0x0, 0x0, 0x2a, 0xff,
    0xff, 0xff, 0xff, 0xff, 0xff, 0xff, 0x91, 0x0,
    0x0, 0x0, 0x0, 0x0, 0x0, 0x0, 0x8, 0xff,
    0xff, 0xff, 0xff, 0xee, 0xff, 0xff, 0xff, 0xff,
    0x60, 0x0, 0x0, 0x0, 0x0, 0x0, 0x1, 0xbf,
    0xff, 0xfe, 0x95, 0x10, 0x0, 0x1, 0x5a, 0xff,
    0xff, 0xf9, 0x0, 0x0, 0x0, 0x0, 0x0, 0x1d,
    0xff, 0xff, 0x80, 0x0, 0x0, 0x0, 0x0, 0x0,
    0x19, 0xff, 0xff, 0xb0, 0x0, 0x0, 0x0, 0x0,
    0xcf, 0xff, 0xd1, 0x0, 0x0, 0x0, 0x0, 0x0,
    0x0, 0x0, 0x3e, 0xff, 0xf9, 0x0, 0x0, 0x0,
    0x9, 0xff, 0xfb, 0x0, 0x0, 0x0, 0x59, 0xcc,
    0xa5, 0x0, 0x0, 0x1, 0xdf, 0xff, 0x60, 0x0,
    0x0, 0x4f, 0xff, 0xc0, 0x0, 0x0, 0x2d, 0xff,
    0xff, 0xff, 0xd2, 0x0, 0x0, 0x1e, 0xff, 0xf1,
    0x0, 0x0, 0xcf, 0xfe, 0x10, 0x0, 0x0, 0xdf,
    0xff, 0xee, 0xff, 0xfe, 0x10, 0x0, 0x3, 0xff,
    0xf9, 0x0, 0x5, 0xff, 0xf5, 0x0, 0x0, 0x4,
    0xff, 0xe4, 0x0, 0x4f, 0xff, 0x80, 0x0, 0x0,
    0x8f, 0xff, 0x20, 0xc, 0xff, 0xd0, 0x0, 0x0,
    0x1, 0xbc, 0x30, 0x0, 0x8, 0xff, 0xc0, 0x0,
    0x0, 0x1f, 0xff, 0x90, 0x1f, 0xff, 0x60, 0x0,
    0x0, 0x0, 0x0, 0x0, 0x0, 0x6, 0xff, 0xc0,
    0x0, 0x0, 0x9, 0xff, 0xe0, 0x5f, 0xff, 0x10,
    0x0, 0x0, 0x0, 0x0, 0x0, 0x0, 0xb, 0xff,
    0x80, 0x0, 0x0, 0x4, 0xff, 0xf2, 0x8f, 0xfd,
    0x0, 0x0, 0x0, 0x0, 0x0, 0x0, 0x0, 0x8f,
    0xfe, 0x10, 0x0, 0x0, 0x0, 0xff, 0xf5, 0xaf,
    0xfb, 0x0, 0x0, 0x0, 0x0, 0x0, 0x0, 0x7,
    0xff, 0xf4, 0x0, 0x0, 0x0, 0x0, 0xef, 0xf7,
    0xbf, 0xfa, 0x0, 0x0, 0x0, 0x0, 0x0, 0x0,
    0x6f, 0xff, 0x50, 0x0, 0x0, 0x0, 0x0, 0xdf,
    0xf8, 0xbf, 0xf9, 0x0, 0x0, 0x0, 0x0, 0x0,
    0x2, 0xff, 0xf6, 0x0, 0x0, 0x0, 0x0, 0x0,
    0xcf, 0xf8, 0xbf, 0xfb, 0x0, 0x0, 0x0, 0x0,
    0x0, 0x7, 0xff, 0xb0, 0x0, 0x0, 0x0, 0x0,
    0x0, 0xef, 0xf8, 0x9f, 0xfc, 0x0, 0x0, 0x0,
    0x0, 0x0, 0x8, 0xff, 0x50, 0x0, 0x0, 0x0,
    0x0, 0x0, 0xff, 0xf6, 0x6f, 0xff, 0x0, 0x0,
    0x0, 0x0, 0x0, 0x0, 0x86, 0x0, 0x0, 0x0,
    0x0, 0x0, 0x3, 0xff, 0xf3, 0x3f, 0xff, 0x40,
    0x0, 0x0, 0x0, 0x0, 0x0, 0x0, 0x0, 0x0,
    0x0, 0x0, 0x0, 0x7, 0xff, 0xf0, 0xe, 0xff,
    0xa0, 0x0, 0x0, 0x0, 0x0, 0x0, 0x10, 0x0,
    0x0, 0x0, 0x0, 0x0, 0xd, 0xff, 0xb0, 0x8,
    0xff, 0xf2, 0x0, 0x0, 0x0, 0x0, 0x9, 0xff,
    0x40, 0x0, 0x0, 0x0, 0x0, 0x5f, 0xff, 0x50,
    0x1, 0xff, 0xfb, 0x0, 0x0, 0x0, 0x0, 0x2f,
    0xff, 0xc0, 0x0, 0x0, 0x0, 0x0, 0xdf, 0xfd,
    0x0, 0x0, 0x7f, 0xff, 0x80, 0x0, 0x0, 0x0,
    0x2f, 0xff, 0xd0, 0x0, 0x0, 0x0, 0xa, 0xff,
    0xf4, 0x0, 0x0, 0xd, 0xff, 0xf5, 0x0, 0x0,
    0x0, 0x9, 0xff, 0x40, 0x0, 0x0, 0x0, 0x8f,
    0xff, 0xb0, 0x0, 0x0, 0x2, 0xff, 0xff, 0x70,
    0x0, 0x0, 0x0, 0x10, 0x0, 0x0, 0x0, 0xa,
    0xff, 0xfd, 0x10, 0x0, 0x0, 0x0, 0x4f, 0xff,
    0xfb, 0x20, 0x0, 0x0, 0x0, 0x0, 0x0, 0x3,
    0xcf, 0xff, 0xf2, 0x0, 0x0, 0x0, 0x0, 0x5,
    0xff, 0xff, 0xf9, 0x30, 0x0, 0x0, 0x0, 0x4,
    0xbf, 0xff, 0xfe, 0x30, 0x0, 0x0, 0x0, 0x0,
    0x0, 0x2d, 0xff, 0xff, 0xfe, 0xb9, 0x88, 0xab,
    0xff, 0xff, 0xff, 0xc1, 0x0, 0x0, 0x0, 0x0,
    0x0, 0x0, 0x0, 0x8f, 0xff, 0xff, 0xff, 0xff,
    0xff, 0xff, 0xff, 0xe6, 0x0, 0x0, 0x0, 0x0,
    0x0, 0x0, 0x0, 0x0, 0x1, 0x9e, 0xff, 0xff,
    0xff, 0xff, 0xff, 0xe7, 0x0, 0x0, 0x0, 0x0,
    0x0, 0x0, 0x0, 0x0, 0x0, 0x0, 0x0, 0x48,
    0xac, 0xdd, 0xca, 0x73, 0x0, 0x0, 0x0, 0x0,
    0x0, 0x0,

    /* U+E88A "" */
    0x0, 0x0, 0x0, 0x0, 0x0, 0x0, 0x1, 0x10,
    0x0, 0x0, 0x0, 0x0, 0x0, 0x0, 0x0, 0x0,
    0x0, 0x0, 0x0, 0x2, 0xcf, 0xfc, 0x20, 0x0,
    0x0, 0x0, 0x0, 0x0, 0x0, 0x0, 0x0, 0x0,
    0x0, 0x5f, 0xff, 0xff, 0xf5, 0x0, 0x0, 0x0,
    0x0, 0x0, 0x0, 0x0, 0x0, 0x0, 0x9, 0xff,
    0xff, 0xff, 0xff, 0x90, 0x0, 0x0, 0x0, 0x0,
    0x0, 0x0, 0x0, 0x2, 0xdf, 0xff, 0xf8, 0x8f,
    0xff, 0xfd, 0x20, 0x0, 0x0, 0x0, 0x0, 0x0,
    0x0, 0x5f, 0xff, 0xfe, 0x40, 0x4, 0xef, 0xff,
    0xf5, 0x0, 0x0, 0x0, 0x0, 0x0, 0x9, 0xff,
    0xff, 0xc1, 0x0, 0x0, 0x1c, 0xff, 0xff, 0x90,
    0x0, 0x0, 0x0, 0x2, 0xdf, 0xff, 0xf8, 0x0,
    0x0, 0x0, 0x0, 0x8f, 0xff, 0xfd, 0x20, 0x0,
    0x0, 0x5f, 0xff, 0xfe, 0x40, 0x0, 0x0, 0x0,
    0x0, 0x4, 0xef, 0xff, 0xf5, 0x0, 0x7, 0xff,
    0xff, 0xc1, 0x0, 0x0, 0x0, 0x0, 0x0, 0x0,
    0x1c, 0xff, 0xff, 0x70, 0x1f, 0xff, 0xf8, 0x0,
    0x0, 0x0, 0x0, 0x0, 0x0, 0x0, 0x0, 0x8f,
    0xff, 0xf1, 0x4f, 0xff, 0x40, 0x0, 0x0, 0x0,
    0x0, 0x0, 0x0, 0x0, 0x0, 0x4, 0xff, 0xf4,
    0x5f, 0xff, 0x0, 0x0, 0x0, 0x0, 0x0, 0x0,
    0x0, 0x0, 0x0, 0x0, 0xff, 0xf5, 0x5f, 0xff,
    0x0, 0x0, 0x0, 0x0, 0x0, 0x0, 0x0, 0x0,
    0x0, 0x0, 0xff, 0xf5, 0x5f, 0xff, 0x0, 0x0,
    0x0, 0x0, 0x0, 0x0, 0x0, 0x0, 0x0, 0x0,
    0xff, 0xf5, 0x5f, 0xff, 0x0, 0x0, 0x0, 0x0,
    0x0, 0x0, 0x0, 0x0, 0x0, 0x0, 0xff, 0xf5,
    0x5f, 0xff, 0x0, 0x0, 0x0, 0x45, 0x55, 0x55,
    0x54, 0x0, 0x0, 0x0, 0xff, 0xf5, 0x5f, 0xff,
    0x0, 0x0, 0xb, 0xff, 0xff, 0xff, 0xff, 0xb0,
    0x0, 0x0, 0xff, 0xf5, 0x5f, 0xff, 0x0, 0x0,
    0xf, 0xff, 0xff, 0xff, 0xff, 0xf0, 0x0, 0x0,
    0xff, 0xf5, 0x5f, 0xff, 0x0, 0x0, 0xf, 0xff,
    0xff, 0xff, 0xff, 0xf0, 0x0, 0x0, 0xff, 0xf5,
    0x5f, 0xff, 0x0, 0x0, 0xf, 0xff, 0x50, 0x5,
    0xff, 0xf0, 0x0, 0x0, 0xff, 0xf5, 0x5f, 0xff,
    0x0, 0x0, 0xf, 0xff, 0x50, 0x5, 0xff, 0xf0,
    0x0, 0x0, 0xff, 0xf5, 0x5f, 0xff, 0x0, 0x0,
    0xf, 0xff, 0x50, 0x5, 0xff, 0xf0, 0x0, 0x0,
    0xff, 0xf5, 0x5f, 0xff, 0x0, 0x0, 0xf, 0xff,
    0x50, 0x5, 0xff, 0xf0, 0x0, 0x0, 0xff, 0xf5,
    0x5f, 0xff, 0x0, 0x0, 0xf, 0xff, 0x50, 0x5,
    0xff, 0xf0, 0x0, 0x0, 0xff, 0xf5, 0x5f, 0xff,
    0x0, 0x0, 0xf, 0xff, 0x50, 0x5, 0xff, 0xf0,
    0x0, 0x0, 0xff, 0xf5, 0x5f, 0xff, 0x55, 0x55,
    0x5f, 0xff, 0x50, 0x5, 0xff, 0xf5, 0x55, 0x55,
    0xff, 0xf5, 0x2f, 0xff, 0xff, 0xff, 0xff, 0xff,
    0x50, 0x5, 0xff, 0xff, 0xff, 0xff, 0xff, 0xf2,
    0xb, 0xff, 0xff, 0xff, 0xff, 0xff, 0x40, 0x4,
    0xff, 0xff, 0xff, 0xff, 0xff, 0xb0, 0x0, 0x9e,
    0xff, 0xff, 0xff, 0xfb, 0x0, 0x0, 0xbf, 0xff,
    0xff, 0xff, 0xe9, 0x0,

    /* U+E88E "" */
    0x0, 0x0, 0x0, 0x0, 0x0, 0x0, 0x2, 0x46,
    0x77, 0x64, 0x10, 0x0, 0x0, 0x0, 0x0, 0x0,
    0x0, 0x0, 0x0, 0x0, 0x0, 0x0, 0x39, 0xef,
    0xff, 0xff, 0xff, 0xfd, 0x82, 0x0, 0x0, 0x0,
    0x0, 0x0, 0x0, 0x0, 0x0, 0x0, 0x2a, 0xff,
    0xff, 0xff, 0xff, 0xff, 0xff, 0xff, 0x91, 0x0,
    0x0, 0x0, 0x0, 0x0, 0x0, 0x0, 0x8, 0xff,
    0xff, 0xff, 0xff, 0xee, 0xff, 0xff, 0xff, 0xff,
    0x60, 0x0, 0x0, 0x0, 0x0, 0x0, 0x1, 0xbf,
    0xff, 0xfe, 0x95, 0x10, 0x0, 0x1, 0x5a, 0xff,
    0xff, 0xf9, 0x0, 0x0, 0x0, 0x0, 0x0, 0x1d,
    0xff, 0xff, 0x80, 0x0, 0x0, 0x0, 0x0, 0x0,
    0x19, 0xff, 0xff, 0xb0, 0x0, 0x0, 0x0, 0x0,
    0xcf, 0xff, 0xd1, 0x0, 0x0, 0x0, 0x0, 0x0,
    0x0, 0x0, 0x3e, 0xff, 0xf9, 0x0, 0x0, 0x0,
    0x9, 0xff, 0xfb, 0x0, 0x0, 0x0, 0x0, 0x0,
    0x0, 0x0, 0x0, 0x1, 0xdf, 0xff, 0x60, 0x0,
    0x0, 0x4f, 0xff, 0xc0, 0x0, 0x0, 0x0, 0x0,
    0x10, 0x0, 0x0, 0x0, 0x0, 0x1e, 0xff, 0xf1,
    0x0, 0x0, 0xcf, 0xfe, 0x10, 0x0, 0x0, 0x0,
    0x6, 0xff, 0x30, 0x0, 0x0, 0x0, 0x3, 0xff,
    0xf9, 0x0, 0x5, 0xff, 0xf5, 0x0, 0x0, 0x0,
    0x0, 0xb, 0xff, 0x80, 0x0, 0x0, 0x0, 0x0,
    0x8f, 0xff, 0x20, 0xc, 0xff, 0xd0, 0x0, 0x0,
    0x0, 0x0, 0x4, 0xed, 0x20, 0x0, 0x0, 0x0,
    0x0, 0x1f, 0xff, 0x90, 0x1f, 0xff, 0x60, 0x0,
    0x0, 0x0, 0x0, 0x0, 0x0, 0x0, 0x0, 0x0,
    0x0, 0x0, 0x9, 0xff, 0xe0, 0x5f, 0xff, 0x10,
    0x0, 0x0, 0x0, 0x0, 0x0, 0x0, 0x0, 0x0,
    0x0, 0x0, 0x0, 0x4, 0xff, 0xf2, 0x8f, 0xfd,
    0x0, 0x0, 0x0, 0x0, 0x0, 0x0, 0x0, 0x0,
    0x0, 0x0, 0x0, 0x0, 0x0, 0xff, 0xf5, 0xaf,
    0xfb, 0x0, 0x0, 0x0, 0x0, 0x0, 0x1, 0x98,
    0x0, 0x0, 0x0, 0x0, 0x0, 0x0, 0xef, 0xf7,
    0xbf, 0xfa, 0x0, 0x0, 0x0, 0x0, 0x0, 0xa,
    0xff, 0x70, 0x0, 0x0, 0x0, 0x0, 0x0, 0xdf,
    0xf8, 0xbf, 0xf9, 0x0, 0x0, 0x0, 0x0, 0x0,
    0xc, 0xff, 0x90, 0x0, 0x0, 0x0, 0x0, 0x0,
    0xcf, 0xf8, 0xbf, 0xfb, 0x0, 0x0, 0x0, 0x0,
    0x0, 0xc, 0xff, 0x90, 0x0, 0x0, 0x0, 0x0,
    0x0, 0xef, 0xf8, 0x9f, 0xfc, 0x0, 0x0, 0x0,
    0x0, 0x0, 0xc, 0xff, 0x90, 0x0, 0x0, 0x0,
    0x0, 0x0, 0xff, 0xf6, 0x6f, 0xff, 0x0, 0x0,
    0x0, 0x0, 0x0, 0xc, 0xff, 0x90, 0x0, 0x0,
    0x0, 0x0, 0x3, 0xff, 0xf3, 0x3f, 0xff, 0x40,
    0x0, 0x0, 0x0, 0x0, 0xc, 0xff, 0x90, 0x0,
    0x0, 0x0, 0x0, 0x7, 0xff, 0xf0, 0xe, 0xff,
    0xa0, 0x0, 0x0, 0x0, 0x0, 0xc, 0xff, 0x90,
    0x0, 0x0, 0x0, 0x0, 0xd, 0xff, 0xb0, 0x8,
    0xff, 0xf2, 0x0, 0x0, 0x0, 0x0, 0xc, 0xff,
    0x90, 0x0, 0x0, 0x0, 0x0, 0x5f, 0xff, 0x50,
    0x1, 0xff, 0xfb, 0x0, 0x0, 0x0, 0x0, 0x9,
    0xff, 0x60, 0x0, 0x0, 0x0, 0x0, 0xdf, 0xfd,
    0x0, 0x0, 0x7f, 0xff, 0x80, 0x0, 0x0, 0x0,
    0x0, 0x65, 0x0, 0x0, 0x0, 0x0, 0xa, 0xff,
    0xf4, 0x0, 0x0, 0xd, 0xff, 0xf5, 0x0, 0x0,
    0x0, 0x0, 0x0, 0x0, 0x0, 0x0, 0x0, 0x8f,
    0xff, 0xb0, 0x0, 0x0, 0x2, 0xff, 0xff, 0x70,
    0x0, 0x0, 0x0, 0x0, 0x0, 0x0, 0x0, 0xa,
    0xff, 0xfd, 0x10, 0x0, 0x0, 0x0, 0x4f, 0xff,
    0xfb, 0x20, 0x0, 0x0, 0x0, 0x0, 0x0, 0x3,
    0xcf, 0xff, 0xf2, 0x0, 0x0, 0x0, 0x0, 0x5,
    0xff, 0xff, 0xf9, 0x30, 0x0, 0x0, 0x0, 0x4,
    0xbf, 0xff, 0xfe, 0x30, 0x0, 0x0, 0x0, 0x0,
    0x0, 0x2d, 0xff, 0xff, 0xfe, 0xb9, 0x88, 0xab,
    0xff, 0xff, 0xff, 0xc1, 0x0, 0x0, 0x0, 0x0,
    0x0, 0x0, 0x0, 0x8f, 0xff, 0xff, 0xff, 0xff,
    0xff, 0xff, 0xff, 0xe6, 0x0, 0x0, 0x0, 0x0,
    0x0, 0x0, 0x0, 0x0, 0x1, 0x9e, 0xff, 0xff,
    0xff, 0xff, 0xff, 0xe7, 0x0, 0x0, 0x0, 0x0,
    0x0, 0x0, 0x0, 0x0, 0x0, 0x0, 0x0, 0x48,
    0xac, 0xdd, 0xca, 0x73, 0x0, 0x0, 0x0, 0x0,
    0x0, 0x0,

    /* U+E8AC "" */
    0x0, 0x0, 0x0, 0x0, 0x0, 0x0, 0x0, 0x1,
    0x64, 0x0, 0x0, 0x0, 0x0, 0x0, 0x0, 0x0,
    0x0, 0x0, 0x0, 0x0, 0x0, 0x0, 0x0, 0x0,
    0xb, 0xff, 0x30, 0x0, 0x0, 0x0, 0x0, 0x0,
    0x0, 0x0, 0x0, 0x0, 0x0, 0x0, 0x0, 0x0,
    0x0, 0xe, 0xff, 0x60, 0x0, 0x0, 0x0, 0x0,
    0x0, 0x0, 0x0, 0x0, 0x0, 0x0, 0x0, 0x0,
    0x0, 0x0, 0xe, 0xff, 0x60, 0x0, 0x0, 0x0,
    0x0, 0x0, 0x0, 0x0, 0x0, 0x0, 0x0, 0x0,
    0x0, 0x0, 0x0, 0xe, 0xff, 0x60, 0x0, 0x0,
    0x0, 0x0, 0x0, 0x0, 0x0, 0x0, 0x0, 0x0,
    0x0, 0x0, 0x0, 0x0, 0xe, 0xff, 0x60, 0x0,
    0x0, 0x0, 0x0, 0x0, 0x0, 0x0, 0x0, 0x0,
    0xce, 0x40, 0x0, 0x0, 0x0, 0xe, 0xff, 0x60,
    0x0, 0x0, 0x0, 0xb, 0xf5, 0x0, 0x0, 0x0,
    0x9, 0xff, 0xd0, 0x0, 0x0, 0x0, 0xe, 0xff,
    0x60, 0x0, 0x0, 0x0, 0x5f, 0xff, 0x20, 0x0,
    0x0, 0x4f, 0xff, 0xa0, 0x0, 0x0, 0x0, 0xe,
    0xff, 0x60, 0x0, 0x0, 0x0, 0x2f, 0xff, 0xc0,
    0x0, 0x0, 0xdf, 0xff, 0x10, 0x0, 0x0, 0x0,
    0xe, 0xff, 0x60, 0x0, 0x0, 0x0, 0x8, 0xff,
    0xf5, 0x0, 0x5, 0xff, 0xf6, 0x0, 0x0, 0x0,
    0x0, 0xe, 0xff, 0x60, 0x0, 0x0, 0x0, 0x0,
    0xdf, 0xfc, 0x0, 0xc, 0xff, 0xe0, 0x0, 0x0,
    0x0, 0x0, 0xe, 0xff, 0x60, 0x0, 0x0, 0x0,
    0x0, 0x6f, 0xff, 0x30, 0x1f, 0xff, 0x70, 0x0,
    0x0, 0x0, 0x0, 0xe, 0xff, 0x60, 0x0, 0x0,
    0x0, 0x0, 0xe, 0xff, 0x90, 0x5f, 0xff, 0x20,
    0x0, 0x0, 0x0, 0x0, 0xe, 0xff, 0x60, 0x0,
    0x0, 0x0, 0x0, 0xa, 0xff, 0xd0, 0x8f, 0xfd,
    0x0, 0x0, 0x0, 0x0, 0x0, 0xe, 0xff, 0x60,
    0x0, 0x0, 0x0, 0x0, 0x5, 0xff, 0xf0, 0xaf,
    0xfb, 0x0, 0x0, 0x0, 0x0, 0x0, 0xe, 0xff,
    0x60, 0x0, 0x0, 0x0, 0x0, 0x3, 0xff, 0xf2,
    0xbf, 0xfa, 0x0, 0x0, 0x0, 0x0, 0x0, 0xe,
    0xff, 0x60, 0x0, 0x0, 0x0, 0x0, 0x2, 0xff,
    0xf3, 0xcf, 0xf9, 0x0, 0x0, 0x0, 0x0, 0x0,
    0xd, 0xff, 0x50, 0x0, 0x0, 0x0, 0x0, 0x1,
    0xff, 0xf3, 0xbf, 0xfb, 0x0, 0x0, 0x0, 0x0,
    0x0, 0x4, 0xca, 0x0, 0x0, 0x0, 0x0, 0x0,
    0x3, 0xff, 0xf3, 0x9f, 0xfc, 0x0, 0x0, 0x0,
    0x0, 0x0, 0x0, 0x0, 0x0, 0x0, 0x0, 0x0,
    0x0, 0x4, 0xff, 0xf1, 0x6f, 0xff, 0x0, 0x0,
    0x0, 0x0, 0x0, 0x0, 0x0, 0x0, 0x0, 0x0,
    0x0, 0x0, 0x8, 0xff, 0xe0, 0x3f, 0xff, 0x40,
    0x0, 0x0, 0x0, 0x0, 0x0, 0x0, 0x0, 0x0,
    0x0, 0x0, 0x0, 0xc, 0xff, 0xb0, 0xe, 0xff,
    0xa0, 0x0, 0x0, 0x0, 0x0, 0x0, 0x0, 0x0,
    0x0, 0x0, 0x0, 0x0, 0x2f, 0xff, 0x60, 0x8,
    0xff, 0xf2, 0x0, 0x0, 0x0, 0x0, 0x0, 0x0,
    0x0, 0x0, 0x0, 0x0, 0x0, 0xaf, 0xff, 0x10,
    0x1, 0xff, 0xfb, 0x0, 0x0, 0x0, 0x0, 0x0,
    0x0, 0x0, 0x0, 0x0, 0x0, 0x3, 0xff, 0xf8,
    0x0, 0x0, 0x7f, 0xff, 0x70, 0x0, 0x0, 0x0,
    0x0, 0x0, 0x0, 0x0, 0x0, 0x0, 0x1e, 0xff,
    0xe1, 0x0, 0x0, 0xe, 0xff, 0xf5, 0x0, 0x0,
    0x0, 0x0, 0x0, 0x0, 0x0, 0x0, 0x0, 0xcf,
    0xff, 0x60, 0x0, 0x0, 0x3, 0xff, 0xff, 0x70,
    0x0, 0x0, 0x0, 0x0, 0x0, 0x0, 0x0, 0x1d,
    0xff, 0xfa, 0x0, 0x0, 0x0, 0x0, 0x5f, 0xff,
    0xfa, 0x10, 0x0, 0x0, 0x0, 0x0, 0x0, 0x5,
    0xef, 0xff, 0xc0, 0x0, 0x0, 0x0, 0x0, 0x5,
    0xff, 0xff, 0xf8, 0x30, 0x0, 0x0, 0x0, 0x15,
    0xcf, 0xff, 0xfb, 0x10, 0x0, 0x0, 0x0, 0x0,
    0x0, 0x3e, 0xff, 0xff, 0xfe, 0xb9, 0x88, 0xac,
    0xff, 0xff, 0xff, 0x90, 0x0, 0x0, 0x0, 0x0,
    0x0, 0x0, 0x1, 0x8f, 0xff, 0xff, 0xff, 0xff,
    0xff, 0xff, 0xff, 0xd4, 0x0, 0x0, 0x0, 0x0,
    0x0, 0x0, 0x0, 0x0, 0x2, 0x9f, 0xff, 0xff,
    0xff, 0xff, 0xff, 0xc5, 0x0, 0x0, 0x0, 0x0,
    0x0, 0x0, 0x0, 0x0, 0x0, 0x0, 0x0, 0x48,
    0xbc, 0xdd, 0xc9, 0x62, 0x0, 0x0, 0x0, 0x0,
    0x0, 0x0,

    /* U+E8AD "" */
    0x0, 0x0, 0x0, 0x0, 0x8e, 0xff, 0xff, 0xff,
    0xff, 0xff, 0xff, 0xff, 0xd5, 0x0, 0x0, 0x0,
    0x0, 0x0, 0x0, 0x0, 0x9, 0xff, 0xff, 0xff,
    0xff, 0xff, 0xff, 0xff, 0xff, 0xff, 0x40, 0x0,
    0x0, 0x0, 0x0, 0x0, 0x0, 0x1f, 0xff, 0xff,
    0xff, 0xff, 0xff, 0xff, 0xff, 0xff, 0xff, 0xc0,
    0x0, 0x0, 0x0, 0x0, 0x0, 0x0, 0x3f, 0xff,
    0x65, 0x55, 0x55, 0x55, 0x55, 0x55, 0x59, 0xff,
    0xe0, 0x0, 0x0, 0x0, 0x0, 0x0, 0x0, 0x3f,
    0xff, 0x10, 0x0, 0x0, 0x0, 0x0, 0x0, 0x6,
    0xff, 0xe0, 0x0, 0x0, 0x0, 0x0, 0x0, 0x0,
    0x3f, 0xff, 0x10, 0x0, 0x0, 0x0, 0x0, 0x0,
    0x6, 0xff, 0xe0, 0x0, 0x0, 0x0, 0x0, 0x0,
    0x0, 0x3f, 0xff, 0x10, 0x0, 0x0, 0x0, 0x0,
    0x0, 0x6, 0xff, 0xe0, 0x0, 0x0, 0x0, 0x0,
    0x0, 0x0, 0x3f, 0xff, 0x10, 0x0, 0x0, 0x0,
    0x0, 0x0, 0x6, 0xff, 0xe0, 0x0, 0x0, 0x0,
    0x0, 0x6, 0x9a, 0xbf, 0xff, 0xba, 0xaa, 0xaa,
    0xaa, 0xaa, 0xaa, 0xac, 0xff, 0xfa, 0xa8, 0x30,
    0x0, 0x3, 0xef, 0xff, 0xff, 0xff, 0xff, 0xff,
    0xff, 0xff, 0xff, 0xff, 0xff, 0xff, 0xff, 0xff,
    0xfa, 0x0, 0x1e, 0xff, 0xff, 0xff, 0xff, 0xff,
    0xff, 0xff, 0xff, 0xff, 0xff, 0xff, 0xff, 0xff,
    0xff, 0xff, 0x80, 0x8f, 0xff, 0xda, 0xaa, 0xaa,
    0xaa, 0xaa, 0xaa, 0xaa, 0xaa, 0xaa, 0xaa, 0xaa,
    0xaa, 0xbf, 0xff, 0xf1, 0xcf, 0xfb, 0x0, 0x0,
    0x0, 0x0, 0x0, 0x0, 0x0, 0x0, 0x0, 0x0,
    0x0, 0x64, 0x3, 0xff, 0xf5, 0xef, 0xf7, 0x0,
    0x0, 0x0, 0x0, 0x0, 0x0, 0x0, 0x0, 0x0,
    0x0, 0x8, 0xff, 0x30, 0xef, 0xf6, 0xef, 0xf7,
    0x0, 0x0, 0x0, 0x0, 0x0, 0x0, 0x0, 0x0,
    0x0, 0x0, 0xa, 0xff, 0x50, 0xef, 0xf6, 0xef,
    0xf7, 0x0, 0x0, 0x0, 0x0, 0x0, 0x0, 0x0,
    0x0, 0x0, 0x0, 0x2, 0xb9, 0x0, 0xef, 0xf6,
    0xef, 0xf7, 0x0, 0x0, 0x3, 0x55, 0x55, 0x55,
    0x55, 0x55, 0x55, 0x55, 0x20, 0x0, 0x0, 0xef,
    0xf6, 0xef, 0xf7, 0x0, 0x2, 0xdf, 0xff, 0xff,
    0xff, 0xff, 0xff, 0xff, 0xff, 0xfa, 0x0, 0x0,
    0xef, 0xf6, 0xef, 0xf7, 0x0, 0xc, 0xff, 0xff,
    0xff, 0xff, 0xff, 0xff, 0xff, 0xff, 0xff, 0x80,
    0x0, 0xef, 0xf6, 0xef, 0xf7, 0x0, 0x1f, 0xff,
    0xff, 0xff, 0xff, 0xff, 0xff, 0xff, 0xff, 0xff,
    0xd0, 0x0, 0xef, 0xf6, 0xcf, 0xff, 0xff, 0xff,
    0xff, 0x10, 0x0, 0x0, 0x0, 0x0, 0x0, 0x6,
    0xff, 0xff, 0xff, 0xff, 0xf5, 0x7f, 0xff, 0xff,
    0xff, 0xff, 0x10, 0x0, 0x0, 0x0, 0x0, 0x0,
    0x6, 0xff, 0xff, 0xff, 0xff, 0xe1, 0xa, 0xff,
    0xff, 0xff, 0xff, 0x10, 0x0, 0x0, 0x0, 0x0,
    0x0, 0x6, 0xff, 0xff, 0xff, 0xfe, 0x40, 0x0,
    0x24, 0x55, 0x7f, 0xff, 0x10, 0x0, 0x0, 0x0,
    0x0, 0x0, 0x6, 0xff, 0xf5, 0x55, 0x40, 0x0,
    0x0, 0x0, 0x0, 0x3f, 0xff, 0x10, 0x0, 0x0,
    0x0, 0x0, 0x0, 0x6, 0xff, 0xe0, 0x0, 0x0,
    0x0, 0x0, 0x0, 0x0, 0x3f, 0xff, 0x10, 0x0,
    0x0, 0x0, 0x0, 0x0, 0x6, 0xff, 0xe0, 0x0,
    0x0, 0x0, 0x0, 0x0, 0x0, 0x3f, 0xff, 0x65,
    0x55, 0x55, 0x55, 0x55, 0x55, 0x59, 0xff, 0xe0,
    0x0, 0x0, 0x0, 0x0, 0x0, 0x0, 0x1f, 0xff,
    0xff, 0xff, 0xff, 0xff, 0xff, 0xff, 0xff, 0xff,
    0xc0, 0x0, 0x0, 0x0, 0x0, 0x0, 0x0, 0x9,
    0xff, 0xff, 0xff, 0xff, 0xff, 0xff, 0xff, 0xff,
    0xff, 0x40, 0x0, 0x0, 0x0, 0x0, 0x0, 0x0,
    0x0, 0x8e, 0xff, 0xff, 0xff, 0xff, 0xff, 0xff,
    0xff, 0xd5, 0x0, 0x0, 0x0, 0x0,

    /* U+E8B6 "" */
    0x0, 0x0, 0x0, 0x27, 0xce, 0xfe, 0xda, 0x50,
    0x0, 0x0, 0x0, 0x0, 0x0, 0x0, 0x0, 0x0,
    0x0, 0x19, 0xff, 0xff, 0xff, 0xff, 0xfe, 0x50,
    0x0, 0x0, 0x0, 0x0, 0x0, 0x0, 0x0, 0x3,
    0xef, 0xff, 0xff, 0xff, 0xff, 0xff, 0xf9, 0x0,
    0x0, 0x0, 0x0, 0x0, 0x0, 0x0, 0x2f, 0xff,
    0xff, 0xb7, 0x56, 0x8d, 0xff, 0xff, 0xa0, 0x0,
    0x0, 0x0, 0x0, 0x0, 0x1, 0xef, 0xff, 0xb2,
    0x0, 0x0, 0x0, 0x5e, 0xff, 0xf8, 0x0, 0x0,
    0x0, 0x0, 0x0, 0x9, 0xff, 0xf9, 0x0, 0x0,
    0x0, 0x0, 0x2, 0xef, 0xff, 0x20, 0x0, 0x0,
    0x0, 0x0, 0x1f, 0xff, 0xb0, 0x0, 0x0, 0x0,
    0x0, 0x0, 0x3f, 0xff, 0xa0, 0x0, 0x0, 0x0,
    0x0, 0x7f, 0xff, 0x20, 0x0, 0x0, 0x0, 0x0,
    0x0, 0x9, 0xff, 0xf0, 0x0, 0x0, 0x0, 0x0,
    0xbf, 0xfb, 0x0, 0x0, 0x0, 0x0, 0x0, 0x0,
    0x2, 0xff, 0xf4, 0x0, 0x0, 0x0, 0x0, 0xef,
    0xf7, 0x0, 0x0, 0x0, 0x0, 0x0, 0x0, 0x0,
    0xef, 0xf7, 0x0, 0x0, 0x0, 0x0, 0xff, 0xf5,
    0x0, 0x0, 0x0, 0x0, 0x0, 0x0, 0x0, 0xcf,
    0xf8, 0x0, 0x0, 0x0, 0x0, 0xff, 0xf6, 0x0,
    0x0, 0x0, 0x0, 0x0, 0x0, 0x0, 0xdf, 0xf8,
    0x0, 0x0, 0x0, 0x0, 0xdf, 0xf7, 0x0, 0x0,
    0x0, 0x0, 0x0, 0x0, 0x0, 0xef, 0xf7, 0x0,
    0x0, 0x0, 0x0, 0xbf, 0xfc, 0x0, 0x0, 0x0,
    0x0, 0x0, 0x0, 0x3, 0xff, 0xf3, 0x0, 0x0,
    0x0, 0x0, 0x6f, 0xff, 0x30, 0x0, 0x0, 0x0,
    0x0, 0x0, 0xa, 0xff, 0xe0, 0x0, 0x0, 0x0,
    0x0, 0x1f, 0xff, 0xc0, 0x0, 0x0, 0x0, 0x0,
    0x0, 0x4f, 0xff, 0x80, 0x0, 0x0, 0x0, 0x0,
    0x8, 0xff, 0xfb, 0x0, 0x0, 0x0, 0x0, 0x3,
    0xff, 0xfe, 0x0, 0x0, 0x0, 0x0, 0x0, 0x0,
    0xcf, 0xff, 0xd4, 0x0, 0x0, 0x0, 0x7f, 0xff,
    0xfa, 0x0, 0x0, 0x0, 0x0, 0x0, 0x0, 0x1e,
    0xff, 0xff, 0xd9, 0x88, 0xbf, 0xff, 0xff, 0xff,
    0x90, 0x0, 0x0, 0x0, 0x0, 0x0, 0x1, 0xcf,
    0xff, 0xff, 0xff, 0xff, 0xff, 0xfe, 0xff, 0xf9,
    0x0, 0x0, 0x0, 0x0, 0x0, 0x0, 0x7, 0xff,
    0xff, 0xff, 0xff, 0xfb, 0x23, 0xef, 0xff, 0x80,
    0x0, 0x0, 0x0, 0x0, 0x0, 0x0, 0x5, 0x9b,
    0xdc, 0xb7, 0x20, 0x0, 0x3e, 0xff, 0xf8, 0x0,
    0x0, 0x0, 0x0, 0x0, 0x0, 0x0, 0x0, 0x0,
    0x0, 0x0, 0x0, 0x3, 0xef, 0xff, 0x80, 0x0,
    0x0, 0x0, 0x0, 0x0, 0x0, 0x0, 0x0, 0x0,
    0x0, 0x0, 0x0, 0x3e, 0xff, 0xf8, 0x0, 0x0,
    0x0, 0x0, 0x0, 0x0, 0x0, 0x0, 0x0, 0x0,
    0x0, 0x0, 0x3, 0xef, 0xff, 0x80, 0x0, 0x0,
    0x0, 0x0, 0x0, 0x0, 0x0, 0x0, 0x0, 0x0,
    0x0, 0x0, 0x3e, 0xff, 0xf8, 0x0, 0x0, 0x0,
    0x0, 0x0, 0x0, 0x0, 0x0, 0x0, 0x0, 0x0,
    0x0, 0x3, 0xef, 0xff, 0x80, 0x0, 0x0, 0x0,
    0x0, 0x0, 0x0, 0x0, 0x0, 0x0, 0x0, 0x0,
    0x0, 0x3e, 0xff, 0xf2, 0x0, 0x0, 0x0, 0x0,
    0x0, 0x0, 0x0, 0x0, 0x0, 0x0, 0x0, 0x0,
    0x3, 0xef, 0xf1, 0x0, 0x0, 0x0, 0x0, 0x0,
    0x0, 0x0, 0x0, 0x0, 0x0, 0x0, 0x0, 0x0,
    0x27, 0x20,

    /* U+E8B8 "" */
    0x0, 0x0, 0x0, 0x0, 0x0, 0x0, 0x0, 0x57,
    0x77, 0x75, 0x0, 0x0, 0x0, 0x0, 0x0, 0x0,
    0x0, 0x0, 0x0, 0x0, 0x0, 0x0, 0x0, 0x1e,
    0xff, 0xff, 0xff, 0xe2, 0x0, 0x0, 0x0, 0x0,
    0x0, 0x0, 0x0, 0x0, 0x0, 0x0, 0x0, 0x0,
    0xaf, 0xff, 0xff, 0xff, 0xfa, 0x0, 0x0, 0x0,
    0x0, 0x0, 0x0, 0x0, 0x0, 0x0, 0x0, 0x0,
    0x0, 0xef, 0xfe, 0xee, 0xef, 0xfe, 0x0, 0x0,
    0x0, 0x0, 0x0, 0x0, 0x0, 0x0, 0x0, 0x0,
    0x0, 0x0, 0xff, 0xf4, 0x0, 0x4f, 0xff, 0x10,
    0x0, 0x0, 0x0, 0x0, 0x0, 0x0, 0x0, 0x3,
    0x30, 0x0, 0x3, 0xff, 0xf2, 0x0, 0x2f, 0xff,
    0x30, 0x0, 0x3, 0x30, 0x0, 0x0, 0x0, 0x1,
    0xcf, 0xfe, 0x82, 0x7e, 0xff, 0xf0, 0x0, 0xf,
    0xff, 0xe7, 0x28, 0xef, 0xfc, 0x10, 0x0, 0x0,
    0xa, 0xff, 0xff, 0xff, 0xff, 0xff, 0xe0, 0x0,
    0xe, 0xff, 0xff, 0xff, 0xff, 0xff, 0xa0, 0x0,
    0x0, 0x4f, 0xff, 0xff, 0xff, 0xff, 0xfc, 0x50,
    0x0, 0x5, 0xcf, 0xff, 0xff, 0xff, 0xff, 0xf4,
    0x0, 0x0, 0xdf, 0xff, 0x5a, 0xff, 0xfd, 0x30,
    0x0, 0x0, 0x0, 0x4, 0xdf, 0xff, 0xa5, 0xff,
    0xfd, 0x0, 0x6, 0xff, 0xf7, 0x0, 0x17, 0xa0,
    0x0, 0x0, 0x0, 0x0, 0x0, 0xa, 0x81, 0x0,
    0x7f, 0xff, 0x60, 0xc, 0xff, 0xd0, 0x0, 0x0,
    0x0, 0x0, 0x16, 0x89, 0x61, 0x0, 0x0, 0x0,
    0x0, 0xd, 0xff, 0xc0, 0xc, 0xff, 0xf6, 0x0,
    0x0, 0x0, 0x5, 0xff, 0xff, 0xff, 0x70, 0x0,
    0x0, 0x0, 0x5f, 0xff, 0xc0, 0x6, 0xff, 0xff,
    0xa0, 0x0, 0x0, 0x6f, 0xff, 0xff, 0xff, 0xf8,
    0x0, 0x0, 0x9, 0xff, 0xff, 0x60, 0x0, 0x8f,
    0xff, 0xfd, 0x10, 0x1, 0xff, 0xff, 0xff, 0xff,
    0xff, 0x30, 0x1, 0xdf, 0xff, 0xf8, 0x0, 0x0,
    0x4, 0xef, 0xff, 0x0, 0x7, 0xff, 0xff, 0xff,
    0xff, 0xff, 0xa0, 0x0, 0xff, 0xfe, 0x40, 0x0,
    0x0, 0x0, 0x7f, 0xfd, 0x0, 0xa, 0xff, 0xff,
    0xff, 0xff, 0xff, 0xd0, 0x0, 0xef, 0xf7, 0x0,
    0x0, 0x0, 0x0, 0x7f, 0xfd, 0x0, 0xb, 0xff,
    0xff, 0xff, 0xff, 0xff, 0xe0, 0x0, 0xdf, 0xf7,
    0x0, 0x0, 0x0, 0x0, 0xbf, 0xfe, 0x0, 0x9,
    0xff, 0xff, 0xff, 0xff, 0xff, 0xc0, 0x0, 0xef,
    0xfa, 0x0, 0x0, 0x0, 0x2d, 0xff, 0xff, 0x10,
    0x4, 0xff, 0xff, 0xff, 0xff, 0xff, 0x70, 0x1,
    0xff, 0xff, 0xc2, 0x0, 0x2, 0xef, 0xff, 0xe4,
    0x0, 0x0, 0xbf, 0xff, 0xff, 0xff, 0xfd, 0x0,
    0x0, 0x4e, 0xff, 0xfe, 0x20, 0xa, 0xff, 0xfc,
    0x10, 0x0, 0x0, 0x1c, 0xff, 0xff, 0xff, 0xd2,
    0x0, 0x0, 0x1, 0xcf, 0xff, 0x90, 0xd, 0xff,
    0xd0, 0x0, 0x0, 0x0, 0x0, 0x7d, 0xff, 0xd8,
    0x0, 0x0, 0x0, 0x0, 0xd, 0xff, 0xc0, 0x9,
    0xff, 0xf3, 0x0, 0x1, 0x40, 0x0, 0x0, 0x0,
    0x0, 0x0, 0x3, 0x10, 0x0, 0x3f, 0xff, 0x80,
    0x1, 0xff, 0xfc, 0x3, 0xaf, 0xf7, 0x0, 0x0,
    0x0, 0x0, 0x0, 0x7f, 0xfa, 0x30, 0xcf, 0xff,
    0x10, 0x0, 0x8f, 0xff, 0xdf, 0xff, 0xff, 0xc5,
    0x0, 0x0, 0x0, 0x5c, 0xff, 0xff, 0xfd, 0xff,
    0xf7, 0x0, 0x0, 0xe, 0xff, 0xff, 0xff, 0xff,
    0xff, 0xc0, 0x0, 0xd, 0xff, 0xff, 0xff, 0xff,
    0xff, 0xd0, 0x0, 0x0, 0x4, 0xff, 0xff, 0xe9,
    0xdf, 0xff, 0xf0, 0x0, 0xf, 0xff, 0xfd, 0x9e,
    0xff, 0xff, 0x30, 0x0, 0x0, 0x0, 0x3a, 0xa6,
    0x0, 0x8, 0xff, 0xf1, 0x0, 0x1f, 0xff, 0x80,
    0x0, 0x6b, 0xa3, 0x0, 0x0, 0x0, 0x0, 0x0,
    0x0, 0x0, 0x1, 0xff, 0xf3, 0x0, 0x3f, 0xff,
    0x20, 0x0, 0x0, 0x0, 0x0, 0x0, 0x0, 0x0,
    0x0, 0x0, 0x0, 0x0, 0xff, 0xf9, 0x77, 0xaf,
    0xff, 0x0, 0x0, 0x0, 0x0, 0x0, 0x0, 0x0,
    0x0, 0x0, 0x0, 0x0, 0x0, 0xcf, 0xff, 0xff,
    0xff, 0xfd, 0x0, 0x0, 0x0, 0x0, 0x0, 0x0,
    0x0, 0x0, 0x0, 0x0, 0x0, 0x0, 0x5f, 0xff,
    0xff, 0xff, 0xf6, 0x0, 0x0, 0x0, 0x0, 0x0,
    0x0, 0x0, 0x0, 0x0, 0x0, 0x0, 0x0, 0x6,
    0xce, 0xee, 0xec, 0x60, 0x0, 0x0, 0x0, 0x0,
    0x0, 0x0,

    /* U+E9E4 "" */
    0x0, 0x0, 0x0, 0x0, 0x0, 0x0, 0x0, 0x24,
    0x44, 0x31, 0x0, 0x0, 0x0, 0x0, 0x0, 0x0,
    0x0, 0x0, 0x0, 0x0, 0x0, 0x0, 0x16, 0xbf,
    0xff, 0xff, 0xff, 0xeb, 0x50, 0x0, 0x0, 0x0,
    0x0, 0x0, 0x0, 0x0, 0x0, 0x0, 0x8, 0xff,
    0xff, 0xff, 0xff, 0xff, 0xff, 0xfc, 0x10, 0x0,
    0x0, 0x0, 0x0, 0x0, 0x0, 0x0, 0x5, 0xef,
    0xff, 0xff, 0xff, 0xff, 0xff, 0xff, 0xff, 0x80,
    0x0, 0x0, 0x0, 0x0, 0x0, 0x0, 0x0, 0x9f,
    0xff, 0xff, 0xc7, 0x32, 0x0, 0x24, 0x9c, 0xda,
    0x10, 0x0, 0x0, 0x0, 0x0, 0x0, 0x0, 0xb,
    0xff, 0xff, 0xa2, 0x0, 0x0, 0x0, 0x0, 0x0,
    0x0, 0x0, 0x0, 0x0, 0x0, 0x0, 0x0, 0x0,
    0xaf, 0xff, 0xe4, 0x0, 0x0, 0x0, 0x0, 0x0,
    0x0, 0x0, 0x0, 0x0, 0x0, 0x0, 0x0, 0x0,
    0x7, 0xff, 0xfd, 0x20, 0x0, 0x0, 0x0, 0x0,
    0x0, 0x0, 0x0, 0x1, 0x0, 0x0, 0x0, 0x0,
    0x0, 0x2f, 0xff, 0xe1, 0x0, 0x0, 0x0, 0x0,
    0x0, 0x0, 0x0, 0x1, 0xaf, 0x50, 0x0, 0x0,
    0x0, 0x0, 0xbf, 0xff, 0x30, 0x0, 0x0, 0x0,
    0x0, 0x0, 0x0, 0x0, 0x4e, 0xfe, 0x10, 0x0,
    0x0, 0x0, 0x4, 0xff, 0xf7, 0x0, 0x0, 0x0,
    0x0, 0x0, 0x0, 0x0, 0x1a, 0xff, 0xf5, 0x0,
    0x0, 0xaa, 0x0, 0xb, 0xff, 0xe0, 0x0, 0x0,
    0x0, 0x0, 0x0, 0x0, 0x4, 0xef, 0xff, 0xb0,
    0x0, 0x8, 0xff, 0x60, 0x1f, 0xff, 0x70, 0x0,
    0x0, 0x0, 0x0, 0x0, 0x1, 0x9f, 0xff, 0xfe,
    0x10, 0x0, 0x9, 0xff, 0xc0, 0x5f, 0xff, 0x20,
    0x0, 0x0, 0x0, 0x0, 0x0, 0x4e, 0xff, 0xff,
    0xf5, 0x0, 0x0, 0x6, 0xff, 0xf1, 0x8f, 0xfe,
    0x0, 0x0, 0x0, 0x0, 0x0, 0x9, 0xff, 0xff,
    0xff, 0xb0, 0x0, 0x0, 0x1, 0xff, 0xf4, 0xaf,
    0xfb, 0x0, 0x0, 0x0, 0x0, 0x1, 0xdf, 0xff,
    0xff, 0xfe, 0x10, 0x0, 0x0, 0x0, 0xef, 0xf7,
    0xbf, 0xfa, 0x0, 0x0, 0x0, 0x0, 0x7, 0xff,
    0xff, 0xff, 0xf5, 0x0, 0x0, 0x0, 0x0, 0xdf,
    0xf8, 0xbf, 0xf9, 0x0, 0x0, 0x0, 0x0, 0x9,
    0xff, 0xff, 0xff, 0xa0, 0x0, 0x0, 0x0, 0x0,
    0xcf, 0xf8, 0xbf, 0xfa, 0x0, 0x0, 0x0, 0x0,
    0x7, 0xff, 0xff, 0xfe, 0x10, 0x0, 0x0, 0x0,
    0x0, 0xdf, 0xf8, 0x9f, 0xfc, 0x0, 0x0, 0x0,
    0x0, 0x0, 0xdf, 0xff, 0xf5, 0x0, 0x0, 0x0,
    0x0, 0x0, 0xff, 0xf6, 0x7f, 0xff, 0x0, 0x0,
    0x0, 0x0, 0x0, 0x18, 0xcb, 0x50, 0x0, 0x0,
    0x0, 0x0, 0x2, 0xff, 0xf3, 0x3f, 0xff, 0x40,
    0x0, 0x0, 0x0, 0x0, 0x0, 0x0, 0x0, 0x0,
    0x0, 0x0, 0x0, 0x7, 0xff, 0xf0, 0xe, 0xff,
    0xa0, 0x0, 0x0, 0x0, 0x0, 0x0, 0x0, 0x0,
    0x0, 0x0, 0x0, 0x0, 0xd, 0xff, 0xb0, 0x9,
    0xff, 0xf2, 0x0, 0x0, 0x0, 0x0, 0x0, 0x0,
    0x0, 0x0, 0x0, 0x0, 0x0, 0x5f, 0xff, 0x60,
    0x2, 0xff, 0xff, 0xff, 0xff, 0xff, 0xff, 0xff,
    0xff, 0xff, 0xff, 0xff, 0xff, 0xff, 0xff, 0xfe,
    0x0, 0x0, 0xaf, 0xff, 0xff, 0xff, 0xff, 0xff,
    0xff, 0xff, 0xff, 0xff, 0xff, 0xff, 0xff, 0xff,
    0xf7, 0x0, 0x0, 0xb, 0xff, 0xff, 0xff, 0xff,
    0xff, 0xff, 0xff, 0xff, 0xff, 0xff, 0xff, 0xff,
    0xff, 0x90, 0x0, 0x0, 0x0, 0x25, 0x55, 0x55,
    0x55, 0x55, 0x55, 0x55, 0x55, 0x55, 0x55, 0x55,
    0x55, 0x42, 0x0, 0x0,

    /* U+F076 "" */
    0x0, 0x0, 0x0, 0x6b, 0xca, 0x40, 0x0, 0x0,
    0x0, 0x0, 0x0, 0x0, 0x0, 0x0, 0x0, 0x0,
    0x0, 0x2d, 0xff, 0xff, 0xfa, 0x0, 0x0, 0x0,
    0x0, 0x0, 0x0, 0x0, 0x0, 0x0, 0x0, 0x0,
    0xdf, 0xff, 0xff, 0xff, 0x80, 0x0, 0x0, 0x0,
    0x0, 0x0, 0x0, 0x0, 0x0, 0x0, 0x6, 0xff,
    0xfc, 0x9e, 0xff, 0xf0, 0x0, 0x3, 0x77, 0x77,
    0x77, 0x77, 0x77, 0x61, 0x0, 0x9, 0xff, 0xd0,
    0x3, 0xff, 0xf4, 0x0, 0x2f, 0xff, 0xff, 0xff,
    0xff, 0xff, 0xfc, 0x0, 0xa, 0xff, 0xa0, 0x0,
    0xff, 0xf5, 0x0, 0x4f, 0xff, 0xff, 0xff, 0xff,
    0xff, 0xfe, 0x0, 0xa, 0xff, 0xa0, 0x0, 0xff,
    0xf5, 0x0, 0x9, 0xee, 0xee, 0xee, 0xee, 0xee,
    0xd5, 0x0, 0xa, 0xff, 0xa0, 0x0, 0xff, 0xf5,
    0x0, 0x0, 0x0, 0x0, 0x0, 0x0, 0x0, 0x0,
    0x0, 0xa, 0xff, 0xa0, 0x0, 0xff, 0xf5, 0x0,
    0x0, 0x0, 0x0, 0x0, 0x0, 0x0, 0x0, 0x0,
    0xa, 0xff, 0xa0, 0x0, 0xff, 0xf5, 0x0, 0x0,
    0x0, 0x0, 0x0, 0x0, 0x0, 0x0, 0x0, 0xa,
    0xff, 0xa0, 0x0, 0xff, 0xf5, 0x0, 0xb, 0xff,
    0xff, 0xff, 0x70, 0x0, 0x0, 0x0, 0xa, 0xff,
    0xa0, 0x0, 0xff, 0xf5, 0x0, 0x4f, 0xff, 0xff,
    0xff, 0xf0, 0x0, 0x0, 0x0, 0xa, 0xff, 0xa0,
    0x0, 0xff, 0xf5, 0x0, 0x1f, 0xff, 0xff, 0xff,
    0xb0, 0x0, 0x0, 0x0, 0xa, 0xff, 0xa0, 0x0,
    0xff, 0xf5, 0x0, 0x1, 0x55, 0x55, 0x54, 0x0,
    0x0, 0x0, 0x0, 0xa, 0xff, 0xa0, 0x0, 0xff,
    0xf5, 0x0, 0x0, 0x0, 0x0, 0x0, 0x0, 0x0,
    0x0, 0x0, 0x3f, 0xff, 0xa0, 0x0, 0xff, 0xfc,
    0x10, 0x0, 0x0, 0x0, 0x0, 0x0, 0x0, 0x0,
    0x3, 0xff, 0xff, 0x90, 0x0, 0xef, 0xff, 0xc0,
    0x0, 0x0, 0x0, 0x0, 0x0, 0x0, 0x0, 0xd,
    0xff, 0xf8, 0x0, 0x0, 0x1c, 0xff, 0xf8, 0x0,
    0x0, 0x0, 0x0, 0x0, 0x0, 0x0, 0x5f, 0xff,
    0x70, 0x0, 0x0, 0x0, 0xcf, 0xff, 0x0, 0x0,
    0x0, 0x0, 0x0, 0x0, 0x0, 0xaf, 0xfd, 0x0,
    0x0, 0x0, 0x0, 0x2f, 0xff, 0x50, 0x0, 0x0,
    0x0, 0x0, 0x0, 0x0, 0xdf, 0xf7, 0x0, 0x0,
    0x0, 0x0, 0xd, 0xff, 0x80, 0x0, 0x0, 0x0,
    0x0, 0x0, 0x0, 0xff, 0xf9, 0x55, 0x55, 0x55,
    0x55, 0x5c, 0xff, 0xa0, 0x0, 0x0, 0x0, 0x0,
    0x0, 0x0, 0xef, 0xff, 0xff, 0xff, 0xff, 0xff,
    0xff, 0xff, 0x90, 0x0, 0x0, 0x0, 0x0, 0x0,
    0x0, 0xcf, 0xff, 0xff, 0xff, 0xff, 0xff, 0xff,
    0xff, 0x70, 0x0, 0x0, 0x0, 0x0, 0x0, 0x0,
    0x8f, 0xff, 0xff, 0xff, 0xff, 0xff, 0xff, 0xff,
    0x20, 0x0, 0x0, 0x0, 0x0, 0x0, 0x0, 0x1f,
    0xff, 0xff, 0xff, 0xff, 0xff, 0xff, 0xfb, 0x0,
    0x0, 0x0, 0x0, 0x0, 0x0, 0x0, 0x6, 0xff,
    0xff, 0xff, 0xff, 0xff, 0xff, 0xf2, 0x0, 0x0,
    0x0, 0x0, 0x0, 0x0, 0x0, 0x0, 0x9f, 0xff,
    0xff, 0xff, 0xff, 0xff, 0x40, 0x0, 0x0, 0x0,
    0x0, 0x0, 0x0, 0x0, 0x0, 0x6, 0xff, 0xff,
    0xff, 0xff, 0xd3, 0x0, 0x0, 0x0, 0x0, 0x0,
    0x0, 0x0, 0x0, 0x0, 0x0, 0x18, 0xce, 0xfe,
    0xb6, 0x0, 0x0, 0x0, 0x0, 0x0, 0x0, 0x0,
    0x0, 0x0,

    /* U+F090 "" */
    0x0, 0x0, 0x0, 0x0, 0x0, 0x0, 0x4, 0x20,
    0x0, 0x0, 0x0, 0x0, 0x0, 0x0, 0x0, 0x0,
    0x0, 0x0, 0x0, 0x0, 0x9f, 0xf3, 0x0, 0x0,
    0x0, 0x0, 0x0, 0x0, 0x0, 0x0, 0x0, 0x0,
    0x0, 0x0, 0xef, 0xf7, 0x0, 0x0, 0x0, 0x0,
    0x0, 0x0, 0x0, 0x0, 0x0, 0x0, 0x0, 0x0,
    0xef, 0xf7, 0x0, 0x0, 0x0, 0x0, 0x0, 0x0,
    0x0, 0x0, 0x0, 0x0, 0x0, 0x0, 0xef, 0xf7,
    0x0, 0x0, 0x0, 0x0, 0x0, 0x0, 0x0, 0x0,
    0x0, 0x0, 0x0, 0x0, 0xef, 0xf7, 0x0, 0x0,
    0x0, 0x0, 0x0, 0x0, 0x0, 0x0, 0x0, 0x0,
    0x0, 0x0, 0xef, 0xf7, 0x0, 0x0, 0x0, 0x0,
    0x0, 0x0, 0x0, 0x0, 0x0, 0x0, 0x0, 0x0,
    0xef, 0xf7, 0x0, 0x0, 0x0, 0x0, 0x0, 0x0,
    0x0, 0x0, 0x0, 0x0, 0x0, 0x0, 0xef, 0xf7,
    0x0, 0x0, 0x0, 0x0, 0x0, 0x0, 0x0, 0x0,
    0x0, 0x0, 0x0, 0x0, 0xef, 0xf7, 0x0, 0x0,
    0x0, 0x0, 0x0, 0x0, 0x0, 0x0, 0x0, 0x4,
    0x20, 0x0, 0xef, 0xf7, 0x0, 0x4, 0x20, 0x0,
    0x0, 0x0, 0x0, 0x0, 0x0, 0x9f, 0xf5, 0x0,
    0xef, 0xf7, 0x0, 0xbf, 0xf2, 0x0, 0x0, 0x0,
    0x0, 0x0, 0x0, 0xdf, 0xff, 0x50, 0xef, 0xf7,
    0xc, 0xff, 0xf5, 0x0, 0x0, 0x0, 0x0, 0x0,
    0x0, 0x5f, 0xff, 0xf5, 0xef, 0xf7, 0xcf, 0xff,
    0xd1, 0x0, 0x0, 0x0, 0x0, 0x0, 0x0, 0x6,
    0xff, 0xff, 0xff, 0xff, 0xff, 0xfd, 0x10, 0x0,
    0x0, 0x0, 0x0, 0x0, 0x0, 0x0, 0x6f, 0xff,
    0xff, 0xff, 0xff, 0xd1, 0x0, 0x0, 0x0, 0x0,
    0x0, 0x0, 0x0, 0x0, 0x6, 0xff, 0xff, 0xff,
    0xfd, 0x10, 0x0, 0x0, 0x0, 0x0, 0x0, 0x0,
    0x0, 0x0, 0x0, 0x6f, 0xff, 0xff, 0xd1, 0x0,
    0x0, 0x0, 0x0, 0x0, 0x0, 0x0, 0x0, 0x0,
    0x0, 0x6, 0xff, 0xfd, 0x10, 0x0, 0x0, 0x0,
    0x0, 0x0, 0xb, 0xf7, 0x0, 0x0, 0x0, 0x0,
    0x5e, 0xc1, 0x0, 0x0, 0x0, 0x0, 0x7f, 0xb0,
    0x4f, 0xff, 0x0, 0x0, 0x0, 0x0, 0x0, 0x0,
    0x0, 0x0, 0x0, 0x0, 0xff, 0xf4, 0x5f, 0xff,
    0x0, 0x0, 0x0, 0x0, 0x0, 0x0, 0x0, 0x0,
    0x0, 0x0, 0xff, 0xf5, 0x5f, 0xff, 0x0, 0x0,
    0x0, 0x0, 0x0, 0x0, 0x0, 0x0, 0x0, 0x0,
    0xff, 0xf5, 0x5f, 0xff, 0x0, 0x0, 0x0, 0x0,
    0x0, 0x0, 0x0, 0x0, 0x0, 0x0, 0xff, 0xf5,
    0x3f, 0xff, 0xff, 0xff, 0xff, 0xff, 0xff, 0xff,
    0xff, 0xff, 0xff, 0xff, 0xff, 0xf3, 0xe, 0xff,
    0xff, 0xff, 0xff, 0xff, 0xff, 0xff, 0xff, 0xff,
    0xff, 0xff, 0xff, 0xe0, 0x3, 0xef, 0xff, 0xff,
    0xff, 0xff, 0xff, 0xff, 0xff, 0xff, 0xff, 0xff,
    0xfe, 0x30, 0x0, 0x3, 0x55, 0x55, 0x55, 0x55,
    0x55, 0x55, 0x55, 0x55, 0x55, 0x55, 0x30, 0x0
};


/*---------------------
 *  GLYPH DESCRIPTION
 *--------------------*/

static const lv_font_fmt_txt_glyph_dsc_t glyph_dsc[] = {
    {.bitmap_index = 0, .adv_w = 0, .box_w = 0, .box_h = 0, .ofs_x = 0, .ofs_y = 0} /* id = 0 reserved */,
    {.bitmap_index = 0, .adv_w = 640, .box_w = 34, .box_h = 34, .ofs_x = 3, .ofs_y = 3},
    {.bitmap_index = 578, .adv_w = 640, .box_w = 36, .box_h = 30, .ofs_x = 2, .ofs_y = 5},
    {.bitmap_index = 1118, .adv_w = 640, .box_w = 30, .box_h = 28, .ofs_x = 5, .ofs_y = 6},
    {.bitmap_index = 1538, .adv_w = 640, .box_w = 24, .box_h = 24, .ofs_x = 8, .ofs_y = 8},
    {.bitmap_index = 1826, .adv_w = 640, .box_w = 17, .box_h = 22, .ofs_x = 13, .ofs_y = 9},
    {.bitmap_index = 2013, .adv_w = 640, .box_w = 20, .box_h = 20, .ofs_x = 10, .ofs_y = 10},
    {.bitmap_index = 2213, .adv_w = 640, .box_w = 24, .box_h = 24, .ofs_x = 8, .ofs_y = 8},
    {.bitmap_index = 2501, .adv_w = 640, .box_w = 30, .box_h = 20, .ofs_x = 5, .ofs_y = 10},
    {.bitmap_index = 2801, .adv_w = 640, .box_w = 30, .box_h = 20, .ofs_x = 5, .ofs_y = 10},
    {.bitmap_index = 3101, .adv_w = 640, .box_w = 18, .box_h = 34, .ofs_x = 11, .ofs_y = 3},
    {.bitmap_index = 3407, .adv_w = 640, .box_w = 18, .box_h = 34, .ofs_x = 11, .ofs_y = 3},
    {.bitmap_index = 3713, .adv_w = 640, .box_w = 21, .box_h = 32, .ofs_x = 8, .ofs_y = 4},
    {.bitmap_index = 4049, .adv_w = 640, .box_w = 24, .box_h = 34, .ofs_x = 8, .ofs_y = 3},
    {.bitmap_index = 4457, .adv_w = 640, .box_w = 28, .box_h = 34, .ofs_x = 6, .ofs_y = 3},
    {.bitmap_index = 4933, .adv_w = 640, .box_w = 28, .box_h = 27, .ofs_x = 6, .ofs_y = 6},
    {.bitmap_index = 5311, .adv_w = 640, .box_w = 34, .box_h = 28, .ofs_x = 3, .ofs_y = 6},
    {.bitmap_index = 5787, .adv_w = 640, .box_w = 30, .box_h = 30, .ofs_x = 5, .ofs_y = 5},
    {.bitmap_index = 6237, .adv_w = 640, .box_w = 34, .box_h = 30, .ofs_x = 3, .ofs_y = 5},
    {.bitmap_index = 6747, .adv_w = 640, .box_w = 30, .box_h = 30, .ofs_x = 5, .ofs_y = 5},
    {.bitmap_index = 7197, .adv_w = 640, .box_w = 34, .box_h = 34, .ofs_x = 3, .ofs_y = 3},
    {.bitmap_index = 7775, .adv_w = 640, .box_w = 30, .box_h = 30, .ofs_x = 5, .ofs_y = 5},
    {.bitmap_index = 8225, .adv_w = 640, .box_w = 28, .box_h = 31, .ofs_x = 6, .ofs_y = 5},
    {.bitmap_index = 8659, .adv_w = 640, .box_w = 26, .box_h = 20, .ofs_x = 7, .ofs_y = 10},
    {.bitmap_index = 8919, .adv_w = 640, .box_w = 22, .box_h = 22, .ofs_x = 9, .ofs_y = 9},
    {.bitmap_index = 9161, .adv_w = 640, .box_w = 20, .box_h = 11, .ofs_x = 10, .ofs_y = 15},
    {.bitmap_index = 9271, .adv_w = 640, .box_w = 20, .box_h = 11, .ofs_x = 10, .ofs_y = 15},
    {.bitmap_index = 9381, .adv_w = 640, .box_w = 28, .box_h = 28, .ofs_x = 6, .ofs_y = 6},
    {.bitmap_index = 9773, .adv_w = 640, .box_w = 28, .box_h = 34, .ofs_x = 6, .ofs_y = 3},
    {.bitmap_index = 10249, .adv_w = 640, .box_w = 28, .box_h = 28, .ofs_x = 6, .ofs_y = 6},
    {.bitmap_index = 10641, .adv_w = 640, .box_w = 38, .box_h = 29, .ofs_x = 1, .ofs_y = 5},
    {.bitmap_index = 11192, .adv_w = 640, .box_w = 38, .box_h = 32, .ofs_x = 1, .ofs_y = 3},
    {.bitmap_index = 11800, .adv_w = 640, .box_w = 28, .box_h = 34, .ofs_x = 6, .ofs_y = 3},
    {.bitmap_index = 12276, .adv_w = 640, .box_w = 34, .box_h = 34, .ofs_x = 3, .ofs_y = 3},
    {.bitmap_index = 12854, .adv_w = 640, .box_w = 28, .box_h = 30, .ofs_x = 6, .ofs_y = 5},
    {.bitmap_index = 13274, .adv_w = 640, .box_w = 34, .box_h = 34, .ofs_x = 3, .ofs_y = 3},
    {.bitmap_index = 13852, .adv_w = 640, .box_w = 28, .box_h = 30, .ofs_x = 6, .ofs_y = 5},
    {.bitmap_index = 14272, .adv_w = 640, .box_w = 34, .box_h = 34, .ofs_x = 3, .ofs_y = 3},
    {.bitmap_index = 14850, .adv_w = 640, .box_w = 34, .box_h = 34, .ofs_x = 3, .ofs_y = 3},
    {.bitmap_index = 15428, .adv_w = 640, .box_w = 34, .box_h = 30, .ofs_x = 3, .ofs_y = 5},
    {.bitmap_index = 15938, .adv_w = 640, .box_w = 30, .box_h = 30, .ofs_x = 5, .ofs_y = 5},
    {.bitmap_index = 16388, .adv_w = 640, .box_w = 34, .box_h = 34, .ofs_x = 3, .ofs_y = 3},
    {.bitmap_index = 16966, .adv_w = 640, .box_w = 34, .box_h = 28, .ofs_x = 3, .ofs_y = 6},
    {.bitmap_index = 17442, .adv_w = 640, .box_w = 30, .box_h = 30, .ofs_x = 5, .ofs_y = 5},
    {.bitmap_index = 17892, .adv_w = 640, .box_w = 28, .box_h = 28, .ofs_x = 6, .ofs_y = 6}
};

/*---------------------
 *  CHARACTER MAPPING
 *--------------------*/

static const uint16_t unicode_list_0[] = {
    0x0, 0x2, 0x1c, 0x34, 0x37, 0x47, 0x145, 0x152,
    0x164, 0x19c, 0x1a4, 0x1a7, 0x1e0, 0x24d, 0x2c6, 0x2c7,
    0x3ad, 0x3b0, 0x3c9, 0x40a, 0x429, 0x53b, 0x5ca, 0x5cd,
    0x5ce, 0x5cf, 0x5d5, 0x623, 0x627, 0x63e, 0x648, 0x7f4,
    0x86c, 0x872, 0x887, 0x88a, 0x88e, 0x8ac, 0x8ad, 0x8b6,
    0x8b8, 0x9e4, 0x1076, 0x1090
};

/*Collect the unicode lists and glyph_id offsets*/
static const lv_font_fmt_txt_cmap_t cmaps[] =
{
    {
        .range_start = 57344, .range_length = 4241, .glyph_id_start = 1,
        .unicode_list = unicode_list_0, .glyph_id_ofs_list = NULL, .list_length = 44, .type = LV_FONT_FMT_TXT_CMAP_SPARSE_TINY
    }
};



/*--------------------
 *  ALL CUSTOM DATA
 *--------------------*/

#if LVGL_VERSION_MAJOR == 8
/*Store all the custom data of the font*/
static  lv_font_fmt_txt_glyph_cache_t cache;
#endif

#if LVGL_VERSION_MAJOR >= 8
static const lv_font_fmt_txt_dsc_t font_dsc = {
#else
static lv_font_fmt_txt_dsc_t font_dsc = {
#endif
    .glyph_bitmap = glyph_bitmap,
    .glyph_dsc = glyph_dsc,
    .cmaps = cmaps,
    .kern_dsc = NULL,
    .kern_scale = 0,
    .cmap_num = 1,
    .bpp = 4,
    .kern_classes = 0,
    .bitmap_format = 0,
#if LVGL_VERSION_MAJOR == 8
    .cache = &cache
#endif
};



/*-----------------
 *  PUBLIC FONT
 *----------------*/

/*Initialize a public general font descriptor*/
#if LVGL_VERSION_MAJOR >= 8
const lv_font_t material_symbols_40 = {
#else
lv_font_t material_symbols_40 = {
#endif
    .get_glyph_dsc = lv_font_get_glyph_dsc_fmt_txt,    /*Function pointer to get glyph's data*/
    .get_glyph_bitmap = lv_font_get_bitmap_fmt_txt,    /*Function pointer to get glyph's bitmap*/
    .line_height = 34,          /*The maximum line height required by the font*/
    .base_line = -3,             /*Baseline measured from the bottom of the line*/
#if !(LVGL_VERSION_MAJOR == 6 && LVGL_VERSION_MINOR == 0)
    .subpx = LV_FONT_SUBPX_NONE,
#endif
#if LV_VERSION_CHECK(7, 4, 0) || LVGL_VERSION_MAJOR >= 8
    .underline_position = 0,
    .underline_thickness = 0,
#endif
    .dsc = &font_dsc,          /*The custom font data. Will be accessed by `get_glyph_bitmap/dsc` */
#if LV_VERSION_CHECK(8, 2, 0) || LVGL_VERSION_MAJOR >= 9
    .fallback = NULL,
#endif
    .user_data = NULL,
};



#endif /*#if MATERIAL_SYMBOLS_40*/

